# Blender 4.5.14 LTS
# www.blender.org
mtllib tsar.mtl
o tsar
v -1.863611 0.635705 0.578094
v -2.098414 0.642531 0.571237
v -2.099745 0.618167 0.619268
v -1.864623 0.617162 0.614649
v -2.097270 0.570805 0.644821
v -1.862740 0.581115 0.634097
v -2.091652 0.513135 0.641050
v -1.858464 0.537224 0.631227
v -2.085332 0.466264 0.614492
v -1.853950 0.503337 0.612760
v -1.806135 0.585110 0.537187
v -1.807321 0.589535 0.547590
v -1.808830 0.591165 0.565786
v -1.809250 0.583473 0.580950
v -1.808469 0.568521 0.589017
v -1.806695 0.550314 0.587826
v -1.805412 0.539821 0.583649
v -1.859972 0.631775 0.534227
v -2.093634 0.637368 0.513600
v -1.855692 0.612516 0.500754
v -1.828672 0.617706 0.539960
v -1.825506 0.603788 0.514795
v -1.831544 0.620807 0.574583
v -1.832343 0.606172 0.603435
v -1.830856 0.577722 0.618784
v -1.827481 0.543080 0.616519
v -1.824131 0.517618 0.603197
v -2.087621 0.609716 0.467325
v -2.141077 0.597308 0.470969
v -2.146368 0.621500 0.511863
v -2.162082 0.564240 0.501247
v -2.164362 0.574001 0.519696
v -2.150652 0.626127 0.563514
v -2.166575 0.576390 0.546373
v -2.151845 0.604294 0.606555
v -2.167191 0.565114 0.568603
v -2.149627 0.561851 0.629454
v -2.166045 0.543193 0.580430
v -2.144592 0.510171 0.626075
v -2.163445 0.516501 0.578685
v -2.139026 0.468756 0.602850
v -2.161023 0.497845 0.569361
v 0.955155 0.759225 0.642473
v 0.955156 0.827974 0.671655
v 0.955155 0.912615 0.553176
v 0.955155 1.031451 0.273215
v 0.955155 1.057882 0.130027
v 0.955155 0.989133 0.100845
v 1.109025 1.057882 0.130027
v 1.109025 0.989133 0.100845
v 1.109025 1.031451 0.273215
v 1.109025 0.912615 0.553176
v 1.109025 0.827974 0.671655
v 1.109025 0.759225 0.642473
v 1.082144 1.031451 0.273215
v 0.982037 1.031451 0.273215
v 0.982037 1.090056 0.353570
v 1.082144 1.090056 0.353570
v 0.982037 1.082111 0.505154
v 1.082143 1.082111 0.505154
v 0.982037 0.912615 0.553176
v 1.082143 0.912615 0.553176
v 1.082144 1.071492 0.382580
v 1.082144 1.008010 0.328440
v 0.982037 1.071492 0.382581
v 0.982037 1.008010 0.328439
v 1.082144 1.066682 0.474362
v 1.082144 0.936056 0.497951
v 0.982037 0.936056 0.497951
v 0.982037 1.066682 0.474362
v 0.000000 -0.000000 -1.032090
v 2.064181 -0.000000 -1.032090
v 2.064181 -0.318933 -0.981576
v 0.000000 -0.318934 -0.981576
v 2.064180 -0.606647 -0.834979
v 0.000000 -0.606648 -0.834979
v 2.064181 -0.834978 -0.606647
v 0.000000 -0.834979 -0.606647
v 2.064181 -0.981576 -0.318933
v 0.000000 -0.981576 -0.318933
v 2.064181 -1.032090 0.000000
v 0.000000 -1.032090 0.000000
v 2.064181 -0.981576 0.318934
v 0.000000 -0.981576 0.318933
v 2.064181 -0.834978 0.606647
v 0.000000 -0.834979 0.606647
v 2.064181 -0.606647 0.834979
v 0.000000 -0.606647 0.834979
v 2.064181 -0.318933 0.981576
v 0.000000 -0.318934 0.981576
v 2.064181 0.000000 1.032090
v 0.000000 0.000000 1.032090
v 2.064181 0.318934 0.981576
v 0.000000 0.318933 0.981576
v 0.000000 0.606647 0.834979
v 2.064181 0.606648 0.834979
v 2.064180 0.834979 0.606647
v 0.000000 0.834979 0.606647
v 2.064180 0.981576 0.318934
v 0.000000 0.981576 0.318934
v 2.064180 1.032090 -0.000000
v 0.000000 1.032090 -0.000000
v 2.064181 0.981576 -0.318933
v 0.000000 0.981576 -0.318933
v 2.064181 0.834979 -0.606647
v 0.000000 0.834978 -0.606647
v 2.064181 0.606647 -0.834978
v 0.000000 0.606647 -0.834978
v 2.811528 -0.509791 -0.701667
v 2.811528 -0.701667 -0.509791
v 0.000000 0.318933 -0.981576
v 2.064181 0.318933 -0.981576
v -2.467910 -0.700320 -0.227548
v -2.467910 -0.595728 -0.432822
v 2.811528 -0.509791 0.701667
v 2.811528 -0.701667 0.509791
v 3.278479 -0.519114 0.377158
v 3.278479 -0.377158 0.519114
v 2.811528 -0.000000 -0.867308
v 2.811528 -0.268013 -0.824859
v 2.811528 0.509791 0.701667
v 2.811528 0.701667 0.509791
v 2.811528 0.701667 -0.509791
v 2.811528 0.509791 -0.701667
v 2.811528 -0.867308 0.000000
v 2.811528 -0.824859 0.268013
v 2.811528 0.000000 0.867308
v 2.811528 0.268013 0.824859
v 2.811528 0.867308 -0.000000
v 2.811528 0.824859 -0.268013
v 2.811528 -0.824859 -0.268013
v 2.811528 -0.268013 0.824859
v 2.811528 0.824859 0.268013
v 2.811528 0.268013 -0.824859
v 3.278479 -0.641660 0.000000
v 3.278479 -0.610255 -0.198284
v 3.530104 -0.320896 -0.104265
v 3.530104 -0.337410 0.000000
v 3.278479 -0.000000 -0.641660
v 3.278479 -0.198284 -0.610255
v 3.278479 0.641660 -0.000000
v 3.278479 0.610255 -0.198284
v 3.278479 -0.198284 0.610255
v 3.278479 -0.377158 -0.519114
v 3.278479 0.519114 -0.377158
v 3.278479 0.000000 0.641660
v 3.278479 -0.519114 -0.377158
v 3.278479 0.377158 -0.519114
v 3.278479 0.198284 0.610255
v 3.278479 0.198284 -0.610255
v 3.278479 0.377159 0.519114
v 3.278479 0.519114 0.377158
v 3.278479 -0.610255 0.198284
v 3.278479 0.610255 0.198284
v 3.530103 0.337410 0.000000
v 3.530103 0.320896 0.104265
v 3.593832 0.161198 0.052376
v 3.593831 0.169494 0.000000
v 3.530103 0.104266 -0.320896
v 3.530103 -0.000000 -0.337410
v 3.530104 0.198325 0.272970
v 3.530104 0.272971 0.198325
v 3.530103 -0.320896 0.104265
v 3.530104 -0.272970 0.198325
v 3.530104 -0.198324 0.272971
v 3.530104 -0.104265 -0.320896
v 3.530104 0.320896 -0.104266
v 3.530104 -0.104265 0.320896
v 3.530104 -0.198324 -0.272971
v 3.530103 0.272971 -0.198325
v 3.530103 0.000000 0.337410
v 3.530103 -0.272970 -0.198325
v 3.530103 0.198325 -0.272970
v 3.530103 0.104266 0.320896
v 3.593832 -0.052376 -0.161198
v 3.593832 -0.000000 -0.169493
v 3.593831 0.052377 -0.161198
v 3.593832 0.099626 -0.137123
v 3.593832 0.137123 -0.099626
v 3.593832 0.161198 -0.052376
v 3.593832 0.137123 0.099626
v 3.593832 0.099626 0.137123
v 3.593832 0.052377 0.161198
v 3.593832 0.000000 0.169493
v 3.593832 -0.052376 0.161198
v 3.593831 -0.099625 0.137123
v 3.593832 -0.137123 0.099626
v 3.593832 -0.161197 0.052376
v 3.593832 -0.169493 0.000000
v 3.593832 -0.161197 -0.052376
v 3.593832 -0.137123 -0.099626
v 3.593832 -0.099625 -0.137123
v -2.467910 0.700320 0.227548
v -2.467910 0.736360 -0.000000
v -4.493086 0.736359 -0.000000
v -4.493086 0.700319 0.227548
v -2.467910 -0.227548 0.700320
v -2.467910 -0.432822 0.595728
v -2.467910 0.595728 0.432822
v -2.467910 0.227548 -0.700320
v -2.467910 0.432822 -0.595728
v -2.467910 -0.432822 -0.595728
v -2.467910 -0.227548 -0.700320
v -2.467910 -0.595728 0.432822
v -2.467910 -0.700320 0.227548
v -2.467910 0.432822 0.595728
v -2.467910 0.227548 0.700320
v -2.467910 0.595728 -0.432821
v -2.467910 0.700320 -0.227548
v -2.467910 -0.736360 0.000000
v -2.467910 0.000000 0.736360
v -2.467910 -0.000000 -0.736360
v -4.493086 0.700319 -0.227548
v -4.493085 0.595727 -0.432821
v -4.493085 0.534429 -0.388286
v -4.493086 0.628259 -0.204134
v -4.493086 -0.432823 0.595728
v -4.493085 -0.595729 0.432822
v -4.493086 -0.227549 -0.700320
v -4.493085 -0.000001 -0.736360
v -4.493086 -0.227549 0.700320
v -4.493086 -0.432823 -0.595728
v -4.493086 -0.000001 0.736360
v -4.493086 -0.595729 -0.432822
v -4.493086 0.432821 -0.595728
v -4.493086 0.227547 0.700320
v -4.493086 -0.700321 -0.227548
v -4.493086 0.227547 -0.700320
v -4.493086 0.432821 0.595728
v -4.493085 -0.736361 0.000000
v -4.493086 0.595727 0.432822
v -4.493085 -0.700321 0.227548
v -4.493086 0.388285 -0.534430
v -4.493086 0.204133 -0.628260
v -2.467910 0.204133 -0.628260
v -2.467910 0.388285 -0.534430
v -4.493086 -0.000001 0.660592
v -4.493086 -0.204135 0.628260
v -4.493086 -0.534431 -0.388286
v -4.493086 -0.388287 -0.534430
v -4.493086 0.204133 0.628260
v -4.493085 -0.628261 -0.204134
v -4.493086 0.388285 0.534430
v -4.493086 -0.660593 0.000000
v -4.493086 -0.000001 -0.660592
v -4.493085 0.534429 0.388286
v -4.493085 -0.628261 0.204134
v -4.493086 0.628259 0.204134
v -4.493086 -0.534431 0.388286
v -4.493086 0.660591 -0.000000
v -4.493086 -0.388287 0.534430
v -4.493086 -0.204135 -0.628260
v -2.467910 -0.000001 -0.660592
v -2.467910 -0.204135 -0.628260
v -2.467910 -0.388287 -0.534430
v -2.467910 -0.534431 -0.388286
v -2.467910 -0.628261 -0.204134
v -2.467910 -0.660593 0.000000
v -2.467910 -0.628261 0.204134
v -2.467910 -0.534431 0.388286
v -2.467910 -0.388287 0.534430
v -2.467910 -0.204135 0.628260
v -2.467910 -0.000001 0.660592
v -2.467910 0.204133 0.628260
v -2.467910 0.388285 0.534430
v -2.467910 0.534429 0.388286
v -2.467910 0.628259 0.204134
v -2.467910 0.660591 -0.000000
v -2.467910 0.628259 -0.204134
v -2.467910 0.534429 -0.388286
v 3.346062 -0.000000 -0.551802
v 3.521804 -0.000000 -0.551802
v 3.521805 -0.064914 -0.524914
v 3.346062 -0.064914 -0.524914
v 3.559561 -0.000000 -0.533620
v 3.574166 -0.000000 -0.500856
v 3.574166 -0.028890 -0.488889
v 3.559561 -0.052057 -0.512057
v 3.521804 -0.091802 -0.460000
v 3.346061 -0.091802 -0.460000
v 3.574166 -0.040856 -0.460000
v 3.559561 -0.073620 -0.460000
v 3.521804 -0.064914 -0.395086
v 3.346062 -0.064914 -0.395086
v 3.574166 -0.028890 -0.431111
v 3.559561 -0.052057 -0.407943
v 3.521804 -0.000000 -0.368198
v 3.346061 -0.000000 -0.368198
v 3.574166 -0.000000 -0.419144
v 3.559561 -0.000000 -0.386380
v 3.559561 0.052057 -0.407943
v 3.521804 0.064914 -0.395086
v 3.346061 0.064914 -0.395086
v 3.574166 0.028889 -0.431110
v 3.559561 0.073620 -0.460000
v 3.521804 0.091802 -0.460000
v 3.346062 0.091802 -0.460000
v 3.574166 0.040856 -0.460000
v 3.559561 0.052057 -0.512057
v 3.521804 0.064914 -0.524914
v 3.574166 0.028889 -0.488889
v 3.346062 0.064914 -0.524914
v 3.346062 0.000000 0.368198
v 3.521804 0.000000 0.368198
v 3.521804 -0.064914 0.395086
v 3.346062 -0.064914 0.395086
v 3.559561 0.000000 0.386380
v 3.574166 0.000000 0.419144
v 3.574166 -0.028890 0.431111
v 3.559561 -0.052057 0.407943
v 3.521804 -0.091802 0.460000
v 3.346062 -0.091802 0.460000
v 3.574166 -0.040856 0.460000
v 3.559561 -0.073620 0.460000
v 3.521805 -0.064914 0.524914
v 3.346062 -0.064914 0.524914
v 3.574166 -0.028889 0.488889
v 3.559561 -0.052057 0.512057
v 3.521804 0.000000 0.551802
v 3.346062 0.000000 0.551802
v 3.574165 0.000000 0.500856
v 3.559561 0.000000 0.533620
v 3.559561 0.052057 0.512057
v 3.521804 0.064914 0.524914
v 3.346061 0.064914 0.524914
v 3.574166 0.028889 0.488889
v 3.559561 0.073620 0.460000
v 3.521805 0.091802 0.460000
v 3.346062 0.091802 0.460000
v 3.574166 0.040856 0.460000
v 3.559561 0.052057 0.407943
v 3.521805 0.064914 0.395086
v 3.574166 0.028889 0.431111
v 3.346062 0.064914 0.395086
v 0.955156 0.759225 -0.642473
v 0.955156 0.989133 -0.100845
v 0.955155 1.057882 -0.130027
v 0.955155 1.031451 -0.273215
v 0.955156 0.912615 -0.553176
v 0.955155 0.827974 -0.671655
v 1.109025 0.989133 -0.100845
v 1.109025 1.057882 -0.130027
v 1.109025 0.759225 -0.642473
v 1.109025 0.827974 -0.671655
v 1.109025 0.912615 -0.553176
v 1.109025 1.031451 -0.273215
v 1.082144 1.031451 -0.273215
v 1.082143 1.090055 -0.353570
v 0.982037 1.090055 -0.353570
v 0.982037 1.031451 -0.273215
v 1.082144 1.082111 -0.505154
v 0.982037 1.082111 -0.505154
v 0.982037 0.912615 -0.553176
v 1.082144 0.912615 -0.553176
v 1.082144 1.008010 -0.328439
v 1.082144 1.071492 -0.382581
v 0.982037 1.008010 -0.328439
v 0.982037 1.071492 -0.382580
v 1.082144 1.066682 -0.474362
v 1.082144 0.936056 -0.497951
v 0.982037 1.066682 -0.474362
v 0.982037 0.936056 -0.497951
v 1.032090 0.028989 1.006440
v 1.032090 -0.042388 1.079144
v 1.095817 -0.059252 1.076465
v 1.125359 0.004307 1.002519
v 1.142467 -0.105325 1.069146
v 1.193637 -0.063125 0.991806
v 1.159543 -0.168262 1.059147
v 1.218629 -0.155239 0.977173
v 1.142467 -0.231199 1.049149
v 1.193638 -0.247354 0.962539
v 1.095817 -0.277272 1.041829
v 1.125360 -0.314786 0.951826
v 1.032090 -0.294136 1.039150
v 1.032090 -0.339468 0.947905
v 0.968364 -0.277273 1.041829
v 0.938821 -0.314786 0.951826
v 0.921713 -0.231199 1.049149
v 0.870543 -0.247354 0.962539
v 0.904638 -0.168262 1.059147
v 0.845552 -0.155239 0.977173
v 0.921713 -0.105325 1.069146
v 0.870543 -0.063125 0.991806
v 0.954826 -0.212318 1.052148
v 0.942873 -0.168262 1.059147
v 0.968364 -0.059252 1.076465
v 0.938821 0.004307 1.002519
v 1.076699 -0.091955 1.071270
v 1.032090 -0.080151 1.073145
v 1.032090 -0.074476 1.037426
v 1.076698 -0.086281 1.035550
v 0.987482 -0.244569 1.047024
v 1.032090 -0.256374 1.045149
v 1.076699 -0.244569 1.047024
v 1.109354 -0.212318 1.052148
v 1.121307 -0.168262 1.059147
v 0.987482 -0.091955 1.071270
v 1.109354 -0.124207 1.066146
v 0.954826 -0.124207 1.066146
v 0.987482 -0.086281 1.035550
v 0.954826 -0.118532 1.030426
v 0.942873 -0.162588 1.023427
v 0.954826 -0.206644 1.016428
v 0.987482 -0.238895 1.011305
v 1.032090 -0.250700 1.009429
v 1.076699 -0.238895 1.011305
v 1.109354 -0.206644 1.016428
v 1.121307 -0.162588 1.023427
v 1.109354 -0.118532 1.030427
v 1.032090 0.028989 -1.006440
v 1.125360 0.004307 -1.002519
v 1.095816 -0.059252 -1.076465
v 1.032090 -0.042388 -1.079144
v 1.193638 -0.063125 -0.991807
v 1.142467 -0.105325 -1.069146
v 1.218629 -0.155239 -0.977173
v 1.159543 -0.168262 -1.059147
v 1.193638 -0.247353 -0.962539
v 1.142467 -0.231199 -1.049149
v 1.125360 -0.314785 -0.951826
v 1.095817 -0.277272 -1.041829
v 1.032090 -0.339467 -0.947905
v 1.032090 -0.294136 -1.039150
v 0.938821 -0.314785 -0.951826
v 0.968364 -0.277272 -1.041829
v 0.870543 -0.247353 -0.962539
v 0.921713 -0.231199 -1.049149
v 0.845552 -0.155239 -0.977173
v 0.904638 -0.168262 -1.059147
v 0.870543 -0.063125 -0.991806
v 0.921713 -0.105325 -1.069146
v 0.942874 -0.168262 -1.059147
v 0.954826 -0.212318 -1.052148
v 0.938821 0.004307 -1.002519
v 0.968364 -0.059252 -1.076465
v 1.076699 -0.091955 -1.071270
v 1.076699 -0.086280 -1.035550
v 1.032090 -0.074476 -1.037425
v 1.032090 -0.080150 -1.073145
v 0.987482 -0.244569 -1.047025
v 1.032090 -0.256374 -1.045149
v 1.076699 -0.244569 -1.047025
v 1.109354 -0.212318 -1.052148
v 1.121307 -0.168262 -1.059147
v 0.987482 -0.091955 -1.071270
v 1.109354 -0.124206 -1.066146
v 0.954826 -0.124206 -1.066146
v 1.109354 -0.118531 -1.030427
v 1.121307 -0.162587 -1.023427
v 1.109354 -0.206643 -1.016429
v 1.076698 -0.238894 -1.011305
v 1.032090 -0.250699 -1.009430
v 0.987482 -0.238894 -1.011305
v 0.954826 -0.206643 -1.016429
v 0.942874 -0.162587 -1.023427
v 0.954826 -0.118532 -1.030427
v 0.987482 -0.086280 -1.035550
v -4.488353 0.724600 0.143804
v -4.437175 0.806213 0.165672
v -4.421634 0.806213 0.165672
v -4.370456 0.724600 0.143804
v -4.370456 0.699425 0.237762
v -4.421634 0.781037 0.259629
v -4.437176 0.781037 0.259629
v -4.488353 0.699425 0.237762
v -4.437175 0.789429 0.228310
v -4.488353 0.707816 0.206443
v -4.370456 0.707816 0.206443
v -4.421634 0.789429 0.228310
v -4.437175 0.780201 0.262749
v -4.437176 0.657673 0.284806
v -4.421634 0.657673 0.284806
v -4.421634 0.780201 0.262749
v -4.421634 0.807048 0.162553
v -4.421634 0.711965 0.082187
v -4.437175 0.711965 0.082187
v -4.437175 0.807048 0.162553
v -4.488353 0.716209 0.175123
v -4.370456 0.716209 0.175123
v -4.421634 0.797821 0.196991
v -4.437175 0.797821 0.196991
v -4.437176 0.680623 0.199156
v -4.421634 0.680623 0.199156
v -4.421634 0.689015 0.167837
v -4.437176 0.689015 0.167837
v -4.488353 0.676589 0.231643
v -4.370456 0.676589 0.231643
v -4.488353 0.693372 0.169004
v -4.370456 0.693372 0.169004
v -4.370456 0.684980 0.200324
v -4.488353 0.684980 0.200324
v -4.488353 0.701764 0.137685
v -4.370456 0.701764 0.137685
v -4.497380 0.721862 0.168034
v -4.497379 0.709168 0.215409
v -4.539767 0.734766 0.222269
v -4.539767 0.747460 0.174893
v -4.497379 0.809059 0.242176
v -4.497379 0.821754 0.194800
v -4.538859 0.782376 0.235026
v -4.545928 0.758633 0.228664
v -4.545928 0.771327 0.181288
v -4.538859 0.795070 0.187649
v -3.978116 0.756607 0.186990
v -4.501002 0.800607 0.198463
v -4.501002 0.792577 0.228430
v -3.978116 0.748737 0.216365
v -3.978116 0.714383 0.207160
v -4.501001 0.727160 0.210900
v -4.501001 0.735189 0.180934
v -3.978116 0.722255 0.177786
v -3.980737 0.775154 0.227643
v -3.980737 0.685866 0.203718
v -3.945719 0.716621 0.211958
v -3.945719 0.747569 0.220251
v -3.955975 0.767075 0.225477
v -3.980737 0.695836 0.166508
v -3.980737 0.785124 0.190433
v -3.955975 0.777045 0.188268
v -3.945718 0.757539 0.183041
v -3.945719 0.726591 0.174749
v -3.998108 0.709252 0.136762
v -3.998108 0.754777 0.148961
v -3.990609 0.774392 0.154217
v -3.966257 0.784320 0.156877
v -3.941905 0.774392 0.154217
v -3.934407 0.754777 0.148961
v -3.934407 0.709252 0.136762
v -3.966257 0.766025 0.225158
v -3.966257 0.757680 0.256300
v -3.941906 0.747751 0.253640
v -3.941905 0.756096 0.222498
v -3.998108 0.700907 0.167905
v -3.998108 0.746433 0.180104
v -3.934407 0.690956 0.205043
v -3.934407 0.736482 0.217242
v -3.934407 0.728137 0.248385
v -3.934407 0.682611 0.236187
v -3.966257 0.775976 0.188019
v -3.990609 0.766048 0.185359
v -3.998108 0.736482 0.217242
v -3.998108 0.728137 0.248385
v -3.990609 0.747751 0.253640
v -3.990609 0.756096 0.222498
v -3.934407 0.746433 0.180104
v -3.941906 0.766048 0.185359
v -3.998108 0.682611 0.236187
v -3.934407 0.700907 0.167905
v -3.998107 0.690956 0.205043
v -4.040876 0.751698 0.243955
v -4.004175 0.751697 0.243955
v -4.004175 0.751643 -0.243955
v -4.040876 0.751643 -0.243955
v -4.040876 0.569596 0.550618
v -4.004175 0.569596 0.550619
v -4.040875 0.248075 0.750550
v -4.004174 0.248075 0.750550
v -4.040876 -0.121091 0.779609
v -4.004174 -0.121091 0.779609
v -4.040671 -0.463087 0.638658
v -4.003969 -0.463087 0.638658
v -4.040878 -0.704247 0.357419
v -4.004176 -0.704247 0.357419
v -4.040876 -0.789183 0.000000
v -4.004174 -0.789183 0.000000
v -4.040878 -0.704247 -0.355937
v -4.004177 -0.704247 -0.355937
v -4.040878 -0.462741 -0.641050
v -4.004177 -0.462741 -0.641050
v -4.040876 -0.121091 -0.780850
v -4.004174 -0.121091 -0.780850
v -4.040876 0.248075 -0.750708
v -4.004175 0.248075 -0.750708
v -4.040875 0.557471 -0.558672
v -4.004175 0.557471 -0.558672
v -3.006933 0.624065 0.401704
v -3.006932 0.604246 0.391606
v -2.957998 0.604246 0.391606
v -2.957999 0.624065 0.401704
v -3.033421 0.674196 0.303318
v -3.033421 0.654377 0.293219
v -3.033421 0.621852 0.357052
v -3.033421 0.641671 0.367150
v -2.931509 0.654377 0.293219
v -2.931509 0.674196 0.303318
v -2.931509 0.641671 0.367150
v -2.931509 0.621852 0.357052
v -2.957998 0.691802 0.268764
v -2.957998 0.671983 0.258666
v -3.006932 0.671983 0.258666
v -3.006932 0.691802 0.268764
v -2.957998 1.365680 0.068327
v -2.957998 1.365680 0.046084
v -3.006933 1.365680 0.046084
v -3.006932 1.365680 0.068327
v -2.931509 1.255258 0.068327
v -2.931509 1.255258 0.046084
v -2.931509 1.326899 0.046084
v -2.931509 1.326899 0.068327
v -3.033421 1.255258 0.046083
v -3.033421 1.255258 0.068327
v -3.033421 1.326899 0.068327
v -3.033421 1.326899 0.046084
v -3.006932 1.216478 0.068327
v -3.006933 1.216478 0.046084
v -2.957998 1.216478 0.046084
v -2.957998 1.216478 0.068327
v -2.989490 1.291079 0.068327
v -2.975440 1.291079 0.068327
v -2.975439 0.657933 0.335234
v -2.989490 0.657933 0.335234
v -3.306932 0.624065 0.401704
v -3.306932 0.604246 0.391606
v -3.257998 0.604246 0.391606
v -3.257998 0.624065 0.401704
v -3.333421 0.674196 0.303318
v -3.333422 0.654377 0.293219
v -3.333421 0.621852 0.357052
v -3.333421 0.641671 0.367150
v -3.231509 0.654376 0.293219
v -3.231509 0.674196 0.303318
v -3.231509 0.641671 0.367150
v -3.231509 0.621852 0.357052
v -3.257998 0.691802 0.268764
v -3.257998 0.671983 0.258666
v -3.306932 0.671982 0.258666
v -3.306932 0.691802 0.268764
v -3.257998 1.365680 0.068327
v -3.257998 1.365680 0.046083
v -3.306933 1.365680 0.046084
v -3.306933 1.365680 0.068327
v -3.231510 1.255258 0.068327
v -3.231510 1.255258 0.046084
v -3.231510 1.326899 0.046084
v -3.231509 1.326899 0.068327
v -3.333421 1.255258 0.046084
v -3.333421 1.255258 0.068327
v -3.333421 1.326899 0.068327
v -3.333421 1.326899 0.046084
v -3.306933 1.216478 0.068327
v -3.306933 1.216478 0.046084
v -3.257998 1.216478 0.046084
v -3.257998 1.216478 0.068327
v -3.289491 1.291079 0.068327
v -3.275441 1.291079 0.068327
v -3.275440 0.657933 0.335234
v -3.289490 0.657933 0.335234
v -3.606933 0.624065 0.401704
v -3.606933 0.604246 0.391606
v -3.557999 0.604246 0.391606
v -3.557999 0.624065 0.401704
v -3.633422 0.674195 0.303318
v -3.633422 0.654376 0.293219
v -3.633422 0.621852 0.357052
v -3.633422 0.641671 0.367150
v -3.531510 0.654376 0.293219
v -3.531510 0.674195 0.303318
v -3.531510 0.641671 0.367150
v -3.531510 0.621852 0.357052
v -3.557999 0.691801 0.268764
v -3.557999 0.671982 0.258666
v -3.606933 0.671982 0.258666
v -3.606932 0.691801 0.268764
v -3.557998 1.365680 0.068327
v -3.557999 1.365680 0.046084
v -3.606933 1.365680 0.046084
v -3.606933 1.365680 0.068327
v -3.531510 1.255258 0.068327
v -3.531510 1.255258 0.046084
v -3.531510 1.326899 0.046084
v -3.531510 1.326899 0.068327
v -3.633422 1.255258 0.046083
v -3.633422 1.255258 0.068327
v -3.633422 1.326899 0.068327
v -3.633422 1.326899 0.046084
v -3.606933 1.216478 0.068327
v -3.606933 1.216477 0.046084
v -3.557999 1.216478 0.046083
v -3.557998 1.216478 0.068327
v -3.589491 1.291079 0.068327
v -3.589491 0.657933 0.335234
v -3.575440 0.657933 0.335234
v -3.575441 1.291079 0.068327
v -3.006933 0.624065 -0.401704
v -2.957998 0.624065 -0.401704
v -2.957998 0.604246 -0.391606
v -3.006933 0.604246 -0.391606
v -3.033421 0.674196 -0.303318
v -3.033421 0.641671 -0.367150
v -3.033421 0.621852 -0.357052
v -3.033421 0.654377 -0.293219
v -2.931509 0.654377 -0.293219
v -2.931509 0.621852 -0.357052
v -2.931510 0.641671 -0.367150
v -2.931509 0.674196 -0.303318
v -2.957998 0.691802 -0.268764
v -2.957998 0.671982 -0.258666
v -3.006933 0.671982 -0.258666
v -3.006933 0.691801 -0.268764
v -2.957999 1.365680 -0.068327
v -3.006933 1.365680 -0.068327
v -3.006933 1.365680 -0.046083
v -2.957999 1.365680 -0.046083
v -2.931510 1.255258 -0.068327
v -2.931510 1.326899 -0.068327
v -2.931510 1.326899 -0.046083
v -2.931510 1.255258 -0.046084
v -3.033422 1.255258 -0.046083
v -3.033421 1.326899 -0.046083
v -3.033422 1.326899 -0.068327
v -3.033421 1.255258 -0.068327
v -3.006933 1.216478 -0.068327
v -3.006933 1.216478 -0.046083
v -2.957999 1.216478 -0.046083
v -2.957999 1.216478 -0.068327
v -2.989491 1.291079 -0.068327
v -2.975441 1.291079 -0.068327
v -2.975440 0.657933 -0.335234
v -2.989490 0.657933 -0.335234
v -3.306933 0.624065 -0.401704
v -3.257999 0.624065 -0.401704
v -3.257999 0.604246 -0.391606
v -3.306933 0.604246 -0.391606
v -3.333422 0.674195 -0.303318
v -3.333422 0.641671 -0.367150
v -3.333422 0.621852 -0.357052
v -3.333422 0.654376 -0.293219
v -3.231510 0.654376 -0.293219
v -3.231510 0.621852 -0.357052
v -3.231509 0.641671 -0.367150
v -3.231510 0.674195 -0.303318
v -3.257998 0.691801 -0.268764
v -3.257999 0.671982 -0.258666
v -3.306932 0.671982 -0.258666
v -3.306933 0.691801 -0.268764
v -3.257999 1.365680 -0.068327
v -3.306933 1.365680 -0.068327
v -3.306933 1.365680 -0.046083
v -3.257998 1.365680 -0.046084
v -3.231510 1.255258 -0.068327
v -3.231510 1.326899 -0.068327
v -3.231510 1.326899 -0.046083
v -3.231510 1.255258 -0.046084
v -3.333422 1.255258 -0.046084
v -3.333422 1.326899 -0.046083
v -3.333422 1.326899 -0.068327
v -3.333422 1.255258 -0.068327
v -3.306933 1.216478 -0.068327
v -3.306933 1.216478 -0.046083
v -3.257998 1.216478 -0.046083
v -3.257999 1.216478 -0.068327
v -3.289491 1.291079 -0.068327
v -3.289491 0.657933 -0.335234
v -3.275440 0.657933 -0.335234
v -3.275441 1.291079 -0.068327
v -3.606933 0.624065 -0.401704
v -3.557999 0.624065 -0.401704
v -3.557999 0.604246 -0.391606
v -3.606933 0.604246 -0.391606
v -3.633422 0.674195 -0.303318
v -3.633422 0.641671 -0.367150
v -3.633422 0.621852 -0.357052
v -3.633422 0.654376 -0.293219
v -3.531510 0.654376 -0.293219
v -3.531510 0.621852 -0.357052
v -3.531510 0.641671 -0.367150
v -3.531510 0.674195 -0.303318
v -3.557999 0.691801 -0.268764
v -3.557999 0.671982 -0.258666
v -3.606933 0.671982 -0.258666
v -3.606933 0.691801 -0.268764
v -3.557999 1.365680 -0.068327
v -3.606933 1.365680 -0.068327
v -3.606933 1.365680 -0.046083
v -3.557999 1.365680 -0.046084
v -3.531510 1.255258 -0.068327
v -3.531510 1.326899 -0.068327
v -3.531510 1.326899 -0.046083
v -3.531510 1.255258 -0.046083
v -3.633422 1.255258 -0.046083
v -3.633422 1.326899 -0.046083
v -3.633422 1.326899 -0.068327
v -3.633423 1.255258 -0.068327
v -3.606933 1.216477 -0.068327
v -3.606933 1.216478 -0.046083
v -3.557999 1.216478 -0.046083
v -3.557999 1.216477 -0.068327
v -3.589491 1.291079 -0.068327
v -3.575441 1.291079 -0.068327
v -3.575441 0.657933 -0.335234
v -3.589491 0.657933 -0.335234
v -4.447482 1.553267 0.054916
v -4.447482 0.948851 0.054916
v -4.250403 0.696526 0.054916
v -4.044307 0.696526 0.054916
v -4.044307 0.993642 0.054916
v -3.754661 0.993641 0.054916
v -3.754661 0.696526 0.054916
v -2.765085 0.696526 0.054916
v -2.765086 1.356017 0.054916
v -2.822858 1.495494 0.054916
v -2.962335 1.553267 0.054916
v -2.765085 0.696526 -0.054916
v -2.765085 1.356017 -0.054916
v -2.962335 1.553267 -0.054916
v -2.822858 1.495494 -0.054916
v -4.447481 1.553267 -0.054916
v -4.447482 0.948851 -0.054916
v -3.754660 0.696526 -0.054916
v -3.754661 0.993642 -0.054916
v -4.044307 0.993641 -0.054916
v -4.250402 0.696526 -0.054916
v -4.044307 0.696526 -0.054916
v -1.863340 0.578781 -0.635644
v -2.098063 0.570747 -0.643818
v -2.099785 0.618464 -0.618870
v -1.864651 0.615098 -0.616657
v -2.097700 0.643442 -0.571184
v -1.863064 0.634108 -0.580363
v -2.092368 0.638988 -0.513535
v -1.859006 0.630718 -0.536488
v -2.086154 0.611886 -0.466963
v -1.854572 0.611857 -0.502809
v -1.805912 0.537561 -0.585249
v -1.807131 0.548011 -0.589552
v -1.808730 0.566218 -0.590966
v -1.809274 0.581282 -0.583090
v -1.808616 0.589168 -0.568035
v -1.806933 0.587762 -0.549835
v -1.805683 0.583461 -0.539387
v -1.859484 0.534889 -0.632237
v -2.092996 0.513076 -0.639342
v -1.855123 0.501203 -0.613370
v -1.828291 0.540616 -0.617930
v -1.825061 0.515298 -0.604307
v -1.831334 0.575259 -0.620619
v -1.832368 0.603922 -0.605633
v -1.831116 0.618926 -0.576988
v -1.827913 0.616250 -0.542359
v -1.824626 0.602633 -0.517045
v -2.086878 0.466496 -0.612232
v -2.140419 0.469698 -0.600068
v -2.145804 0.510860 -0.623781
v -2.161764 0.499452 -0.566742
v -2.164093 0.518007 -0.576286
v -2.150345 0.562540 -0.627793
v -2.166438 0.544699 -0.578358
v -2.151888 0.605301 -0.605436
v -2.167235 0.566785 -0.566811
v -2.150020 0.627685 -0.562703
v -2.166270 0.578345 -0.544740
v -2.145242 0.623693 -0.511042
v -2.163802 0.576284 -0.518058
v -2.139770 0.599987 -0.469888
v -2.161429 0.566743 -0.499506
v -1.863369 -0.637220 -0.576979
v -2.098100 -0.645242 -0.569034
v -2.099784 -0.620480 -0.616850
v -1.864651 -0.618375 -0.613370
v -2.097663 -0.572893 -0.642012
v -1.863036 -0.582156 -0.632521
v -2.092304 -0.515230 -0.637781
v -1.858957 -0.538271 -0.629301
v -2.086079 -0.468555 -0.610858
v -1.854515 -0.504520 -0.610569
v -1.805936 -0.586694 -0.535926
v -1.807152 -0.591038 -0.546360
v -1.808743 -0.592521 -0.564562
v -1.809275 -0.584704 -0.579657
v -1.808605 -0.569680 -0.587602
v -1.806913 -0.551476 -0.586266
v -1.805660 -0.541012 -0.582005
v -1.859534 -0.633644 -0.533098
v -2.093061 -0.640543 -0.511379
v -1.855181 -0.614647 -0.499484
v -1.828330 -0.619375 -0.538865
v -1.825107 -0.605655 -0.513599
v -1.831357 -0.622198 -0.573498
v -1.832369 -0.607323 -0.602221
v -1.831094 -0.578738 -0.617336
v -1.827875 -0.544100 -0.614794
v -1.824581 -0.518735 -0.601274
v -2.086953 -0.613254 -0.464902
v -2.140486 -0.601075 -0.468179
v -2.145862 -0.624947 -0.509250
v -2.161798 -0.567855 -0.498074
v -2.164122 -0.577470 -0.516593
v -2.150378 -0.629158 -0.560917
v -2.166455 -0.579645 -0.543278
v -2.151887 -0.606968 -0.603766
v -2.167235 -0.568185 -0.565409
v -2.149986 -0.564323 -0.626315
v -2.166252 -0.546159 -0.577055
v -2.145183 -0.512650 -0.622523
v -2.163772 -0.519471 -0.575096
v -2.139702 -0.471406 -0.598975
v -2.161394 -0.500883 -0.565627
v -1.863589 -0.579919 0.634087
v -2.098386 -0.572973 0.641053
v -2.099752 -0.620907 0.616503
v -1.864629 -0.616400 0.615402
v -2.097312 -0.646277 0.569040
v -1.862772 -0.635709 0.579279
v -2.091720 -0.642284 0.511382
v -1.858516 -0.632670 0.535397
v -2.085410 -0.615546 0.464613
v -1.854009 -0.614072 0.501580
v -1.806117 -0.538843 0.583624
v -1.807306 -0.549262 0.588009
v -1.808823 -0.567464 0.589569
v -1.809255 -0.582597 0.581818
v -1.808484 -0.590606 0.566834
v -1.806719 -0.589346 0.548631
v -1.805439 -0.585128 0.538154
v -1.859931 -0.536038 0.630327
v -2.093579 -0.515318 0.636113
v -1.855643 -0.502492 0.611196
v -1.828640 -0.541732 0.616220
v -1.825468 -0.516514 0.602399
v -1.831527 -0.576365 0.619187
v -1.832348 -0.605159 0.604440
v -1.830882 -0.620398 0.575930
v -1.827523 -0.617999 0.541295
v -1.824179 -0.604580 0.515883
v -2.087557 -0.468939 0.608639
v -2.141021 -0.472508 0.596243
v -2.146321 -0.513493 0.620278
v -2.162056 -0.502647 0.563067
v -2.164341 -0.521132 0.572757
v -2.150627 -0.565160 0.624705
v -2.166566 -0.547817 0.575043
v -2.151852 -0.608115 0.602705
v -2.167198 -0.570003 0.563680
v -2.149666 -0.630850 0.560172
v -2.166069 -0.581745 0.541713
v -2.144655 -0.627271 0.508503
v -2.163481 -0.579896 0.515027
v -2.139097 -0.603887 0.467176
v -2.161063 -0.570502 0.496407
v 0.063028 0.367351 -0.956906
v 0.063028 0.558230 -0.859648
v 0.114011 0.583064 -0.908389
v 0.114011 0.392185 -1.005646
v 2.001153 0.367351 0.956906
v 0.063028 0.367351 0.956906
v 2.001153 0.558230 0.859648
v 0.063028 0.558230 0.859648
v 0.114011 0.583064 0.908389
v 1.950169 0.583065 0.908389
v 2.001153 0.558230 -0.859648
v 2.001153 0.367351 -0.956906
v 0.114011 0.392185 1.005647
v 1.950169 0.392185 1.005646
v 1.950169 0.583065 -0.908389
v 1.950169 0.392185 -1.005646
v -3.006933 -0.659920 0.339605
v -3.006932 -0.641266 0.327490
v -2.957998 -0.641266 0.327490
v -2.957999 -0.659920 0.339605
v -3.033421 -0.599781 0.432213
v -3.033421 -0.581126 0.420099
v -3.033421 -0.620144 0.360015
v -3.033421 -0.638799 0.372129
v -2.931509 -0.581126 0.420099
v -2.931509 -0.599781 0.432213
v -2.931509 -0.638799 0.372129
v -2.931509 -0.620144 0.360015
v -2.957998 -0.578659 0.464737
v -2.957998 -0.560005 0.452622
v -3.006932 -0.560005 0.452622
v -3.006932 -0.578659 0.464737
v -2.957998 -0.742015 1.148551
v -2.957998 -0.722752 1.159673
v -3.006933 -0.722752 1.159673
v -3.006932 -0.742015 1.148551
v -2.931509 -0.686804 1.052923
v -2.931509 -0.667541 1.064044
v -2.931509 -0.703361 1.126087
v -2.931509 -0.722624 1.114966
v -3.033421 -0.667540 1.064045
v -3.033421 -0.686804 1.052923
v -3.033421 -0.722624 1.114966
v -3.033421 -0.703361 1.126087
v -3.006932 -0.667414 1.019338
v -3.006933 -0.648151 1.030460
v -2.957998 -0.648151 1.030460
v -2.957998 -0.667414 1.019338
v -2.989490 -0.704714 1.083945
v -2.975440 -0.704714 1.083945
v -2.975439 -0.619290 0.402171
v -2.989490 -0.619290 0.402171
v -3.306932 -0.659920 0.339605
v -3.306932 -0.641266 0.327490
v -3.257998 -0.641266 0.327490
v -3.257998 -0.659920 0.339605
v -3.333421 -0.599781 0.432213
v -3.333422 -0.581126 0.420099
v -3.333421 -0.620144 0.360015
v -3.333421 -0.638799 0.372129
v -3.231509 -0.581125 0.420098
v -3.231509 -0.599781 0.432213
v -3.231509 -0.638799 0.372129
v -3.231509 -0.620144 0.360015
v -3.257998 -0.578659 0.464737
v -3.257998 -0.560005 0.452622
v -3.306932 -0.560004 0.452622
v -3.306932 -0.578659 0.464737
v -3.257998 -0.742015 1.148551
v -3.257998 -0.722751 1.159673
v -3.306933 -0.722752 1.159673
v -3.306933 -0.742015 1.148551
v -3.231510 -0.686804 1.052923
v -3.231510 -0.667541 1.064044
v -3.231510 -0.703361 1.126087
v -3.231509 -0.722624 1.114966
v -3.333421 -0.667541 1.064044
v -3.333421 -0.686804 1.052923
v -3.333421 -0.722624 1.114966
v -3.333421 -0.703361 1.126087
v -3.306933 -0.667414 1.019338
v -3.306933 -0.648151 1.030460
v -3.257998 -0.648151 1.030460
v -3.257998 -0.667414 1.019338
v -3.289491 -0.704714 1.083945
v -3.275441 -0.704714 1.083945
v -3.275440 -0.619290 0.402171
v -3.289490 -0.619290 0.402171
v -3.606933 -0.659920 0.339605
v -3.606933 -0.641266 0.327490
v -3.557999 -0.641266 0.327490
v -3.557999 -0.659920 0.339605
v -3.633422 -0.599781 0.432212
v -3.633422 -0.581125 0.420098
v -3.633422 -0.620144 0.360015
v -3.633422 -0.638799 0.372129
v -3.531510 -0.581125 0.420098
v -3.531510 -0.599781 0.432212
v -3.531510 -0.638799 0.372129
v -3.531510 -0.620144 0.360015
v -3.557999 -0.578659 0.464736
v -3.557999 -0.560004 0.452622
v -3.606933 -0.560004 0.452622
v -3.606932 -0.578659 0.464736
v -3.557998 -0.742015 1.148551
v -3.557999 -0.722752 1.159673
v -3.606933 -0.722752 1.159673
v -3.606933 -0.742015 1.148551
v -3.531510 -0.686804 1.052923
v -3.531510 -0.667541 1.064044
v -3.531510 -0.703361 1.126087
v -3.531510 -0.722624 1.114966
v -3.633422 -0.667540 1.064045
v -3.633422 -0.686804 1.052923
v -3.633422 -0.722624 1.114966
v -3.633422 -0.703361 1.126087
v -3.606933 -0.667414 1.019338
v -3.606933 -0.648150 1.030459
v -3.557999 -0.648150 1.030460
v -3.557998 -0.667414 1.019338
v -3.589491 -0.704714 1.083945
v -3.589491 -0.619290 0.402171
v -3.575440 -0.619290 0.402171
v -3.575441 -0.704714 1.083945
v -3.006933 0.035851 0.741309
v -2.957998 0.035851 0.741309
v -2.957998 0.037016 0.719097
v -3.006933 0.037016 0.719097
v -3.033421 -0.074419 0.735531
v -3.033421 -0.002876 0.739279
v -3.033421 -0.001712 0.717067
v -3.033421 -0.073255 0.713318
v -2.931509 -0.073255 0.713318
v -2.931509 -0.001712 0.717067
v -2.931510 -0.002876 0.739279
v -2.931509 -0.074419 0.735531
v -2.957998 -0.113147 0.733501
v -2.957998 -0.111982 0.711288
v -3.006933 -0.111982 0.711288
v -3.006933 -0.113146 0.733500
v -2.957999 -0.623669 1.216878
v -3.006933 -0.623669 1.216878
v -3.006933 -0.642933 1.205756
v -2.957999 -0.642933 1.205756
v -2.931510 -0.568458 1.121250
v -2.931510 -0.604279 1.183293
v -2.931510 -0.623542 1.172171
v -2.931510 -0.587721 1.110128
v -3.033422 -0.587722 1.110128
v -3.033421 -0.623542 1.172171
v -3.033422 -0.604279 1.183293
v -3.033421 -0.568458 1.121250
v -3.006933 -0.549068 1.087665
v -3.006933 -0.568332 1.076543
v -2.957999 -0.568332 1.076543
v -2.957999 -0.549068 1.087665
v -2.989491 -0.586369 1.152272
v -2.975441 -0.586369 1.152272
v -2.975440 -0.038647 0.737405
v -2.989490 -0.038647 0.737405
v -3.306933 0.035851 0.741309
v -3.257999 0.035851 0.741309
v -3.257999 0.037016 0.719097
v -3.306933 0.037016 0.719097
v -3.333422 -0.074418 0.735530
v -3.333422 -0.002876 0.739279
v -3.333422 -0.001712 0.717067
v -3.333422 -0.073255 0.713317
v -3.231510 -0.073255 0.713317
v -3.231510 -0.001712 0.717067
v -3.231509 -0.002876 0.739279
v -3.231510 -0.074418 0.735530
v -3.257998 -0.113146 0.733500
v -3.257999 -0.111982 0.711288
v -3.306932 -0.111982 0.711288
v -3.306933 -0.113146 0.733500
v -3.257999 -0.623669 1.216878
v -3.306933 -0.623669 1.216878
v -3.306933 -0.642933 1.205756
v -3.257998 -0.642932 1.205757
v -3.231510 -0.568458 1.121250
v -3.231510 -0.604279 1.183293
v -3.231510 -0.623542 1.172171
v -3.231510 -0.587721 1.110128
v -3.333422 -0.587721 1.110128
v -3.333422 -0.623542 1.172171
v -3.333422 -0.604279 1.183293
v -3.333422 -0.568458 1.121250
v -3.306933 -0.549068 1.087665
v -3.306933 -0.568332 1.076543
v -3.257998 -0.568332 1.076543
v -3.257999 -0.549068 1.087665
v -3.289491 -0.586369 1.152272
v -3.289491 -0.038647 0.737405
v -3.275440 -0.038647 0.737405
v -3.275441 -0.586369 1.152272
v -3.606933 0.035851 0.741309
v -3.557999 0.035851 0.741309
v -3.557999 0.037016 0.719097
v -3.606933 0.037016 0.719097
v -3.633422 -0.074418 0.735530
v -3.633422 -0.002876 0.739279
v -3.633422 -0.001712 0.717067
v -3.633422 -0.073255 0.713317
v -3.531510 -0.073255 0.713317
v -3.531510 -0.001712 0.717067
v -3.531510 -0.002876 0.739279
v -3.531510 -0.074418 0.735530
v -3.557999 -0.113146 0.733500
v -3.557999 -0.111982 0.711288
v -3.606933 -0.111982 0.711288
v -3.606933 -0.113146 0.733500
v -3.557999 -0.623669 1.216878
v -3.606933 -0.623669 1.216878
v -3.606933 -0.642933 1.205756
v -3.557999 -0.642932 1.205757
v -3.531510 -0.568458 1.121250
v -3.531510 -0.604279 1.183293
v -3.531510 -0.623542 1.172171
v -3.531510 -0.587722 1.110128
v -3.633422 -0.587722 1.110128
v -3.633422 -0.623542 1.172171
v -3.633422 -0.604279 1.183293
v -3.633423 -0.568458 1.121250
v -3.606933 -0.549068 1.087664
v -3.606933 -0.568332 1.076543
v -3.557999 -0.568332 1.076543
v -3.557999 -0.549068 1.087664
v -3.589491 -0.586369 1.152272
v -3.575441 -0.586369 1.152272
v -3.575441 -0.038647 0.737405
v -3.589491 -0.038647 0.737405
v -4.447482 -0.824194 1.317712
v -4.447482 -0.521986 0.794272
v -4.250403 -0.395824 0.575752
v -4.044307 -0.395824 0.575752
v -4.044307 -0.544382 0.833062
v -3.754661 -0.544381 0.833061
v -3.754661 -0.395824 0.575752
v -2.765085 -0.395824 0.575752
v -2.765086 -0.725569 1.146888
v -2.822858 -0.795308 1.267679
v -2.962335 -0.824194 1.317712
v -2.765085 -0.300706 0.630668
v -2.765085 -0.630452 1.201804
v -2.962335 -0.729077 1.372628
v -2.822858 -0.700190 1.322595
v -4.447481 -0.729077 1.372628
v -4.447482 -0.426869 0.849188
v -3.754660 -0.300706 0.630668
v -3.754661 -0.449264 0.887978
v -4.044307 -0.449264 0.887977
v -4.250402 -0.300706 0.630668
v -4.044307 -0.300706 0.630668
v -3.006933 0.035852 -0.741309
v -3.006932 0.037016 -0.719097
v -2.957998 0.037016 -0.719097
v -2.957999 0.035852 -0.741309
v -3.033421 -0.074419 -0.735531
v -3.033421 -0.073255 -0.713318
v -3.033421 -0.001712 -0.717067
v -3.033421 -0.002876 -0.739280
v -2.931509 -0.073255 -0.713318
v -2.931509 -0.074419 -0.735531
v -2.931509 -0.002876 -0.739280
v -2.931509 -0.001712 -0.717067
v -2.957998 -0.113146 -0.733501
v -2.957998 -0.111982 -0.711288
v -3.006932 -0.111982 -0.711288
v -3.006932 -0.113146 -0.733501
v -2.957998 -0.623669 -1.216878
v -2.957998 -0.642932 -1.205757
v -3.006933 -0.642932 -1.205757
v -3.006932 -0.623669 -1.216878
v -2.931509 -0.568458 -1.121250
v -2.931509 -0.587721 -1.110128
v -2.931509 -0.623541 -1.172171
v -2.931509 -0.604278 -1.183293
v -3.033421 -0.587722 -1.110128
v -3.033421 -0.568458 -1.121250
v -3.033421 -0.604278 -1.183293
v -3.033421 -0.623541 -1.172171
v -3.006932 -0.549068 -1.087665
v -3.006933 -0.568331 -1.076544
v -2.957998 -0.568331 -1.076544
v -2.957998 -0.549068 -1.087665
v -2.989490 -0.586368 -1.152272
v -2.975440 -0.586368 -1.152272
v -2.975439 -0.038647 -0.737405
v -2.989490 -0.038647 -0.737405
v -3.306932 0.035852 -0.741309
v -3.306932 0.037016 -0.719097
v -3.257998 0.037016 -0.719097
v -3.257998 0.035852 -0.741309
v -3.333421 -0.074419 -0.735531
v -3.333422 -0.073255 -0.713318
v -3.333421 -0.001712 -0.717067
v -3.333421 -0.002876 -0.739280
v -3.231509 -0.073255 -0.713317
v -3.231509 -0.074419 -0.735531
v -3.231509 -0.002876 -0.739280
v -3.231509 -0.001712 -0.717067
v -3.257998 -0.113146 -0.733501
v -3.257998 -0.111982 -0.711288
v -3.306932 -0.111981 -0.711288
v -3.306932 -0.113146 -0.733501
v -3.257998 -0.623669 -1.216878
v -3.257998 -0.642933 -1.205756
v -3.306933 -0.642932 -1.205757
v -3.306933 -0.623669 -1.216878
v -3.231510 -0.568458 -1.121250
v -3.231510 -0.587721 -1.110128
v -3.231510 -0.623541 -1.172171
v -3.231509 -0.604278 -1.183293
v -3.333421 -0.587721 -1.110128
v -3.333421 -0.568458 -1.121250
v -3.333421 -0.604278 -1.183293
v -3.333421 -0.623541 -1.172171
v -3.306933 -0.549068 -1.087665
v -3.306933 -0.568331 -1.076544
v -3.257998 -0.568331 -1.076544
v -3.257998 -0.549068 -1.087665
v -3.289491 -0.586368 -1.152272
v -3.275441 -0.586368 -1.152272
v -3.275440 -0.038647 -0.737405
v -3.289490 -0.038647 -0.737405
v -3.606933 0.035852 -0.741309
v -3.606933 0.037016 -0.719097
v -3.557999 0.037016 -0.719097
v -3.557999 0.035852 -0.741309
v -3.633422 -0.074418 -0.735530
v -3.633422 -0.073255 -0.713317
v -3.633422 -0.001712 -0.717067
v -3.633422 -0.002876 -0.739280
v -3.531510 -0.073255 -0.713317
v -3.531510 -0.074418 -0.735530
v -3.531510 -0.002876 -0.739280
v -3.531510 -0.001712 -0.717067
v -3.557999 -0.113146 -0.733500
v -3.557999 -0.111981 -0.711288
v -3.606933 -0.111981 -0.711288
v -3.606932 -0.113146 -0.733500
v -3.557998 -0.623669 -1.216878
v -3.557999 -0.642932 -1.205757
v -3.606933 -0.642932 -1.205757
v -3.606933 -0.623669 -1.216878
v -3.531510 -0.568458 -1.121250
v -3.531510 -0.587721 -1.110128
v -3.531510 -0.623541 -1.172171
v -3.531510 -0.604278 -1.183293
v -3.633422 -0.587722 -1.110128
v -3.633422 -0.568458 -1.121250
v -3.633422 -0.604278 -1.183293
v -3.633422 -0.623541 -1.172171
v -3.606933 -0.549068 -1.087665
v -3.606933 -0.568330 -1.076543
v -3.557999 -0.568332 -1.076543
v -3.557998 -0.549068 -1.087665
v -3.589491 -0.586368 -1.152272
v -3.589491 -0.038647 -0.737405
v -3.575440 -0.038647 -0.737405
v -3.575441 -0.586368 -1.152272
v -3.006933 -0.659920 -0.339605
v -2.957998 -0.659920 -0.339605
v -2.957998 -0.641266 -0.327491
v -3.006933 -0.641266 -0.327491
v -3.033421 -0.599781 -0.432213
v -3.033421 -0.638798 -0.372129
v -3.033421 -0.620144 -0.360015
v -3.033421 -0.581125 -0.420099
v -2.931509 -0.581125 -0.420099
v -2.931509 -0.620144 -0.360015
v -2.931510 -0.638798 -0.372129
v -2.931509 -0.599781 -0.432213
v -2.957998 -0.578659 -0.464737
v -2.957998 -0.560004 -0.452622
v -3.006933 -0.560004 -0.452622
v -3.006933 -0.578659 -0.464736
v -2.957999 -0.742015 -1.148551
v -3.006933 -0.742015 -1.148551
v -3.006933 -0.722751 -1.159673
v -2.957999 -0.722751 -1.159673
v -2.931510 -0.686804 -1.052923
v -2.931510 -0.722624 -1.114966
v -2.931510 -0.703360 -1.126088
v -2.931510 -0.667541 -1.064044
v -3.033422 -0.667540 -1.064045
v -3.033421 -0.703360 -1.126088
v -3.033422 -0.722624 -1.114966
v -3.033421 -0.686804 -1.052923
v -3.006933 -0.667414 -1.019338
v -3.006933 -0.648150 -1.030460
v -2.957999 -0.648150 -1.030460
v -2.957999 -0.667414 -1.019338
v -2.989491 -0.704714 -1.083945
v -2.975441 -0.704714 -1.083945
v -2.975440 -0.619289 -0.402171
v -2.989490 -0.619289 -0.402171
v -3.306933 -0.659920 -0.339605
v -3.257999 -0.659920 -0.339605
v -3.257999 -0.641266 -0.327491
v -3.306933 -0.641266 -0.327491
v -3.333422 -0.599780 -0.432212
v -3.333422 -0.638798 -0.372129
v -3.333422 -0.620144 -0.360015
v -3.333422 -0.581125 -0.420098
v -3.231510 -0.581125 -0.420098
v -3.231510 -0.620144 -0.360015
v -3.231509 -0.638798 -0.372129
v -3.231510 -0.599780 -0.432212
v -3.257998 -0.578659 -0.464736
v -3.257999 -0.560004 -0.452622
v -3.306932 -0.560004 -0.452622
v -3.306933 -0.578659 -0.464736
v -3.257999 -0.742015 -1.148551
v -3.306933 -0.742015 -1.148551
v -3.306933 -0.722751 -1.159673
v -3.257998 -0.722752 -1.159673
v -3.231510 -0.686804 -1.052923
v -3.231510 -0.722624 -1.114966
v -3.231510 -0.703360 -1.126088
v -3.231510 -0.667541 -1.064044
v -3.333422 -0.667541 -1.064044
v -3.333422 -0.703360 -1.126088
v -3.333422 -0.722624 -1.114966
v -3.333422 -0.686804 -1.052923
v -3.306933 -0.667414 -1.019338
v -3.306933 -0.648150 -1.030460
v -3.257998 -0.648150 -1.030460
v -3.257999 -0.667414 -1.019338
v -3.289491 -0.704714 -1.083945
v -3.289491 -0.619289 -0.402171
v -3.275440 -0.619289 -0.402171
v -3.275441 -0.704714 -1.083945
v -3.606933 -0.659920 -0.339605
v -3.557999 -0.659920 -0.339605
v -3.557999 -0.641266 -0.327491
v -3.606933 -0.641266 -0.327491
v -3.633422 -0.599780 -0.432212
v -3.633422 -0.638798 -0.372129
v -3.633422 -0.620144 -0.360015
v -3.633422 -0.581125 -0.420098
v -3.531510 -0.581125 -0.420098
v -3.531510 -0.620144 -0.360015
v -3.531510 -0.638798 -0.372129
v -3.531510 -0.599780 -0.432212
v -3.557999 -0.578659 -0.464736
v -3.557999 -0.560004 -0.452622
v -3.606933 -0.560004 -0.452622
v -3.606933 -0.578659 -0.464736
v -3.557999 -0.742015 -1.148551
v -3.606933 -0.742015 -1.148551
v -3.606933 -0.722751 -1.159673
v -3.557999 -0.722752 -1.159673
v -3.531510 -0.686804 -1.052923
v -3.531510 -0.722624 -1.114966
v -3.531510 -0.703360 -1.126088
v -3.531510 -0.667540 -1.064045
v -3.633422 -0.667540 -1.064045
v -3.633422 -0.703360 -1.126088
v -3.633422 -0.722624 -1.114966
v -3.633423 -0.686804 -1.052923
v -3.606933 -0.667413 -1.019337
v -3.606933 -0.648150 -1.030460
v -3.557999 -0.648150 -1.030460
v -3.557999 -0.667413 -1.019337
v -3.589491 -0.704714 -1.083945
v -3.575441 -0.704714 -1.083945
v -3.575441 -0.619289 -0.402171
v -3.589491 -0.619289 -0.402171
v -4.447482 -0.729077 -1.372628
v -4.447482 -0.426869 -0.849188
v -4.250403 -0.300706 -0.630668
v -4.044307 -0.300706 -0.630668
v -4.044307 -0.449264 -0.887978
v -3.754661 -0.449264 -0.887978
v -3.754661 -0.300706 -0.630668
v -2.765085 -0.300706 -0.630668
v -2.765086 -0.630452 -1.201805
v -2.822858 -0.700190 -1.322595
v -2.962335 -0.729077 -1.372628
v -2.765085 -0.395824 -0.575752
v -2.765085 -0.725569 -1.146888
v -2.962335 -0.824194 -1.317712
v -2.822858 -0.795307 -1.267679
v -4.447481 -0.824194 -1.317712
v -4.447482 -0.521986 -0.794273
v -3.754660 -0.395824 -0.575752
v -3.754661 -0.544381 -0.833062
v -4.044307 -0.544381 -0.833062
v -4.250402 -0.395824 -0.575752
v -4.044307 -0.395824 -0.575752
v -4.488353 0.555620 0.486839
v -4.437175 0.615364 0.546583
v -4.421634 0.615364 0.546583
v -4.370456 0.555620 0.486839
v -4.370456 0.486839 0.555621
v -4.421634 0.546583 0.615365
v -4.437176 0.546583 0.615365
v -4.488353 0.486839 0.555621
v -4.437175 0.569510 0.592438
v -4.488353 0.509765 0.532693
v -4.370456 0.509765 0.532693
v -4.421634 0.569510 0.592438
v -4.437175 0.544299 0.617649
v -4.437176 0.427158 0.575487
v -4.421634 0.427158 0.575487
v -4.421634 0.544299 0.617649
v -4.421634 0.617648 0.544300
v -4.421634 0.575486 0.427159
v -4.437175 0.575486 0.427159
v -4.437175 0.617648 0.544300
v -4.488353 0.532693 0.509766
v -4.370456 0.532693 0.509766
v -4.421634 0.592438 0.569510
v -4.437175 0.592438 0.569510
v -4.437176 0.489858 0.512786
v -4.421634 0.489858 0.512786
v -4.421634 0.512786 0.489859
v -4.437176 0.512786 0.489859
v -4.488353 0.470121 0.538903
v -4.370456 0.470121 0.538903
v -4.488353 0.515976 0.493049
v -4.370456 0.515976 0.493049
v -4.370456 0.493048 0.515976
v -4.488353 0.493048 0.515976
v -4.488353 0.538902 0.470121
v -4.370456 0.538902 0.470121
v -4.497380 0.541133 0.506453
v -4.497379 0.506452 0.541134
v -4.539767 0.525191 0.559874
v -4.539767 0.559873 0.525192
v -4.497379 0.579578 0.614261
v -4.497379 0.614260 0.579579
v -4.538859 0.560045 0.594727
v -4.545928 0.542663 0.577345
v -4.545928 0.577344 0.542664
v -4.538859 0.594726 0.560045
v -3.978116 0.561746 0.540243
v -4.501002 0.594114 0.572178
v -4.501002 0.572177 0.594115
v -3.978116 0.540243 0.561746
v -3.978116 0.515094 0.536598
v -4.501001 0.524289 0.546226
v -4.501001 0.546225 0.524289
v -3.978116 0.536598 0.515095
v -3.980737 0.557482 0.584722
v -3.980737 0.492118 0.519358
v -3.945719 0.514633 0.541873
v -3.945719 0.537288 0.564528
v -3.955975 0.551567 0.578807
v -3.980737 0.519357 0.492119
v -3.980737 0.584721 0.557482
v -3.955975 0.578807 0.551568
v -3.945718 0.564527 0.537288
v -3.945719 0.541872 0.514633
v -3.998108 0.545849 0.473066
v -3.998108 0.579176 0.506393
v -3.990609 0.593535 0.520752
v -3.966257 0.600803 0.528020
v -3.941905 0.593535 0.520752
v -3.934407 0.579176 0.506393
v -3.934407 0.545849 0.473066
v -3.966257 0.550818 0.578005
v -3.966257 0.528020 0.600803
v -3.941906 0.520751 0.593535
v -3.941905 0.543549 0.570737
v -3.998108 0.523051 0.495865
v -3.998108 0.556378 0.529191
v -3.934407 0.495864 0.523051
v -3.934407 0.529191 0.556379
v -3.934407 0.506393 0.579177
v -3.934407 0.473065 0.545850
v -3.966257 0.578005 0.550818
v -3.990609 0.570737 0.543550
v -3.998108 0.529191 0.556379
v -3.998108 0.506393 0.579177
v -3.990609 0.520751 0.593535
v -3.990609 0.543549 0.570737
v -3.934407 0.556378 0.529191
v -3.941906 0.570737 0.543550
v -3.998108 0.473065 0.545850
v -3.934407 0.523051 0.495865
v -3.998107 0.495864 0.523051
v -4.488353 0.237761 0.699426
v -4.437175 0.259629 0.781038
v -4.421634 0.259629 0.781038
v -4.370456 0.237761 0.699426
v -4.370456 0.143804 0.724602
v -4.421634 0.165672 0.806214
v -4.437176 0.165672 0.806214
v -4.488353 0.143804 0.724602
v -4.437175 0.196991 0.797822
v -4.488353 0.175123 0.716209
v -4.370456 0.175123 0.716209
v -4.421634 0.196991 0.797822
v -4.437175 0.162552 0.807050
v -4.437176 0.082186 0.711966
v -4.421634 0.082186 0.711966
v -4.421634 0.162552 0.807050
v -4.421634 0.262748 0.780202
v -4.421634 0.284806 0.657674
v -4.437175 0.284806 0.657674
v -4.437175 0.262748 0.780202
v -4.488353 0.206442 0.707818
v -4.370456 0.206442 0.707818
v -4.421634 0.228311 0.789430
v -4.437175 0.228311 0.789430
v -4.437176 0.167837 0.689015
v -4.421634 0.167837 0.689015
v -4.421634 0.199156 0.680624
v -4.437176 0.199156 0.680624
v -4.488353 0.137685 0.701765
v -4.370456 0.137685 0.701765
v -4.488353 0.200324 0.684981
v -4.370456 0.200324 0.684981
v -4.370456 0.169004 0.693373
v -4.488353 0.169004 0.693373
v -4.488353 0.231642 0.676589
v -4.370456 0.231642 0.676589
v -4.497380 0.215409 0.709169
v -4.497379 0.168033 0.721863
v -4.539767 0.174892 0.747461
v -4.539767 0.222268 0.734766
v -4.497379 0.194798 0.821755
v -4.497379 0.242175 0.809061
v -4.538859 0.187649 0.795072
v -4.545928 0.181287 0.771328
v -4.545928 0.228663 0.758634
v -4.538859 0.235025 0.782377
v -3.978116 0.216364 0.748737
v -4.501002 0.228428 0.792579
v -4.501002 0.198462 0.800608
v -3.978116 0.186990 0.756609
v -3.978116 0.177785 0.722255
v -4.501001 0.180934 0.735191
v -4.501001 0.210900 0.727160
v -3.978116 0.207160 0.714385
v -3.980737 0.190432 0.785125
v -3.980737 0.166507 0.695837
v -3.945719 0.174749 0.726592
v -3.945719 0.183041 0.757540
v -3.955975 0.188267 0.777046
v -3.980737 0.203717 0.685867
v -3.980737 0.227642 0.775155
v -3.955975 0.225477 0.767076
v -3.945718 0.220250 0.747570
v -3.945719 0.211958 0.716622
v -3.998108 0.236186 0.682612
v -3.998108 0.248384 0.728138
v -3.990609 0.253640 0.747753
v -3.966257 0.256300 0.757681
v -3.941905 0.253640 0.747753
v -3.934407 0.248384 0.728138
v -3.934407 0.236186 0.682612
v -3.966257 0.188019 0.775977
v -3.966257 0.156877 0.784321
v -3.941906 0.154216 0.774393
v -3.941905 0.185358 0.766048
v -3.998108 0.205043 0.690957
v -3.998108 0.217242 0.736483
v -3.934407 0.167905 0.700908
v -3.934407 0.180103 0.746434
v -3.934407 0.148961 0.754779
v -3.934407 0.136761 0.709253
v -3.966257 0.225158 0.766025
v -3.990609 0.222498 0.756097
v -3.998108 0.180103 0.746434
v -3.998108 0.148961 0.754779
v -3.990609 0.154216 0.774393
v -3.990609 0.185358 0.766048
v -3.934407 0.217242 0.736483
v -3.941906 0.222498 0.756097
v -3.998108 0.136761 0.709253
v -3.934407 0.205043 0.690957
v -3.998107 0.167905 0.700908
v -4.488353 -0.143806 0.724602
v -4.437175 -0.165673 0.806214
v -4.421634 -0.165673 0.806214
v -4.370456 -0.143806 0.724602
v -4.370456 -0.237763 0.699426
v -4.421634 -0.259631 0.781038
v -4.437176 -0.259631 0.781038
v -4.488353 -0.237763 0.699426
v -4.437175 -0.228312 0.789430
v -4.488353 -0.206444 0.707818
v -4.370456 -0.206444 0.707818
v -4.421634 -0.228312 0.789430
v -4.437175 -0.262751 0.780203
v -4.437176 -0.284808 0.657674
v -4.421634 -0.284808 0.657674
v -4.421634 -0.262751 0.780203
v -4.421634 -0.162554 0.807050
v -4.421634 -0.082189 0.711966
v -4.437175 -0.082189 0.711966
v -4.437175 -0.162554 0.807050
v -4.488353 -0.175125 0.716210
v -4.370456 -0.175125 0.716210
v -4.421634 -0.196992 0.797822
v -4.437175 -0.196992 0.797822
v -4.437176 -0.199157 0.680624
v -4.421634 -0.199157 0.680624
v -4.421634 -0.167838 0.689016
v -4.437176 -0.167838 0.689016
v -4.488353 -0.231644 0.676590
v -4.370456 -0.231644 0.676590
v -4.488353 -0.169006 0.693374
v -4.370456 -0.169006 0.693374
v -4.370456 -0.200325 0.684981
v -4.488353 -0.200325 0.684981
v -4.488353 -0.137686 0.701765
v -4.370456 -0.137686 0.701765
v -4.497380 -0.168035 0.721863
v -4.497379 -0.215411 0.709169
v -4.539767 -0.222270 0.734767
v -4.539767 -0.174894 0.747461
v -4.497379 -0.242177 0.809060
v -4.497379 -0.194801 0.821755
v -4.538859 -0.235027 0.782378
v -4.545928 -0.228665 0.758634
v -4.545928 -0.181290 0.771328
v -4.538859 -0.187651 0.795072
v -3.978116 -0.186992 0.756608
v -4.501002 -0.198465 0.800608
v -4.501002 -0.228431 0.792579
v -3.978116 -0.216366 0.748738
v -3.978116 -0.207161 0.714384
v -4.501001 -0.210902 0.727162
v -4.501001 -0.180935 0.735190
v -3.978116 -0.177787 0.722256
v -3.980737 -0.227644 0.775155
v -3.980737 -0.203719 0.685867
v -3.945719 -0.211960 0.716622
v -3.945719 -0.220252 0.747570
v -3.955975 -0.225479 0.767076
v -3.980737 -0.166509 0.695837
v -3.980737 -0.190434 0.785126
v -3.955975 -0.188269 0.777046
v -3.945718 -0.183043 0.757540
v -3.945719 -0.174750 0.726593
v -3.998108 -0.136763 0.709253
v -3.998108 -0.148962 0.754779
v -3.990609 -0.154218 0.774394
v -3.966257 -0.156878 0.784322
v -3.941905 -0.154218 0.774394
v -3.934407 -0.148962 0.754779
v -3.934407 -0.136763 0.709253
v -3.966257 -0.225159 0.766026
v -3.966257 -0.256302 0.757681
v -3.941906 -0.253642 0.747753
v -3.941905 -0.222499 0.756097
v -3.998108 -0.167907 0.700908
v -3.998108 -0.180105 0.746434
v -3.934407 -0.205044 0.690957
v -3.934407 -0.217243 0.736483
v -3.934407 -0.248386 0.728139
v -3.934407 -0.236188 0.682613
v -3.966257 -0.188020 0.775977
v -3.990609 -0.185360 0.766049
v -3.998108 -0.217243 0.736483
v -3.998108 -0.248386 0.728139
v -3.990609 -0.253642 0.747753
v -3.990609 -0.222499 0.756097
v -3.934407 -0.180105 0.746434
v -3.941906 -0.185360 0.766049
v -3.998108 -0.236188 0.682613
v -3.934407 -0.167907 0.700908
v -3.998107 -0.205044 0.690957
v -4.488353 -0.486840 0.555621
v -4.437175 -0.546584 0.615365
v -4.421634 -0.546584 0.615365
v -4.370456 -0.486840 0.555621
v -4.370456 -0.555622 0.486840
v -4.421634 -0.615366 0.546584
v -4.437176 -0.615366 0.546584
v -4.488353 -0.555622 0.486840
v -4.437175 -0.592439 0.569511
v -4.488353 -0.532695 0.509767
v -4.370456 -0.532695 0.509767
v -4.421634 -0.592439 0.569511
v -4.437175 -0.617650 0.544301
v -4.437176 -0.575488 0.427159
v -4.421634 -0.575488 0.427159
v -4.421634 -0.617650 0.544301
v -4.421634 -0.544301 0.617649
v -4.421634 -0.427161 0.575487
v -4.437175 -0.427161 0.575487
v -4.437175 -0.544301 0.617649
v -4.488353 -0.509768 0.532694
v -4.370456 -0.509768 0.532694
v -4.421634 -0.569512 0.592439
v -4.437175 -0.569512 0.592439
v -4.437176 -0.512787 0.489860
v -4.421634 -0.512787 0.489860
v -4.421634 -0.489860 0.512787
v -4.437176 -0.489860 0.512787
v -4.488353 -0.538904 0.470123
v -4.370456 -0.538904 0.470123
v -4.488353 -0.493050 0.515977
v -4.370456 -0.493050 0.515977
v -4.370456 -0.515977 0.493049
v -4.488353 -0.515977 0.493049
v -4.488353 -0.470122 0.538904
v -4.370456 -0.470122 0.538904
v -4.497380 -0.506454 0.541135
v -4.497379 -0.541136 0.506454
v -4.539767 -0.559875 0.525192
v -4.539767 -0.525193 0.559874
v -4.497379 -0.614262 0.579579
v -4.497379 -0.579580 0.614261
v -4.538859 -0.594728 0.560046
v -4.545928 -0.577347 0.542664
v -4.545928 -0.542666 0.577346
v -4.538859 -0.560046 0.594727
v -3.978116 -0.540244 0.561747
v -4.501002 -0.572180 0.594115
v -4.501002 -0.594116 0.572178
v -3.978116 -0.561748 0.540244
v -3.978116 -0.536599 0.515095
v -4.501001 -0.546227 0.524290
v -4.501001 -0.524290 0.546226
v -3.978116 -0.515096 0.536599
v -3.980737 -0.584723 0.557483
v -3.980737 -0.519359 0.492119
v -3.945719 -0.541874 0.514634
v -3.945719 -0.564529 0.537289
v -3.955975 -0.578809 0.551568
v -3.980737 -0.492120 0.519359
v -3.980737 -0.557484 0.584722
v -3.955975 -0.551569 0.578808
v -3.945718 -0.537290 0.564528
v -3.945719 -0.514634 0.541873
v -3.998108 -0.473067 0.545850
v -3.998108 -0.506395 0.579177
v -3.990609 -0.520754 0.593536
v -3.966257 -0.528021 0.600804
v -3.941905 -0.520754 0.593536
v -3.934407 -0.506395 0.579177
v -3.934407 -0.473067 0.545850
v -3.966257 -0.578007 0.550819
v -3.966257 -0.600804 0.528021
v -3.941906 -0.593537 0.520752
v -3.941905 -0.570739 0.543550
v -3.998108 -0.495866 0.523052
v -3.998108 -0.529193 0.556379
v -3.934407 -0.523052 0.495865
v -3.934407 -0.556380 0.529192
v -3.934407 -0.579178 0.506394
v -3.934407 -0.545851 0.473067
v -3.966257 -0.550819 0.578006
v -3.990609 -0.543551 0.570738
v -3.998108 -0.556380 0.529192
v -3.998108 -0.579178 0.506394
v -3.990609 -0.593537 0.520752
v -3.990609 -0.570739 0.543550
v -3.934407 -0.529193 0.556379
v -3.941906 -0.543551 0.570738
v -3.998108 -0.545851 0.473067
v -3.934407 -0.495866 0.523052
v -3.998107 -0.523052 0.495865
v -4.488353 -0.699427 0.237762
v -4.437175 -0.781039 0.259631
v -4.421634 -0.781039 0.259631
v -4.370456 -0.699427 0.237762
v -4.370456 -0.724603 0.143805
v -4.421634 -0.806215 0.165673
v -4.437176 -0.806215 0.165673
v -4.488353 -0.724603 0.143805
v -4.437175 -0.797823 0.196992
v -4.488353 -0.716211 0.175124
v -4.370456 -0.716211 0.175124
v -4.421634 -0.797823 0.196992
v -4.437175 -0.807051 0.162554
v -4.437176 -0.711967 0.082188
v -4.421634 -0.711967 0.082188
v -4.421634 -0.807051 0.162554
v -4.421634 -0.780203 0.262750
v -4.421634 -0.657676 0.284807
v -4.437175 -0.657676 0.284807
v -4.437175 -0.780203 0.262750
v -4.488353 -0.707819 0.206444
v -4.370456 -0.707819 0.206444
v -4.421634 -0.789431 0.228312
v -4.437175 -0.789431 0.228312
v -4.437176 -0.689017 0.167838
v -4.421634 -0.689017 0.167838
v -4.421634 -0.680625 0.199157
v -4.437176 -0.680625 0.199157
v -4.488353 -0.701766 0.137686
v -4.370456 -0.701766 0.137686
v -4.488353 -0.684982 0.200325
v -4.370456 -0.684982 0.200325
v -4.370456 -0.693374 0.169005
v -4.488353 -0.693374 0.169005
v -4.488353 -0.676590 0.231644
v -4.370456 -0.676590 0.231644
v -4.497380 -0.709170 0.215410
v -4.497379 -0.721864 0.168035
v -4.539767 -0.747462 0.174893
v -4.539767 -0.734768 0.222269
v -4.497379 -0.821756 0.194800
v -4.497379 -0.809062 0.242176
v -4.538859 -0.795073 0.187651
v -4.545928 -0.771329 0.181288
v -4.545928 -0.758635 0.228664
v -4.538859 -0.782378 0.235027
v -3.978116 -0.748739 0.216366
v -4.501002 -0.792580 0.228430
v -4.501002 -0.800609 0.198463
v -3.978116 -0.756610 0.186992
v -3.978116 -0.722256 0.177786
v -4.501001 -0.735192 0.180936
v -4.501001 -0.727162 0.210902
v -3.978116 -0.714386 0.207161
v -3.980737 -0.785127 0.190433
v -3.980737 -0.695838 0.166509
v -3.945719 -0.726594 0.174750
v -3.945719 -0.757541 0.183042
v -3.955975 -0.777047 0.188269
v -3.980737 -0.685868 0.203718
v -3.980737 -0.775156 0.227643
v -3.955975 -0.767077 0.225479
v -3.945718 -0.747571 0.220252
v -3.945719 -0.716623 0.211960
v -3.998108 -0.682613 0.236187
v -3.998108 -0.728139 0.248385
v -3.990609 -0.747754 0.253641
v -3.966257 -0.757682 0.256301
v -3.941905 -0.747754 0.253641
v -3.934407 -0.728139 0.248385
v -3.934407 -0.682613 0.236187
v -3.966257 -0.775978 0.188020
v -3.966257 -0.784323 0.156878
v -3.941906 -0.774394 0.154217
v -3.941905 -0.766049 0.185360
v -3.998108 -0.690958 0.205044
v -3.998108 -0.736484 0.217243
v -3.934407 -0.700909 0.167906
v -3.934407 -0.746435 0.180104
v -3.934407 -0.754780 0.148962
v -3.934407 -0.709254 0.136763
v -3.966257 -0.766026 0.225159
v -3.990609 -0.756099 0.222499
v -3.998108 -0.746435 0.180104
v -3.998108 -0.754780 0.148962
v -3.990609 -0.774394 0.154217
v -3.990609 -0.766049 0.185360
v -3.934407 -0.736484 0.217243
v -3.941906 -0.756099 0.222499
v -3.998108 -0.709254 0.136763
v -3.934407 -0.690958 0.205044
v -3.998107 -0.700909 0.167906
v -4.488353 -0.724603 -0.143804
v -4.437175 -0.806215 -0.165672
v -4.421634 -0.806215 -0.165672
v -4.370456 -0.724603 -0.143804
v -4.370456 -0.699427 -0.237762
v -4.421634 -0.781040 -0.259630
v -4.437176 -0.781040 -0.259630
v -4.488353 -0.699427 -0.237762
v -4.437175 -0.789431 -0.228310
v -4.488353 -0.707819 -0.206443
v -4.370456 -0.707819 -0.206443
v -4.421634 -0.789431 -0.228310
v -4.437175 -0.780204 -0.262750
v -4.437176 -0.657675 -0.284806
v -4.421634 -0.657675 -0.284806
v -4.421634 -0.780204 -0.262750
v -4.421634 -0.807051 -0.162553
v -4.421634 -0.711967 -0.082187
v -4.437175 -0.711967 -0.082187
v -4.437175 -0.807051 -0.162553
v -4.488353 -0.716211 -0.175124
v -4.370456 -0.716211 -0.175124
v -4.421634 -0.797823 -0.196991
v -4.437175 -0.797823 -0.196991
v -4.437176 -0.680625 -0.199156
v -4.421634 -0.680625 -0.199156
v -4.421634 -0.689018 -0.167837
v -4.437176 -0.689018 -0.167837
v -4.488353 -0.676591 -0.231643
v -4.370456 -0.676591 -0.231643
v -4.488353 -0.693375 -0.169004
v -4.370456 -0.693375 -0.169004
v -4.370456 -0.684982 -0.200323
v -4.488353 -0.684982 -0.200323
v -4.488353 -0.701766 -0.137685
v -4.370456 -0.701766 -0.137685
v -4.497380 -0.721864 -0.168034
v -4.497379 -0.709170 -0.215409
v -4.539767 -0.734768 -0.222269
v -4.539767 -0.747462 -0.174893
v -4.497379 -0.809062 -0.242176
v -4.497379 -0.821756 -0.194800
v -4.538859 -0.782379 -0.235026
v -4.545928 -0.758635 -0.228664
v -4.545928 -0.771329 -0.181288
v -4.538859 -0.795073 -0.187649
v -3.978116 -0.756610 -0.186991
v -4.501002 -0.800609 -0.198463
v -4.501002 -0.792580 -0.228430
v -3.978116 -0.748739 -0.216365
v -3.978116 -0.714385 -0.207160
v -4.501001 -0.727163 -0.210900
v -4.501001 -0.735191 -0.180934
v -3.978116 -0.722257 -0.177786
v -3.980737 -0.775156 -0.227643
v -3.980737 -0.685868 -0.203718
v -3.945719 -0.716624 -0.211958
v -3.945719 -0.747571 -0.220251
v -3.955975 -0.767077 -0.225478
v -3.980737 -0.695838 -0.166508
v -3.980737 -0.785127 -0.190433
v -3.955975 -0.777047 -0.188268
v -3.945718 -0.757541 -0.183041
v -3.945719 -0.726594 -0.174749
v -3.998108 -0.709254 -0.136762
v -3.998108 -0.754780 -0.148961
v -3.990609 -0.774395 -0.154217
v -3.966257 -0.784323 -0.156877
v -3.941905 -0.774395 -0.154217
v -3.934407 -0.754780 -0.148961
v -3.934407 -0.709254 -0.136762
v -3.966257 -0.766027 -0.225158
v -3.966257 -0.757682 -0.256300
v -3.941906 -0.747754 -0.253640
v -3.941905 -0.756098 -0.222498
v -3.998108 -0.700910 -0.167905
v -3.998108 -0.746435 -0.180103
v -3.934407 -0.690959 -0.205043
v -3.934407 -0.736484 -0.217242
v -3.934407 -0.728140 -0.248385
v -3.934407 -0.682614 -0.236187
v -3.966257 -0.775978 -0.188019
v -3.990609 -0.766050 -0.185359
v -3.998108 -0.736484 -0.217242
v -3.998108 -0.728140 -0.248385
v -3.990609 -0.747754 -0.253640
v -3.990609 -0.756098 -0.222498
v -3.934407 -0.746435 -0.180103
v -3.941906 -0.766050 -0.185359
v -3.998108 -0.682614 -0.236187
v -3.934407 -0.700910 -0.167905
v -3.998107 -0.690959 -0.205043
v -4.488353 -0.555622 -0.486839
v -4.437175 -0.615367 -0.546583
v -4.421634 -0.615367 -0.546583
v -4.370456 -0.555622 -0.486839
v -4.370456 -0.486841 -0.555621
v -4.421634 -0.546586 -0.615365
v -4.437176 -0.546586 -0.615365
v -4.488353 -0.486841 -0.555621
v -4.437175 -0.569512 -0.592437
v -4.488353 -0.509768 -0.532693
v -4.370456 -0.509768 -0.532693
v -4.421634 -0.569512 -0.592437
v -4.437175 -0.544302 -0.617649
v -4.437176 -0.427161 -0.575487
v -4.421634 -0.427161 -0.575487
v -4.421634 -0.544302 -0.617649
v -4.421634 -0.617650 -0.544300
v -4.421634 -0.575488 -0.427159
v -4.437175 -0.575488 -0.427159
v -4.437175 -0.617650 -0.544300
v -4.488353 -0.532696 -0.509767
v -4.370456 -0.532696 -0.509767
v -4.421634 -0.592440 -0.569510
v -4.437175 -0.592440 -0.569510
v -4.437176 -0.489861 -0.512786
v -4.421634 -0.489861 -0.512786
v -4.421634 -0.512789 -0.489859
v -4.437176 -0.512789 -0.489859
v -4.488353 -0.470124 -0.538903
v -4.370456 -0.470124 -0.538903
v -4.488353 -0.515978 -0.493049
v -4.370456 -0.515978 -0.493049
v -4.370456 -0.493051 -0.515976
v -4.488353 -0.493051 -0.515976
v -4.488353 -0.538905 -0.470121
v -4.370456 -0.538905 -0.470121
v -4.497380 -0.541136 -0.506453
v -4.497379 -0.506455 -0.541134
v -4.539767 -0.525193 -0.559874
v -4.539767 -0.559875 -0.525192
v -4.497379 -0.579580 -0.614261
v -4.497379 -0.614262 -0.579579
v -4.538859 -0.560047 -0.594727
v -4.545928 -0.542666 -0.577346
v -4.545928 -0.577347 -0.542664
v -4.538859 -0.594729 -0.560045
v -3.978116 -0.561748 -0.540243
v -4.501002 -0.594116 -0.572178
v -4.501002 -0.572180 -0.594115
v -3.978116 -0.540245 -0.561746
v -3.978116 -0.515096 -0.536598
v -4.501001 -0.524291 -0.546226
v -4.501001 -0.546227 -0.524289
v -3.978116 -0.536600 -0.515095
v -3.980737 -0.557484 -0.584722
v -3.980737 -0.492121 -0.519358
v -3.945719 -0.514635 -0.541873
v -3.945719 -0.537290 -0.564528
v -3.955975 -0.551570 -0.578807
v -3.980737 -0.519360 -0.492119
v -3.980737 -0.584724 -0.557482
v -3.955975 -0.578809 -0.551568
v -3.945718 -0.564530 -0.537288
v -3.945719 -0.541875 -0.514633
v -3.998108 -0.545851 -0.473066
v -3.998108 -0.579178 -0.506393
v -3.990609 -0.593537 -0.520753
v -3.966257 -0.600805 -0.528020
v -3.941905 -0.593537 -0.520753
v -3.934407 -0.579178 -0.506393
v -3.934407 -0.545851 -0.473066
v -3.966257 -0.550820 -0.578005
v -3.966257 -0.528022 -0.600803
v -3.941906 -0.520754 -0.593535
v -3.941905 -0.543551 -0.570737
v -3.998108 -0.523053 -0.495865
v -3.998108 -0.556380 -0.529191
v -3.934407 -0.495866 -0.523051
v -3.934407 -0.529193 -0.556379
v -3.934407 -0.506396 -0.579177
v -3.934407 -0.473068 -0.545850
v -3.966257 -0.578007 -0.550818
v -3.990609 -0.570740 -0.543550
v -3.998108 -0.529193 -0.556379
v -3.998108 -0.506396 -0.579177
v -3.990609 -0.520754 -0.593535
v -3.990609 -0.543551 -0.570737
v -3.934407 -0.556380 -0.529191
v -3.941906 -0.570740 -0.543550
v -3.998108 -0.473068 -0.545850
v -3.934407 -0.523053 -0.495865
v -3.998107 -0.495866 -0.523051
v -4.488353 -0.237764 -0.699426
v -4.437175 -0.259632 -0.781038
v -4.421634 -0.259632 -0.781038
v -4.370456 -0.237764 -0.699426
v -4.370456 -0.143807 -0.724602
v -4.421634 -0.165675 -0.806214
v -4.437176 -0.165675 -0.806214
v -4.488353 -0.143807 -0.724602
v -4.437175 -0.196994 -0.797821
v -4.488353 -0.175125 -0.716209
v -4.370456 -0.175125 -0.716209
v -4.421634 -0.196994 -0.797821
v -4.437175 -0.162555 -0.807050
v -4.437176 -0.082189 -0.711966
v -4.421634 -0.082189 -0.711966
v -4.421634 -0.162555 -0.807050
v -4.421634 -0.262751 -0.780202
v -4.421634 -0.284808 -0.657674
v -4.437175 -0.284808 -0.657674
v -4.437175 -0.262751 -0.780202
v -4.488353 -0.206445 -0.707818
v -4.370456 -0.206445 -0.707818
v -4.421634 -0.228313 -0.789430
v -4.437175 -0.228313 -0.789430
v -4.437176 -0.167839 -0.689015
v -4.421634 -0.167839 -0.689015
v -4.421634 -0.199159 -0.680624
v -4.437176 -0.199159 -0.680624
v -4.488353 -0.137688 -0.701765
v -4.370456 -0.137688 -0.701765
v -4.488353 -0.200326 -0.684981
v -4.370456 -0.200326 -0.684981
v -4.370456 -0.169007 -0.693373
v -4.488353 -0.169007 -0.693373
v -4.488353 -0.231645 -0.676589
v -4.370456 -0.231645 -0.676589
v -4.497380 -0.215411 -0.709169
v -4.497379 -0.168036 -0.721863
v -4.539767 -0.174894 -0.747461
v -4.539767 -0.222270 -0.734766
v -4.497379 -0.194801 -0.821755
v -4.497379 -0.242177 -0.809061
v -4.538859 -0.187652 -0.795072
v -4.545928 -0.181290 -0.771328
v -4.545928 -0.228665 -0.758634
v -4.538859 -0.235028 -0.782377
v -3.978116 -0.216367 -0.748737
v -4.501002 -0.228431 -0.792579
v -4.501002 -0.198465 -0.800608
v -3.978116 -0.186993 -0.756608
v -3.978116 -0.177787 -0.722255
v -4.501001 -0.180937 -0.735191
v -4.501001 -0.210903 -0.727160
v -3.978116 -0.207162 -0.714385
v -3.980737 -0.190435 -0.785125
v -3.980737 -0.166510 -0.695837
v -3.945719 -0.174751 -0.726592
v -3.945719 -0.183043 -0.757540
v -3.955975 -0.188270 -0.777046
v -3.980737 -0.203720 -0.685866
v -3.980737 -0.227644 -0.775155
v -3.955975 -0.225480 -0.767076
v -3.945718 -0.220253 -0.747570
v -3.945719 -0.211961 -0.716622
v -3.998108 -0.236188 -0.682612
v -3.998108 -0.248387 -0.728138
v -3.990609 -0.253642 -0.747753
v -3.966257 -0.256303 -0.757681
v -3.941905 -0.253642 -0.747753
v -3.934407 -0.248387 -0.728138
v -3.934407 -0.236188 -0.682612
v -3.966257 -0.188022 -0.775977
v -3.966257 -0.156879 -0.784321
v -3.941906 -0.154218 -0.774393
v -3.941905 -0.185361 -0.766048
v -3.998108 -0.205045 -0.690957
v -3.998108 -0.217244 -0.736483
v -3.934407 -0.167907 -0.700908
v -3.934407 -0.180105 -0.746434
v -3.934407 -0.148963 -0.754779
v -3.934407 -0.136764 -0.709253
v -3.966257 -0.225160 -0.766025
v -3.990609 -0.222500 -0.756097
v -3.998108 -0.180105 -0.746434
v -3.998108 -0.148963 -0.754779
v -3.990609 -0.154218 -0.774393
v -3.990609 -0.185361 -0.766048
v -3.934407 -0.217244 -0.736483
v -3.941906 -0.222500 -0.756097
v -3.998108 -0.136764 -0.709253
v -3.934407 -0.205045 -0.690957
v -3.998107 -0.167907 -0.700908
v -4.488353 0.143803 -0.724602
v -4.437175 0.165671 -0.806214
v -4.421634 0.165671 -0.806214
v -4.370456 0.143803 -0.724602
v -4.370456 0.237760 -0.699426
v -4.421634 0.259628 -0.781038
v -4.437176 0.259628 -0.781038
v -4.488353 0.237760 -0.699426
v -4.437175 0.228309 -0.789430
v -4.488353 0.206441 -0.707817
v -4.370456 0.206441 -0.707817
v -4.421634 0.228309 -0.789430
v -4.437175 0.262748 -0.780203
v -4.437176 0.284805 -0.657674
v -4.421634 0.284805 -0.657674
v -4.421634 0.262748 -0.780203
v -4.421634 0.162552 -0.807049
v -4.421634 0.082186 -0.711966
v -4.437175 0.082186 -0.711966
v -4.437175 0.162552 -0.807049
v -4.488353 0.175122 -0.716210
v -4.370456 0.175122 -0.716210
v -4.421634 0.196990 -0.797822
v -4.437175 0.196990 -0.797822
v -4.437176 0.199155 -0.680624
v -4.421634 0.199155 -0.680624
v -4.421634 0.167835 -0.689016
v -4.437176 0.167835 -0.689016
v -4.488353 0.231641 -0.676590
v -4.370456 0.231641 -0.676590
v -4.488353 0.169003 -0.693373
v -4.370456 0.169003 -0.693373
v -4.370456 0.200322 -0.684981
v -4.488353 0.200322 -0.684981
v -4.488353 0.137684 -0.701765
v -4.370456 0.137684 -0.701765
v -4.497380 0.168033 -0.721863
v -4.497379 0.215408 -0.709169
v -4.539767 0.222268 -0.734767
v -4.539767 0.174891 -0.747461
v -4.497379 0.242175 -0.809060
v -4.497379 0.194798 -0.821755
v -4.538859 0.235024 -0.782378
v -4.545928 0.228662 -0.758634
v -4.545928 0.181287 -0.771328
v -4.538859 0.187648 -0.795071
v -3.978116 0.186989 -0.756608
v -4.501002 0.198462 -0.800608
v -4.501002 0.228428 -0.792578
v -3.978116 0.216363 -0.748738
v -3.978116 0.207159 -0.714384
v -4.501001 0.210899 -0.727162
v -4.501001 0.180933 -0.735190
v -3.978116 0.177784 -0.722256
v -3.980737 0.227641 -0.775155
v -3.980737 0.203717 -0.685867
v -3.945719 0.211957 -0.716622
v -3.945719 0.220250 -0.747570
v -3.955975 0.225476 -0.767076
v -3.980737 0.166507 -0.695837
v -3.980737 0.190431 -0.785126
v -3.955975 0.188266 -0.777046
v -3.945718 0.183040 -0.757540
v -3.945719 0.174747 -0.726593
v -3.998108 0.136761 -0.709253
v -3.998108 0.148960 -0.754779
v -3.990609 0.154216 -0.774394
v -3.966257 0.156876 -0.784322
v -3.941905 0.154216 -0.774394
v -3.934407 0.148960 -0.754779
v -3.934407 0.136761 -0.709253
v -3.966257 0.225157 -0.766026
v -3.966257 0.256299 -0.757681
v -3.941906 0.253639 -0.747752
v -3.941905 0.222497 -0.756097
v -3.998108 0.167904 -0.700908
v -3.998108 0.180102 -0.746434
v -3.934407 0.205042 -0.690957
v -3.934407 0.217241 -0.736483
v -3.934407 0.248383 -0.728139
v -3.934407 0.236185 -0.682613
v -3.966257 0.188018 -0.775977
v -3.990609 0.185358 -0.766049
v -3.998108 0.217241 -0.736483
v -3.998108 0.248383 -0.728139
v -3.990609 0.253639 -0.747752
v -3.990609 0.222497 -0.756097
v -3.934407 0.180102 -0.746434
v -3.941906 0.185358 -0.766049
v -3.998108 0.236185 -0.682613
v -3.934407 0.167904 -0.700908
v -3.998107 0.205042 -0.690957
v -4.488353 0.486838 -0.555621
v -4.437175 0.546582 -0.615365
v -4.421634 0.546582 -0.615365
v -4.370456 0.486838 -0.555621
v -4.370456 0.555619 -0.486840
v -4.421634 0.615364 -0.546584
v -4.437176 0.615364 -0.546584
v -4.488353 0.555619 -0.486840
v -4.437175 0.592436 -0.569511
v -4.488353 0.532692 -0.509767
v -4.370456 0.532692 -0.509767
v -4.421634 0.592436 -0.569511
v -4.437175 0.617648 -0.544301
v -4.437176 0.575485 -0.427159
v -4.421634 0.575485 -0.427159
v -4.421634 0.617648 -0.544301
v -4.421634 0.544298 -0.617649
v -4.421634 0.427158 -0.575487
v -4.437175 0.427158 -0.575487
v -4.437175 0.544298 -0.617649
v -4.488353 0.509765 -0.532694
v -4.370456 0.509765 -0.532694
v -4.421634 0.569509 -0.592439
v -4.437175 0.569509 -0.592439
v -4.437176 0.512785 -0.489860
v -4.421634 0.512785 -0.489860
v -4.421634 0.489858 -0.512787
v -4.437176 0.489858 -0.512787
v -4.488353 0.538902 -0.470122
v -4.370456 0.538902 -0.470122
v -4.488353 0.493047 -0.515977
v -4.370456 0.493047 -0.515977
v -4.370456 0.515975 -0.493049
v -4.488353 0.515975 -0.493049
v -4.488353 0.470120 -0.538903
v -4.370456 0.470120 -0.538903
v -4.497380 0.506452 -0.541135
v -4.497379 0.541133 -0.506454
v -4.539767 0.559873 -0.525192
v -4.539767 0.525191 -0.559874
v -4.497379 0.614259 -0.579579
v -4.497379 0.579578 -0.614261
v -4.538859 0.594726 -0.560046
v -4.545928 0.577344 -0.542664
v -4.545928 0.542663 -0.577345
v -4.538859 0.560044 -0.594727
v -3.978116 0.540241 -0.561747
v -4.501002 0.572177 -0.594115
v -4.501002 0.594114 -0.572178
v -3.978116 0.561745 -0.540244
v -3.978116 0.536597 -0.515095
v -4.501001 0.546225 -0.524290
v -4.501001 0.524287 -0.546226
v -3.978116 0.515094 -0.536599
v -3.980737 0.584721 -0.557483
v -3.980737 0.519357 -0.492119
v -3.945719 0.541871 -0.514634
v -3.945719 0.564527 -0.537289
v -3.955975 0.578806 -0.551568
v -3.980737 0.492117 -0.519359
v -3.980737 0.557481 -0.584722
v -3.955975 0.551566 -0.578808
v -3.945718 0.537287 -0.564528
v -3.945719 0.514632 -0.541873
v -3.998108 0.473064 -0.545850
v -3.998108 0.506392 -0.579177
v -3.990609 0.520751 -0.593536
v -3.966257 0.528019 -0.600804
v -3.941905 0.520751 -0.593536
v -3.934407 0.506392 -0.579177
v -3.934407 0.473064 -0.545850
v -3.966257 0.578004 -0.550819
v -3.966257 0.600802 -0.528021
v -3.941906 0.593534 -0.520752
v -3.941905 0.570736 -0.543550
v -3.998108 0.495863 -0.523052
v -3.998108 0.529190 -0.556379
v -3.934407 0.523050 -0.495865
v -3.934407 0.556377 -0.529192
v -3.934407 0.579175 -0.506394
v -3.934407 0.545849 -0.473066
v -3.966257 0.550817 -0.578006
v -3.990609 0.543549 -0.570738
v -3.998108 0.556377 -0.529192
v -3.998108 0.579175 -0.506394
v -3.990609 0.593534 -0.520752
v -3.990609 0.570736 -0.543550
v -3.934407 0.529190 -0.556379
v -3.941906 0.543549 -0.570738
v -3.998108 0.545849 -0.473066
v -3.934407 0.495863 -0.523052
v -3.998107 0.523050 -0.495865
v -4.488353 0.699424 -0.237762
v -4.437175 0.781036 -0.259631
v -4.421634 0.781036 -0.259631
v -4.370456 0.699424 -0.237762
v -4.370456 0.724600 -0.143805
v -4.421634 0.806212 -0.165673
v -4.437176 0.806212 -0.165673
v -4.488353 0.724600 -0.143805
v -4.437175 0.797820 -0.196992
v -4.488353 0.716208 -0.175124
v -4.370456 0.716208 -0.175124
v -4.421634 0.797820 -0.196992
v -4.437175 0.807049 -0.162554
v -4.437176 0.711964 -0.082188
v -4.421634 0.711964 -0.082188
v -4.421634 0.807049 -0.162554
v -4.421634 0.780200 -0.262750
v -4.421634 0.657673 -0.284807
v -4.437175 0.657673 -0.284807
v -4.437175 0.780200 -0.262750
v -4.488353 0.707817 -0.206443
v -4.370456 0.707817 -0.206443
v -4.421634 0.789428 -0.228312
v -4.437175 0.789428 -0.228312
v -4.437176 0.689014 -0.167838
v -4.421634 0.689014 -0.167838
v -4.421634 0.680623 -0.199157
v -4.437176 0.680623 -0.199157
v -4.488353 0.701764 -0.137686
v -4.370456 0.701764 -0.137686
v -4.488353 0.684980 -0.200325
v -4.370456 0.684980 -0.200325
v -4.370456 0.693372 -0.169005
v -4.488353 0.693372 -0.169005
v -4.488353 0.676587 -0.231643
v -4.370456 0.676587 -0.231643
v -4.497380 0.709167 -0.215410
v -4.497379 0.721861 -0.168034
v -4.539767 0.747460 -0.174893
v -4.539767 0.734765 -0.222269
v -4.497379 0.821754 -0.194800
v -4.497379 0.809059 -0.242176
v -4.538859 0.795070 -0.187650
v -4.545928 0.771327 -0.181288
v -4.545928 0.758633 -0.228664
v -4.538859 0.782376 -0.235027
v -3.978116 0.748736 -0.216365
v -4.501002 0.792577 -0.228430
v -4.501002 0.800607 -0.198463
v -3.978116 0.756607 -0.186992
v -3.978116 0.722253 -0.177786
v -4.501001 0.735189 -0.180936
v -4.501001 0.727159 -0.210902
v -3.978116 0.714383 -0.207161
v -3.980737 0.785124 -0.190433
v -3.980737 0.695836 -0.166509
v -3.945719 0.726591 -0.174750
v -3.945719 0.757539 -0.183042
v -3.955975 0.777045 -0.188269
v -3.980737 0.685865 -0.203718
v -3.980737 0.775154 -0.227643
v -3.955975 0.767074 -0.225478
v -3.945718 0.747568 -0.220252
v -3.945719 0.716621 -0.211960
v -3.998108 0.682611 -0.236187
v -3.998108 0.728137 -0.248385
v -3.990609 0.747752 -0.253641
v -3.966257 0.757680 -0.256301
v -3.941905 0.747752 -0.253641
v -3.934407 0.728137 -0.248385
v -3.934407 0.682611 -0.236187
v -3.966257 0.775975 -0.188020
v -3.966257 0.784320 -0.156878
v -3.941906 0.774391 -0.154217
v -3.941905 0.766047 -0.185359
v -3.998108 0.690956 -0.205044
v -3.998108 0.736481 -0.217243
v -3.934407 0.700907 -0.167906
v -3.934407 0.746433 -0.180104
v -3.934407 0.754778 -0.148962
v -3.934407 0.709252 -0.136763
v -3.966257 0.766024 -0.225159
v -3.990609 0.756096 -0.222499
v -3.998108 0.746433 -0.180104
v -3.998108 0.754778 -0.148962
v -3.990609 0.774391 -0.154217
v -3.990609 0.766047 -0.185359
v -3.934407 0.736481 -0.217243
v -3.941906 0.756096 -0.222499
v -3.998108 0.709252 -0.136763
v -3.934407 0.690956 -0.205044
v -3.998107 0.700907 -0.167906
vn -1.0000 -0.0000 -0.0000
vn -0.0000 0.3907 -0.9205
vn 1.0000 -0.0000 -0.0000
vn -0.0000 -0.3907 0.9205
vn -0.0000 0.8137 0.5813
vn -0.0000 0.8079 -0.5893
vn -0.0000 0.9986 0.0523
vn -0.0000 0.2726 0.9621
vn -0.0000 -0.6489 0.7609
vn -0.0000 -0.1777 -0.9841
vn -0.0000 -0.9986 -0.0523
vn -0.0000 0.9834 0.1815
vn -0.0000 0.9205 0.3907
vn -0.0000 0.3907 0.9205
vn -0.0000 -0.3907 -0.9205
vn -0.0000 0.8137 -0.5813
vn -0.0000 0.8080 0.5892
vn -0.0000 0.9986 -0.0523
vn -0.0000 0.2726 -0.9621
vn -0.0000 -0.6489 -0.7609
vn -0.0000 -0.1777 0.9841
vn -0.0000 -0.9986 0.0523
vn -0.0000 0.9834 -0.1815
vn -0.0000 0.9205 -0.3907
vn -0.0000 -0.1569 0.9876
vn -0.0000 -0.1569 -0.9876
vn -0.0000 0.2588 -0.9659
vn -0.0000 -0.2588 0.9659
vn -0.8553 0.5004 0.1341
vn 0.8553 0.5004 0.1341
vn -0.0000 0.1772 0.9842
vn -0.0000 0.6455 -0.7637
vn -0.0000 0.9659 0.2588
vn -0.5301 -0.8190 -0.2194
vn -0.0001 0.2588 -0.9659
vn 0.0866 0.9623 0.2578
vn 0.0006 -0.2588 0.9659
vn -0.0254 -0.9656 -0.2588
vn -0.0254 -0.9656 -0.2587
vn 0.0006 0.2588 -0.9659
vn -0.9611 0.2670 0.0715
vn -0.9611 0.2669 0.0715
vn -0.9703 -0.2337 -0.0626
vn -0.5543 0.8040 0.2154
vn 0.3200 0.9151 0.2452
vn 0.8916 0.4374 0.1172
vn 0.6727 -0.7147 -0.1915
vn -0.0000 1.0000 -0.0001
vn -0.0000 0.8598 0.5106
vn -0.0000 0.5281 0.8492
vn -0.0000 0.0785 0.9969
vn -0.0000 -0.3810 0.9246
vn -0.0000 -0.7591 0.6509
vn -0.0000 -0.9729 0.2312
vn -0.0000 -0.9727 -0.2321
vn -0.0000 -0.7630 -0.6463
vn -0.0000 -0.3787 -0.9255
vn -0.0000 0.0814 -0.9967
vn -0.0000 0.5274 -0.8496
vn -0.0000 0.8511 -0.5251
vn -0.0000 0.8910 0.4540
vn -0.0000 0.3885 0.9215
vn -0.0000 -0.0000 1.0000
vn -0.0000 0.3884 0.9215
vn -0.0000 0.8910 -0.4540
vn -0.0000 0.3885 -0.9215
vn -0.0000 0.3884 -0.9215
vn -0.0000 -0.0000 -1.0000
vn 0.3827 0.9239 -0.0000
vn 0.9239 0.3827 -0.0000
vn -0.0000 1.0000 -0.0000
vn -0.0000 -1.0000 -0.0000
vn -0.7881 -0.6155 -0.0000
vn -0.7315 0.3095 -0.6075
vn -0.0000 0.4540 0.8910
vn -0.0000 0.4540 -0.8910
vn -0.0000 -0.8910 0.4540
vn 0.7315 0.3095 -0.6075
vn -0.7315 0.3095 0.6075
vn 0.7315 0.3095 0.6075
vn -0.0000 -0.8910 -0.4540
vn -0.0000 -0.8387 0.5446
vn -0.0000 -0.9922 -0.1243
vn -0.0000 -0.8660 -0.5000
vn -0.0000 -0.0523 0.9986
vn -0.0000 -0.0524 0.9986
vn -0.0000 0.6038 0.7971
vn -0.0000 0.8660 0.5000
vn -0.0000 0.6038 0.7972
vn 0.3827 -0.4619 0.8001
vn 0.9239 -0.1913 0.3314
vn -0.0000 -0.5000 0.8660
vn -0.0000 0.5000 -0.8660
vn -0.7881 0.3078 -0.5331
vn -0.0000 -0.0523 -0.9986
vn -0.0000 0.6038 -0.7971
vn -0.0000 0.8660 -0.5000
vn -0.0000 -0.8387 -0.5446
vn -0.0000 -0.8387 -0.5447
vn -0.0000 -0.9922 0.1243
vn -0.0000 -0.8660 0.5000
vn 0.3827 -0.4619 -0.8001
vn 0.9239 -0.1913 -0.3314
vn -0.0000 -0.5000 -0.8660
vn -0.0000 0.5000 0.8660
vn -0.7881 0.3078 0.5331
vn -0.0000 0.7071 -0.7071
vn -0.0000 -0.7071 0.7071
vn -0.8553 0.3664 0.3663
vn 0.8553 0.3663 0.3663
vn 0.8553 0.3664 0.3663
vn -0.0000 -0.3387 0.9409
vn -0.0000 0.9409 -0.3387
vn -0.0000 0.7071 0.7071
vn -0.8553 0.3663 0.3663
vn -0.5301 -0.5996 -0.5996
vn -0.0001 0.7071 -0.7071
vn 0.0866 0.7044 0.7044
vn 0.0006 -0.7071 0.7071
vn -0.0254 -0.7069 -0.7069
vn 0.0006 0.7071 -0.7071
vn -0.9611 0.1954 0.1954
vn -0.9703 -0.1711 -0.1711
vn -0.5543 0.5885 0.5885
vn 0.3200 0.6699 0.6699
vn 0.8916 0.3202 0.3202
vn 0.6727 -0.5232 -0.5232
vn -0.0000 0.9659 -0.2588
vn -0.0000 -0.9659 0.2588
vn -0.8553 0.1341 0.5004
vn 0.8553 0.1341 0.5004
vn -0.0000 -0.7637 0.6455
vn -0.0000 0.9842 0.1772
vn -0.0000 0.2588 0.9659
vn -0.5301 -0.2195 -0.8190
vn 0.0866 0.2578 0.9623
vn 0.0866 0.2579 0.9623
vn 0.0006 -0.9659 0.2588
vn -0.0254 -0.2587 -0.9656
vn -0.0254 -0.2588 -0.9656
vn 0.0006 0.9659 -0.2588
vn -0.9611 0.0715 0.2669
vn -0.9703 -0.0626 -0.2337
vn -0.5543 0.2154 0.8040
vn 0.3200 0.2452 0.9151
vn 0.8916 0.1172 0.4374
vn 0.6727 -0.1915 -0.7147
vn -0.0000 -0.9659 -0.2588
vn -0.8553 -0.1341 0.5004
vn 0.8553 -0.1341 0.5004
vn -0.0000 -0.9842 0.1772
vn -0.0000 0.7637 0.6455
vn -0.0000 0.9659 0.2589
vn -0.5301 0.2194 -0.8190
vn -0.0001 0.9659 0.2588
vn 0.0866 -0.2578 0.9623
vn 0.0006 -0.9659 -0.2588
vn -0.0254 0.2588 -0.9656
vn -0.0254 0.2587 -0.9656
vn 0.0006 0.9659 0.2588
vn -0.9611 -0.0715 0.2669
vn -0.9703 0.0626 -0.2337
vn -0.5543 -0.2154 0.8040
vn 0.3200 -0.2452 0.9151
vn 0.8916 -0.1172 0.4374
vn 0.6727 0.1915 -0.7147
vn -0.0000 -0.7071 -0.7071
vn -0.8553 -0.3663 0.3664
vn 0.8553 -0.3663 0.3663
vn -0.0000 -0.9409 -0.3386
vn -0.0000 0.3387 0.9409
vn 0.8553 -0.3663 0.3664
vn -0.5301 0.5996 -0.5996
vn -0.0001 0.7071 0.7071
vn 0.0866 -0.7044 0.7045
vn 0.0006 -0.7071 -0.7071
vn -0.0254 0.7069 -0.7069
vn 0.0006 0.7071 0.7071
vn -0.9611 -0.1954 0.1954
vn -0.9610 -0.1954 0.1954
vn -0.9703 0.1711 -0.1711
vn -0.5543 -0.5885 0.5885
vn 0.3200 -0.6699 0.6699
vn 0.8916 -0.3202 0.3202
vn 0.6727 0.5232 -0.5232
vn -0.0000 -0.2588 -0.9659
vn -0.8553 -0.5004 0.1341
vn 0.8553 -0.5004 0.1341
vn -0.0000 -0.6455 -0.7637
vn -0.0000 -0.1772 0.9842
vn -0.5301 0.8190 -0.2195
vn -0.0001 0.2588 0.9659
vn 0.0866 -0.9623 0.2578
vn 0.0866 -0.9623 0.2579
vn 0.0006 -0.2588 -0.9659
vn -0.0254 0.9656 -0.2588
vn 0.0006 0.2588 0.9659
vn -0.9611 -0.2670 0.0715
vn -0.9610 -0.2670 0.0715
vn -0.9611 -0.2669 0.0715
vn -0.9703 0.2337 -0.0626
vn -0.5543 -0.8040 0.2154
vn 0.3200 -0.9151 0.2452
vn 0.8916 -0.4374 0.1172
vn 0.6727 0.7147 -0.1915
vn -0.8553 -0.5004 -0.1341
vn -0.8553 -0.5004 -0.1340
vn 0.8553 -0.5004 -0.1341
vn -0.0000 -0.1772 -0.9842
vn -0.0000 -0.6455 0.7637
vn -0.0000 0.2589 -0.9659
vn -0.0000 -0.2589 0.9659
vn -0.5301 0.8190 0.2194
vn -0.0001 -0.2588 0.9659
vn 0.0866 -0.9623 -0.2579
vn -0.0254 0.9656 0.2588
vn -0.0254 0.9656 0.2587
vn -0.9611 -0.2669 -0.0715
vn -0.9703 0.2337 0.0626
vn -0.5543 -0.8040 -0.2154
vn 0.3200 -0.9151 -0.2452
vn 0.8916 -0.4374 -0.1172
vn 0.6727 0.7147 0.1915
vn -0.8553 -0.3664 -0.3663
vn 0.8553 -0.3664 -0.3663
vn -0.0000 0.3387 -0.9409
vn -0.0000 -0.9409 0.3387
vn -0.5301 0.5996 0.5996
vn -0.0001 -0.7071 0.7071
vn 0.0866 -0.7045 -0.7044
vn 0.0866 -0.7044 -0.7044
vn -0.0254 0.7069 0.7069
vn -0.9611 -0.1954 -0.1954
vn -0.9703 0.1711 0.1711
vn -0.5543 -0.5885 -0.5885
vn 0.3200 -0.6699 -0.6699
vn 0.8916 -0.3202 -0.3202
vn 0.6727 0.5232 0.5232
vn -0.8553 -0.1341 -0.5004
vn 0.8553 -0.1341 -0.5004
vn -0.0000 0.7637 -0.6455
vn -0.0000 -0.9842 -0.1772
vn -0.0000 -0.2589 -0.9659
vn -0.5301 0.2195 0.8190
vn -0.0001 -0.9659 0.2588
vn 0.0866 -0.2579 -0.9623
vn -0.0254 0.2587 0.9656
vn -0.0254 0.2588 0.9656
vn -0.9611 -0.0715 -0.2669
vn -0.9703 0.0626 0.2337
vn -0.5543 -0.2154 -0.8040
vn 0.3200 -0.2452 -0.9151
vn 0.8916 -0.1172 -0.4374
vn 0.6727 0.1915 0.7147
vn -0.8553 0.1341 -0.5004
vn 0.8553 0.1341 -0.5004
vn -0.0000 0.9842 -0.1772
vn -0.0000 -0.7637 -0.6455
vn -0.5301 -0.2195 0.8190
vn -0.5301 -0.2194 0.8190
vn -0.0001 -0.9659 -0.2588
vn 0.0866 0.2578 -0.9623
vn -0.0254 -0.2587 0.9656
vn -0.9611 0.0715 -0.2669
vn -0.9611 0.0715 -0.2670
vn -0.9703 -0.0626 0.2337
vn -0.5543 0.2154 -0.8040
vn 0.3200 0.2452 -0.9151
vn 0.8916 0.1172 -0.4374
vn 0.6727 -0.1915 0.7147
vn -0.8553 0.3663 -0.3664
vn 0.8553 0.3663 -0.3664
vn 0.8553 0.3663 -0.3663
vn -0.0000 0.9409 0.3387
vn -0.0000 -0.3387 -0.9409
vn -0.5301 -0.5996 0.5996
vn -0.0001 -0.7071 -0.7071
vn 0.0866 0.7044 -0.7044
vn 0.0866 0.7044 -0.7045
vn -0.0254 -0.7069 0.7069
vn -0.0254 -0.7068 0.7069
vn -0.9611 0.1954 -0.1954
vn -0.9703 -0.1711 0.1711
vn -0.5543 0.5885 -0.5885
vn 0.3200 0.6699 -0.6699
vn 0.8916 0.3202 -0.3202
vn 0.6727 -0.5232 0.5232
vn -0.8553 0.5004 -0.1341
vn 0.8553 0.5004 -0.1341
vn -0.0000 0.6455 0.7637
vn -0.0000 0.1772 -0.9842
vn -0.0000 0.9659 -0.2589
vn -0.5301 -0.8190 0.2195
vn -0.0001 -0.2588 -0.9659
vn 0.0866 0.9623 -0.2579
vn -0.0254 -0.9656 0.2587
vn -0.0254 -0.9656 0.2588
vn -0.9611 0.2670 -0.0715
vn -0.9611 0.2669 -0.0715
vn -0.9703 -0.2337 0.0626
vn -0.5543 0.8040 -0.2154
vn -0.5543 0.8039 -0.2154
vn 0.3200 0.9151 -0.2452
vn 0.8916 0.4374 -0.1172
vn 0.6727 -0.7147 0.1915
vn -0.5301 -0.8190 -0.2195
vn 0.0866 0.9623 0.2579
vn 0.0001 -0.2588 0.9659
vn -0.0000 -0.8387 0.5447
vn -0.0000 -0.3386 0.9409
vn 0.0866 0.7045 0.7044
vn -0.5543 0.2154 0.8039
vn -0.0000 -0.9659 0.2589
vn -0.5301 0.2195 -0.8190
vn -0.8553 -0.3664 0.3663
vn -0.0000 -0.9409 -0.3387
vn 0.0866 -0.7045 0.7044
vn -0.0001 -0.7071 -0.7072
vn 0.0001 -0.7070 -0.7072
vn 0.0001 0.7071 0.7071
vn 0.0001 -0.2588 -0.9659
vn -0.0254 0.9656 -0.2587
vn -0.5543 -0.8039 0.2154
vn 0.0001 -0.2589 -0.9659
vn -0.0000 0.2589 0.9659
vn 0.0866 -0.9623 -0.2578
vn -0.0000 0.3386 -0.9409
vn -0.0000 0.7071 -0.7072
vn 0.0001 -0.7072 0.7071
vn 0.0001 0.7071 -0.7071
vn -0.0000 0.7638 -0.6455
vn -0.0001 0.9659 -0.2588
vn 0.0866 -0.2578 -0.9623
vn 0.0001 -0.9659 0.2588
vn 0.0866 0.2579 -0.9623
vn -0.0254 -0.2588 0.9656
vn -0.0000 -0.9659 -0.2589
vn -0.8553 0.3663 -0.3663
vn 0.0866 0.7045 -0.7044
vn 0.0001 0.7071 0.7072
vn 0.0001 -0.7071 -0.7071
vn 0.6728 -0.7147 0.1915
vn -0.1484 0.9718 0.1832
vn 0.2193 0.7003 0.6793
vn 0.2207 0.9548 0.1989
vn -0.1362 0.2058 0.9691
vn 0.2323 0.2268 0.9458
vn -0.0878 -0.2912 0.9526
vn 0.2563 -0.2412 0.9360
vn -0.0599 -0.4966 0.8659
vn 0.2606 -0.4321 0.8634
vn 0.9315 0.0185 0.3634
vn 0.9150 0.3857 0.1185
vn 0.9188 0.1426 0.3680
vn -0.1074 0.9434 -0.3139
vn 0.2376 0.9334 -0.2690
vn 0.2401 0.8559 -0.4580
vn 0.6185 0.7666 -0.1725
vn 0.6022 0.7283 -0.3270
vn 0.9115 0.4026 -0.0841
vn 0.6147 0.7680 0.1798
vn 0.9257 0.3782 -0.0057
vn 0.6179 0.5678 0.5439
vn 0.9138 0.2979 0.2762
vn 0.6236 0.2090 0.7533
vn 0.6330 -0.1431 0.7608
vn 0.9189 -0.0596 0.3901
vn -0.0814 0.8519 -0.5174
vn -0.6382 0.7109 -0.2955
vn -0.5963 0.6564 -0.4621
vn -0.9783 0.1436 -0.1493
vn -0.6796 0.7264 0.1017
vn -0.9889 0.1441 -0.0351
vn -0.6959 0.5088 0.5068
vn -0.1625 0.7053 0.6900
vn -0.9933 0.0744 0.0879
vn -0.6698 0.1098 0.7344
vn -0.9859 -0.0467 0.1607
vn -0.6223 -0.2870 0.7283
vn -0.9735 -0.1608 0.1629
vn -0.5786 -0.4543 0.6774
vn -0.9610 -0.2130 0.1765
vn 0.1072 -0.0000 -0.9942
vn -0.0592 -0.3085 -0.9494
vn -0.0592 -0.0000 -0.9982
vn 0.1072 -0.5844 -0.8044
vn -0.0592 -0.5868 -0.8076
vn -0.0592 -0.8076 -0.5868
vn 0.1071 -0.8044 -0.5844
vn -0.0592 -0.9494 -0.3085
vn 0.1072 -0.9456 -0.3072
vn -0.0592 -0.9982 -0.0000
vn 0.1072 -0.9942 -0.0000
vn -0.0592 -0.9494 0.3085
vn 0.1072 -0.9456 0.3072
vn -0.0592 -0.8076 0.5868
vn 0.1071 -0.8044 0.5844
vn -0.0592 -0.5868 0.8076
vn 0.1072 -0.3072 0.9456
vn -0.0592 -0.3085 0.9494
vn -0.0592 -0.0000 0.9982
vn 0.1072 0.3072 0.9456
vn -0.0592 0.3085 0.9494
vn -0.0592 0.5868 0.8076
vn 0.1072 0.8044 0.5844
vn -0.0592 0.8076 0.5868
vn -0.0592 0.9494 0.3085
vn 0.1072 0.9456 0.3072
vn -0.0592 0.9982 -0.0000
vn 0.1072 0.9942 -0.0000
vn -0.0592 0.9494 -0.3085
vn 0.1072 0.8044 -0.5844
vn -0.0592 0.8076 -0.5868
vn -0.0592 0.5868 -0.8076
vn 0.3239 -0.5561 -0.7654
vn 0.3239 -0.7654 -0.5561
vn 0.1072 0.3072 -0.9456
vn -0.0592 0.3085 -0.9494
vn -0.0600 -0.9493 -0.3085
vn -0.0600 -0.8076 -0.5867
vn 0.3239 -0.7654 0.5561
vn 0.6069 -0.4672 0.6430
vn 0.3239 -0.5561 0.7654
vn 0.1072 -0.5844 0.8044
vn 0.3239 -0.2924 -0.8998
vn 0.1072 -0.3072 -0.9456
vn 0.1072 0.5844 0.8044
vn 0.3239 0.7654 0.5561
vn 0.1071 0.5844 -0.8044
vn 0.3239 0.7654 -0.5561
vn 0.3239 0.5561 -0.7654
vn 0.3239 -0.8998 0.2924
vn 0.1072 -0.0000 0.9942
vn 0.3239 0.2924 0.8998
vn 0.1072 0.9456 -0.3072
vn 0.3239 0.9461 -0.0000
vn 0.3239 0.8998 -0.2924
vn 0.3239 -0.8998 -0.2924
vn 0.3239 -0.2924 0.8998
vn 0.3239 0.8998 0.2924
vn 0.3239 0.2924 -0.8998
vn 0.3239 0.5561 0.7654
vn 0.3239 -0.9461 -0.0000
vn 0.3239 -0.0000 0.9461
vn 0.3239 -0.0000 -0.9461
vn 0.6069 -0.7948 -0.0000
vn 0.8573 -0.4896 -0.1591
vn 0.8573 -0.5148 -0.0000
vn 0.6069 -0.2456 -0.7559
vn 0.6069 0.7559 -0.2456
vn 0.6069 -0.2456 0.7559
vn 0.6069 -0.4672 -0.6430
vn 0.6069 0.6430 -0.4672
vn 0.6069 -0.0000 0.7948
vn 0.6069 -0.6430 -0.4672
vn 0.6069 0.4672 -0.6430
vn 0.6069 0.2456 0.7559
vn 0.6069 -0.7559 -0.2456
vn 0.6069 0.2456 -0.7559
vn 0.6069 0.4672 0.6430
vn 0.6069 -0.0000 -0.7948
vn 0.6069 0.6430 0.4672
vn 0.6069 -0.7559 0.2456
vn 0.6069 0.7559 0.2456
vn 0.6069 -0.6430 0.4672
vn 0.6069 0.7948 -0.0000
vn 0.8573 0.4896 0.1591
vn 0.9802 0.1978 -0.0000
vn 0.8573 0.5148 -0.0000
vn 0.8573 -0.0000 -0.5148
vn 0.8573 0.4165 0.3026
vn 0.8573 -0.4896 0.1591
vn 0.8573 -0.4165 0.3026
vn 0.8573 -0.3026 0.4165
vn 0.8573 -0.1591 -0.4896
vn 0.8573 0.4896 -0.1591
vn 0.8573 -0.1591 0.4896
vn 0.8573 -0.3026 -0.4165
vn 0.8573 0.4165 -0.3026
vn 0.8573 -0.0000 0.5148
vn 0.8573 -0.4165 -0.3026
vn 0.8573 0.3026 -0.4165
vn 0.8573 0.1591 0.4896
vn 0.8573 0.1591 -0.4896
vn 0.8573 0.3026 0.4165
vn 0.9803 0.1880 0.0611
vn 0.9803 -0.0000 0.1977
vn 0.9803 -0.1880 0.0611
vn 0.9803 -0.1599 0.1162
vn 0.9803 -0.1162 0.1600
vn 0.9803 -0.0611 -0.1880
vn 0.9803 0.1880 -0.0611
vn 0.9803 -0.0611 0.1880
vn 0.9803 -0.1162 -0.1599
vn 0.9803 0.1599 -0.1162
vn 0.9803 -0.1599 -0.1162
vn 0.9803 0.1162 -0.1600
vn 0.9803 0.0611 0.1880
vn 0.9803 -0.1880 -0.0611
vn 0.9803 0.0611 -0.1881
vn 0.9803 0.1162 0.1599
vn 0.9803 -0.1977 -0.0000
vn 0.9803 -0.0000 -0.1977
vn 0.9803 0.1599 0.1162
vn -0.0600 0.9982 -0.0000
vn -0.0000 0.9511 0.3090
vn -0.0600 0.9493 0.3085
vn -0.0600 -0.5867 0.8076
vn -0.0600 0.8076 0.5867
vn -0.0600 0.5867 -0.8076
vn -0.0600 -0.3085 -0.9493
vn -0.0600 -0.8076 0.5867
vn -0.0600 -0.9493 0.3085
vn -0.0600 0.3085 0.9493
vn -0.0600 0.9493 -0.3085
vn -0.0600 -0.3085 0.9493
vn -0.0600 0.3085 -0.9493
vn -0.0600 -0.5867 -0.8076
vn -0.0600 -0.0000 -0.9982
vn -0.0600 0.5867 0.8076
vn -0.0600 0.8076 -0.5867
vn -0.0600 -0.9982 -0.0000
vn -0.0600 -0.0000 0.9982
vn -0.0000 -0.8090 0.5878
vn -0.0000 0.9511 -0.3090
vn -0.0000 -0.5878 0.8090
vn -0.0000 -0.3090 -0.9511
vn -0.0000 0.8090 -0.5878
vn -0.0000 -0.3090 0.9511
vn -0.0000 -0.5878 -0.8090
vn -0.0000 -0.8090 -0.5878
vn -0.0000 0.5878 -0.8090
vn -0.0000 0.5878 0.8090
vn -0.0000 0.3090 0.9511
vn -0.0000 -0.9511 -0.3090
vn -0.0000 0.3090 -0.9511
vn -0.0000 0.8090 0.5878
vn -0.0000 -0.9511 0.3090
vn 0.2116 -0.0000 -0.9774
vn 0.9665 -0.0000 -0.2567
vn 0.6774 -0.5201 -0.5201
vn 0.6774 -0.0000 -0.7356
vn 0.2116 -0.6911 -0.6911
vn 0.2116 -0.9774 -0.0000
vn 0.9665 -0.1815 -0.1815
vn 0.6774 -0.7356 -0.0000
vn 0.9665 -0.1815 0.1815
vn 0.6774 -0.5201 0.5201
vn 0.2116 -0.6911 0.6911
vn 0.2116 -0.0000 0.9774
vn 0.9665 -0.0000 0.2567
vn 0.6774 -0.0000 0.7356
vn 0.6774 0.5201 0.5201
vn 0.2116 0.6911 0.6911
vn 0.9665 0.1815 0.1815
vn 0.2116 0.9774 -0.0000
vn 0.9665 0.2567 -0.0000
vn 0.6774 0.7356 -0.0000
vn 0.6774 0.5201 -0.5201
vn 0.2116 0.6911 -0.6911
vn 0.9665 -0.2567 -0.0000
vn -0.0000 0.7136 0.7006
vn 0.4073 0.6058 0.6834
vn 0.7055 0.3113 0.6367
vn 0.8147 -0.0910 0.5727
vn 0.7055 -0.4933 0.5088
vn 0.4073 -0.7878 0.4621
vn -0.0000 -0.8956 0.4449
vn -0.4073 -0.7878 0.4621
vn -0.4073 -0.7878 0.4620
vn -0.7055 -0.4933 0.5088
vn -0.8147 -0.0910 0.5727
vn -0.7055 0.3113 0.6367
vn -0.4073 0.6058 0.6834
vn -0.0000 -0.9876 -0.1569
vn -0.5000 -0.8553 -0.1359
vn 0.5000 0.8553 0.1359
vn 0.8660 0.4938 0.0784
vn -0.5000 0.8553 0.1359
vn -0.8660 0.4938 0.0784
vn 0.5000 -0.8553 -0.1359
vn -0.8660 -0.4938 -0.0784
vn -0.8660 -0.4938 -0.0785
vn -0.0000 0.9876 0.1569
vn 0.8660 -0.4938 -0.0785
vn -0.0000 0.7136 -0.7006
vn 0.4073 0.6058 -0.6834
vn 0.7055 0.3113 -0.6367
vn 0.8147 -0.0910 -0.5727
vn 0.7055 -0.4933 -0.5088
vn 0.4073 -0.7878 -0.4620
vn -0.0000 -0.8956 -0.4449
vn -0.4073 -0.7878 -0.4620
vn -0.7055 -0.4933 -0.5088
vn -0.8147 -0.0910 -0.5727
vn -0.7055 0.3113 -0.6367
vn -0.4073 0.6058 -0.6834
vn -0.5000 -0.8553 0.1359
vn -0.0000 -0.9876 0.1569
vn 0.8660 0.4938 -0.0785
vn 0.5000 0.8553 -0.1359
vn -0.5000 0.8553 -0.1359
vn -0.8660 0.4938 -0.0785
vn 0.5000 -0.8553 0.1359
vn -0.8660 -0.4938 0.0785
vn -0.0000 0.9876 -0.1569
vn 0.8660 -0.4938 0.0784
vn 0.7231 0.6672 0.1788
vn -0.9844 0.1699 0.0455
vn 0.9844 0.1699 0.0455
vn -0.7231 0.6672 0.1788
vn -0.9844 0.1700 0.0455
vn 0.9844 0.1700 0.0455
vn -0.4669 -0.4015 0.7879
vn 0.4669 -0.4014 0.7880
vn -0.9554 0.1340 -0.2630
vn -0.9554 -0.1340 0.2630
vn 0.9554 0.1340 -0.2630
vn 0.9554 -0.1340 0.2630
vn 0.4669 0.4015 -0.7879
vn 0.4669 -0.4014 0.7879
vn -0.4669 0.4015 -0.7879
vn 0.4669 0.8843 -0.0000
vn -0.4669 0.8843 -0.0000
vn 0.9554 -0.2952 -0.0000
vn 0.9554 0.2952 -0.0000
vn -0.9554 -0.2952 -0.0000
vn -0.9554 0.2952 -0.0000
vn -0.4669 -0.8843 -0.0000
vn -0.9555 0.2952 -0.0000
vn 0.4669 -0.8843 -0.0000
vn 0.4669 -0.4015 0.7879
vn 0.9555 0.2951 -0.0000
vn 0.4669 -0.4015 -0.7879
vn -0.4669 -0.4015 -0.7879
vn -0.9554 -0.1340 -0.2630
vn -0.9554 0.1340 0.2630
vn -0.9555 0.1340 0.2630
vn 0.9554 0.1340 0.2630
vn 0.9554 -0.1340 -0.2630
vn 0.9555 0.1340 0.2630
vn 0.4669 0.4015 0.7879
vn -0.4669 0.4015 0.7879
vn -0.9555 -0.1340 -0.2630
vn -0.4669 0.4014 0.7880
vn 0.4669 0.4014 0.7879
vn -0.9554 -0.2952 0.0001
vn -0.4669 -0.8843 0.0001
vn -0.1442 0.1945 -0.9703
vn 0.2194 0.6891 -0.6907
vn 0.2247 0.2119 -0.9511
vn -0.1404 0.9708 -0.1946
vn 0.2284 0.9498 -0.2139
vn -0.0945 0.9485 0.3025
vn 0.2500 0.9343 0.2542
vn -0.0672 0.8594 0.5069
vn 0.2536 0.8593 0.4441
vn 0.9296 0.3686 -0.0089
vn 0.9164 0.3942 0.0693
vn 0.9277 0.0040 -0.3732
vn -0.1007 -0.3028 -0.9477
vn 0.2441 -0.2561 -0.9353
vn 0.2471 -0.4461 -0.8602
vn 0.6235 -0.1596 -0.7654
vn 0.6078 -0.3147 -0.7290
vn 0.9141 -0.0742 -0.3987
vn 0.6177 0.1926 -0.7624
vn 0.9164 0.1282 -0.3793
vn 0.6179 0.5542 -0.5577
vn 0.9138 0.2848 -0.2895
vn 0.6206 0.7592 -0.1964
vn 0.6281 0.7624 0.1559
vn 0.9176 0.3746 -0.1330
vn -0.0740 -0.5073 -0.8586
vn -0.6328 -0.2901 -0.7179
vn -0.5903 -0.4572 -0.6653
vn -0.9767 -0.1528 -0.1506
vn -0.6763 0.1071 -0.7288
vn -0.9880 -0.0386 -0.1498
vn -0.6959 0.5093 -0.5063
vn -0.1625 0.6978 -0.6976
vn -0.9934 0.0835 -0.0786
vn -0.6732 0.7321 -0.1043
vn -0.9870 0.1548 0.0434
vn -0.6277 0.7213 0.2927
vn -0.9752 0.1557 0.1575
vn -0.5846 0.6686 0.4596
vn -0.9630 0.1687 0.2100
vn -0.1446 -0.9709 -0.1907
vn 0.2194 -0.6935 -0.6862
vn 0.2243 -0.9520 -0.2081
vn -0.1400 -0.1983 -0.9701
vn 0.2287 -0.2177 -0.9488
vn -0.0939 0.2988 -0.9497
vn 0.2506 0.2504 -0.9352
vn -0.0665 0.5036 -0.8614
vn 0.2543 0.4406 -0.8609
vn 0.9297 -0.0108 -0.3681
vn 0.9162 -0.3803 -0.1262
vn 0.9177 -0.1350 -0.3736
vn -0.1014 -0.9465 0.3064
vn 0.2435 -0.9344 0.2599
vn 0.2465 -0.8586 0.4496
vn 0.6230 -0.7650 0.1629
vn 0.6073 -0.7281 0.3179
vn 0.9138 -0.3989 0.0763
vn 0.6175 -0.7635 -0.1893
vn 0.9275 -0.3737 -0.0021
vn 0.6179 -0.5602 -0.5517
vn 0.9138 -0.2911 -0.2831
vn 0.6209 -0.1996 -0.7581
vn 0.6286 0.1526 -0.7626
vn 0.9166 0.0674 -0.3940
vn -0.0747 -0.8566 0.5106
vn -0.6333 -0.7165 0.2926
vn -0.5908 -0.6632 0.4595
vn -0.9769 -0.1495 0.1529
vn -0.6766 -0.7289 -0.1046
vn -0.9881 -0.1492 0.0387
vn -0.6959 -0.5079 -0.5077
vn -0.1625 -0.7002 -0.6952
vn -0.9934 -0.0784 -0.0837
vn -0.6729 -0.1068 -0.7320
vn -0.9869 0.0433 -0.1555
vn -0.6272 0.2902 -0.7228
vn -0.9750 0.1574 -0.1568
vn -0.5841 0.4572 -0.6707
vn -0.9628 0.2098 -0.1700
vn -0.1480 -0.1869 0.9712
vn 0.2193 -0.6821 0.6976
vn 0.2211 -0.2028 0.9539
vn -0.1366 -0.9698 0.2021
vn 0.2320 -0.9468 0.2230
vn -0.0884 -0.9514 -0.2949
vn 0.2558 -0.9352 -0.2450
vn -0.0606 -0.8639 -0.4999
vn 0.2600 -0.8618 -0.4356
vn 0.9313 -0.3639 0.0166
vn 0.9186 -0.3903 -0.0616
vn 0.9259 0.0037 0.3777
vn -0.1068 0.3103 0.9446
vn 0.2382 0.2652 0.9343
vn 0.2407 0.4546 0.8576
vn 0.6190 0.1692 0.7670
vn 0.6027 0.3239 0.7293
vn 0.9117 0.0821 0.4025
vn 0.6150 -0.1831 0.7670
vn 0.9151 -0.1204 0.3848
vn 0.6179 -0.5464 0.5654
vn 0.9138 -0.2778 0.2964
vn 0.6233 -0.7544 0.2058
vn 0.6326 -0.7605 -0.1464
vn 0.9187 -0.3690 0.1407
vn -0.0807 0.5141 0.8539
vn -0.6377 0.2930 0.7124
vn -0.5957 0.4599 0.6585
vn -0.9782 0.1492 0.1446
vn -0.6793 -0.1042 0.7264
vn -0.9889 0.0350 0.1447
vn -0.6959 -0.5084 0.5072
vn -0.1625 -0.6927 0.7027
vn -0.9934 -0.0877 0.0745
vn -0.6701 -0.7345 0.1073
vn -0.9860 -0.1600 -0.0469
vn -0.6228 -0.7268 -0.2896
vn -0.9736 -0.1618 -0.1609
vn -0.5791 -0.6753 -0.4567
vn -0.9612 -0.1752 -0.2132
vn -0.4669 -0.4816 -0.7417
vn 0.4669 -0.4817 -0.7416
vn -0.4669 -0.4816 -0.7416
vn -0.9554 0.1608 0.2476
vn -0.9554 -0.1607 -0.2475
vn 0.9554 0.1608 0.2475
vn 0.9554 -0.1607 -0.2475
vn 0.4669 0.4817 0.7416
vn 0.9554 -0.1608 -0.2475
vn -0.9554 0.1608 0.2475
vn -0.4669 0.4817 0.7416
vn 0.4669 -0.4422 0.7658
vn -0.4669 -0.4422 0.7658
vn 0.9554 0.1476 -0.2556
vn 0.9554 -0.1476 0.2556
vn -0.9554 0.1476 -0.2556
vn -0.9555 -0.1476 0.2556
vn -0.4669 0.4421 -0.7658
vn -0.4669 0.4421 -0.7659
vn 0.4669 0.4422 -0.7658
vn -0.4669 -0.4817 -0.7416
vn -0.9554 0.1607 0.2476
vn -0.9554 -0.1608 -0.2476
vn -0.9554 -0.1608 -0.2475
vn 0.9554 0.1608 0.2476
vn 0.9554 -0.1608 -0.2476
vn 0.9555 -0.1607 -0.2475
vn 0.4669 0.4816 0.7416
vn -0.4669 0.4816 0.7416
vn 0.4669 -0.4421 0.7658
vn 0.9554 -0.1475 0.2556
vn -0.9554 -0.1476 0.2556
vn -0.4669 0.4422 -0.7658
vn 0.9554 0.1607 0.2476
vn 0.4669 0.4816 0.7417
vn -0.4669 0.4816 0.7417
vn 0.9555 -0.1476 0.2556
vn 0.4669 0.8831 0.0463
vn -0.4669 0.8831 0.0463
vn -0.9554 0.2948 0.0154
vn -0.9554 -0.2948 -0.0154
vn -0.9554 -0.2947 -0.0154
vn 0.9554 -0.2948 -0.0154
vn 0.9554 0.2948 0.0155
vn 0.4669 -0.8831 -0.0463
vn -0.4669 -0.8831 -0.0463
vn -0.9555 0.2947 0.0154
vn -0.9554 0.2948 0.0155
vn 0.9554 0.2948 0.0154
vn 0.9555 -0.2947 -0.0154
vn 0.4669 -0.4421 0.7659
vn -0.4669 -0.4421 0.7658
vn 0.9555 0.1476 -0.2556
vn -0.9554 0.1475 -0.2556
vn -0.9554 0.1475 -0.2557
vn 0.4669 0.4421 -0.7659
vn -0.4669 0.8831 -0.0463
vn 0.4669 0.8831 -0.0463
vn -0.9554 -0.2948 0.0154
vn -0.9554 0.2948 -0.0154
vn 0.9554 -0.2948 0.0154
vn 0.9554 0.2948 -0.0154
vn 0.4669 -0.8831 0.0463
vn 0.9554 0.2948 -0.0155
vn -0.4669 -0.8831 0.0463
vn 0.4669 -0.4421 -0.7658
vn -0.4669 -0.4421 -0.7659
vn 0.9554 0.1476 0.2556
vn 0.9554 -0.1476 -0.2556
vn -0.9554 0.1476 0.2556
vn -0.9555 -0.1476 -0.2556
vn -0.4669 0.4422 0.7658
vn 0.4669 0.4421 0.7659
vn 0.4669 0.4421 0.7658
vn -0.9554 0.2948 -0.0155
vn 0.9554 0.2947 -0.0154
vn 0.4669 -0.4422 -0.7658
vn -0.4669 -0.4421 -0.7658
vn -0.9554 -0.1476 -0.2556
vn -0.4669 0.4421 0.7658
vn 0.9555 -0.1476 -0.2556
vn 0.4669 -0.4816 0.7416
vn -0.4669 -0.4816 0.7416
vn -0.4669 -0.4816 0.7417
vn -0.9554 -0.1608 0.2475
vn -0.9554 0.1608 -0.2476
vn -0.9555 0.1607 -0.2475
vn 0.9554 0.1608 -0.2476
vn 0.9554 -0.1608 0.2475
vn 0.9555 0.1607 -0.2475
vn 0.4669 0.4816 -0.7417
vn -0.4669 0.4816 -0.7417
vn -0.9555 -0.1607 0.2475
vn 0.4669 0.4816 -0.7416
vn -0.4669 -0.4422 -0.7658
vn -0.9554 0.1475 0.2556
vn -0.9554 -0.1475 -0.2556
vn 0.4669 0.4422 0.7658
vn 0.4669 -0.4816 0.7417
vn 0.9554 -0.1607 0.2476
vn 0.9554 0.1608 -0.2475
vn -0.9554 0.1608 -0.2475
vn 0.7231 0.4884 0.4885
vn -0.9844 0.1244 0.1243
vn 0.9844 0.1244 0.1244
vn -0.7230 0.4885 0.4885
vn -0.7231 0.4885 0.4885
vn -0.9844 0.1244 0.1244
vn 0.7231 0.1788 0.6672
vn -0.9844 0.0455 0.1699
vn 0.9844 0.0455 0.1699
vn -0.7231 0.1788 0.6673
vn -0.7231 0.1788 0.6672
vn -0.9844 0.0455 0.1700
vn 0.7231 0.1788 0.6673
vn 0.9844 0.0455 0.1700
vn 0.7231 -0.1788 0.6672
vn -0.9844 -0.0455 0.1700
vn 0.9844 -0.0455 0.1699
vn -0.7231 -0.1788 0.6673
vn -0.7231 -0.1788 0.6672
vn 0.9844 -0.0455 0.1700
vn 0.7231 -0.1788 0.6673
vn -0.7230 -0.1788 0.6673
vn 0.7231 -0.4885 0.4884
vn -0.9844 -0.1244 0.1244
vn 0.9844 -0.1244 0.1244
vn -0.7230 -0.4885 0.4885
vn -0.7231 -0.4885 0.4884
vn -0.7231 -0.4885 0.4885
vn 0.7231 -0.6672 0.1788
vn -0.9844 -0.1700 0.0455
vn 0.9844 -0.1699 0.0455
vn -0.7231 -0.6673 0.1788
vn -0.7230 -0.6673 0.1788
vn -0.7231 -0.6672 0.1788
vn -0.9844 -0.1699 0.0455
vn 0.7231 -0.6673 0.1788
vn 0.9844 -0.1700 0.0455
vn 0.7231 -0.6672 -0.1788
vn -0.9844 -0.1698 -0.0455
vn 0.9844 -0.1699 -0.0455
vn -0.7231 -0.6672 -0.1788
vn -0.9844 -0.1700 -0.0455
vn 0.9844 -0.1700 -0.0455
vn -0.9844 -0.1699 -0.0455
vn -0.7231 -0.6673 -0.1788
vn -0.9844 -0.1700 -0.0454
vn 0.7231 -0.4884 -0.4885
vn -0.9844 -0.1244 -0.1244
vn 0.9844 -0.1244 -0.1244
vn -0.7230 -0.4885 -0.4885
vn -0.7231 -0.4885 -0.4885
vn 0.7231 -0.4885 -0.4885
vn 0.7231 -0.1788 -0.6672
vn -0.9844 -0.0455 -0.1699
vn 0.9844 -0.0455 -0.1699
vn -0.7231 -0.1788 -0.6673
vn -0.7231 -0.1788 -0.6672
vn -0.9844 -0.0455 -0.1700
vn 0.7231 -0.1788 -0.6673
vn 0.9844 -0.0455 -0.1700
vn -0.9844 -0.0456 -0.1699
vn 0.7231 0.1788 -0.6672
vn -0.9844 0.0455 -0.1700
vn 0.9844 0.0455 -0.1699
vn -0.7231 0.1788 -0.6673
vn -0.7231 0.1788 -0.6672
vn 0.9844 0.0455 -0.1700
vn 0.7231 0.4885 -0.4884
vn -0.9844 0.1244 -0.1244
vn 0.9844 0.1244 -0.1244
vn -0.7231 0.4885 -0.4885
vn 0.7231 0.4885 -0.4885
vn 0.7231 0.6672 -0.1788
vn -0.9844 0.1700 -0.0455
vn 0.9844 0.1699 -0.0455
vn -0.7231 0.6673 -0.1788
vn -0.7231 0.6672 -0.1788
vn -0.9844 0.1699 -0.0455
vn 0.7231 0.6673 -0.1788
vn 0.9844 0.1700 -0.0455
vn 0.6186 -0.2988 0.7267
vn -0.9669 0.1560 -0.2021
vn 0.9665 0.1815 -0.1815
vn 0.6130 0.7263 0.3111
vn -0.9649 -0.2053 -0.1637
vn 0.6135 0.3079 -0.7272
vn -0.9651 -0.1624 0.2054
vn 0.6181 -0.7258 -0.3019
vn -0.9667 0.2019 0.1573
vn -0.9844 -0.0455 0.1699
vn -0.9844 0.0455 -0.1699
vt 0.854271 0.490000
vt 0.844221 0.480000
vt 0.844221 0.470000
vt 0.844221 0.490000
vt 0.839196 0.510000
vt 0.839196 0.490000
vt 0.874372 0.510000
vt 0.884422 0.520000
vt 0.884422 0.530000
vt 0.889447 0.510000
vt 0.884422 0.490000
vt 0.889447 0.490000
vt 0.874372 0.490000
vt 0.839196 0.460000
vt 0.849246 0.440000
vt 0.839196 0.440000
vt 0.849246 0.460000
vt 0.864322 0.440000
vt 0.879397 0.440000
vt 0.864322 0.460000
vt 0.879397 0.460000
vt 0.839196 0.430000
vt 0.849246 0.410000
vt 0.839196 0.410000
vt 0.864322 0.430000
vt 0.879397 0.430000
vt 0.864322 0.410000
vt 0.849246 0.430000
vt 0.864322 0.470000
vt 0.879397 0.470000
vt 0.839196 0.470000
vt 0.844221 0.510000
vt 0.854271 0.510000
vt 0.673367 0.410000
vt 0.678392 0.450000
vt 0.673367 0.450000
vt 0.673367 0.750000
vt 0.678392 0.790000
vt 0.673367 0.790000
vt 0.673367 0.110000
vt 0.678392 0.150000
vt 0.673367 0.150000
vt 0.673367 0.350000
vt 0.678392 0.390000
vt 0.673367 0.390000
vt 0.678392 0.710000
vt 0.678392 0.750000
vt 0.673367 0.050000
vt 0.678392 0.090000
vt 0.673367 0.090000
vt 0.673367 0.310000
vt 0.678392 0.350000
vt 0.673367 0.690000
vt 0.678392 0.650000
vt 0.678392 0.690000
vt 0.673367 0.010000
vt 0.678392 0.050000
vt 0.673367 0.250000
vt 0.678392 0.290000
vt 0.673367 0.290000
vt 0.673367 0.610000
vt 0.673367 0.650000
vt 0.673367 0.990000
vt 0.678392 0.950000
vt 0.678392 0.990000
vt 0.673367 0.550000
vt 0.678392 0.590000
vt 0.673367 0.590000
vt 0.673367 0.950000
vt 0.678392 0.910000
vt 0.673367 0.510000
vt 0.678392 0.550000
vt 0.673367 0.850000
vt 0.678392 0.890000
vt 0.673367 0.890000
vt 0.678392 0.210000
vt 0.678392 0.250000
vt 0.673367 0.490000
vt 0.678392 0.490000
vt 0.673367 0.810000
vt 0.678392 0.850000
vt 0.673367 0.190000
vt 0.678392 0.190000
vt 0.941328 0.806921
vt 0.891960 0.878298
vt 0.842592 0.806921
vt 0.884422 0.510000
vt 0.889446 0.390000
vt 0.884422 0.400000
vt 0.884421 0.390000
vt 0.894472 0.400000
vt 0.889447 0.400000
vt 0.894471 0.390000
vt 0.899498 0.400000
vt 0.839196 0.390000
vt 0.844221 0.400000
vt 0.839196 0.400000
vt 0.849246 0.390000
vt 0.844221 0.390000
vt 0.854271 0.400000
vt 0.849246 0.400000
vt 0.869346 0.390000
vt 0.874372 0.400000
vt 0.869347 0.400000
vt 0.864322 0.400000
vt 0.864321 0.390000
vt 0.854271 0.390000
vt 0.859297 0.400000
vt 0.879396 0.390000
vt 0.874371 0.390000
vt 0.859296 0.390000
vt 0.879397 0.400000
vt 0.853224 0.347841
vt 0.853094 0.362605
vt 0.840244 0.362159
vt 0.894473 0.390000
vt 0.899498 0.390000
vt 0.889448 0.390000
vt 0.884422 0.390000
vt 0.864322 0.390000
vt 0.869347 0.390000
vt 0.874372 0.390000
vt 0.879397 0.390000
vt 0.859297 0.390000
vt 0.840307 0.347617
vt 0.853160 0.347617
vt 0.846734 0.369767
vt 0.892504 0.171358
vt 0.887001 0.180001
vt 0.887003 0.164722
vt 0.892503 0.186632
vt 0.887001 0.195279
vt 0.887001 0.180000
vt 0.893434 0.199481
vt 0.893434 0.195279
vt 0.893434 0.175798
vt 0.887001 0.175798
vt 0.892503 0.167152
vt 0.892503 0.169166
vt 0.892340 0.181007
vt 0.884233 0.178993
vt 0.892340 0.178993
vt 0.888941 0.169623
vt 0.889953 0.185757
vt 0.888941 0.185757
vt 0.894662 0.178993
vt 0.894662 0.181007
vt 0.887000 0.184202
vt 0.892501 0.192852
vt 0.886997 0.199481
vt 0.893436 0.164726
vt 0.887004 0.160520
vt 0.893437 0.160524
vt 0.889953 0.190377
vt 0.893433 0.180005
vt 0.886692 0.191404
vt 0.893329 0.185188
vt 0.886692 0.168596
vt 0.883717 0.174516
vt 0.886841 0.187724
vt 0.895178 0.174516
vt 0.889953 0.169623
vt 0.885461 0.180000
vt 0.885460 0.184201
vt 0.885461 0.160520
vt 0.887001 0.160520
vt 0.885464 0.160519
vt 0.885461 0.175798
vt 0.887001 0.199480
vt 0.885461 0.195279
vt 0.885463 0.164721
vt 0.886081 0.183178
vt 0.882826 0.176822
vt 0.886081 0.176822
vt 0.892816 0.176822
vt 0.892816 0.183178
vt 0.891017 0.188554
vt 0.887807 0.188671
vt 0.887807 0.171329
vt 0.889416 0.170530
vt 0.891017 0.171446
vt 0.879397 0.190000
vt 0.839196 0.180000
vt 0.879397 0.180000
vt 0.839196 0.170000
vt 0.879397 0.170000
vt 0.879397 0.160000
vt 0.839196 0.160000
vt 0.839196 0.200000
vt 0.879397 0.200000
vt 0.896061 0.183178
vt 0.897727 0.176822
vt 0.897727 0.183178
vt 0.881167 0.176822
vt 0.882826 0.183178
vt 0.881167 0.183178
vt 0.887433 0.182496
vt 0.889293 0.187034
vt 0.885347 0.182496
vt 0.889293 0.172966
vt 0.887433 0.177504
vt 0.885347 0.177504
vt 0.890610 0.177504
vt 0.888908 0.182496
vt 0.888908 0.177504
vt 0.882265 0.177504
vt 0.882265 0.182496
vt 0.896630 0.182496
vt 0.890610 0.182496
vt 0.889417 0.171745
vt 0.891408 0.175873
vt 0.889416 0.180000
vt 0.889417 0.180000
vt 0.891408 0.184128
vt 0.889417 0.188255
vt 0.889416 0.184178
vt 0.891408 0.188306
vt 0.889416 0.192433
vt 0.889417 0.175822
vt 0.889417 0.167567
vt 0.891408 0.171694
vt 0.839196 0.260000
vt 0.844221 0.200000
vt 0.844221 0.260000
vt 0.894472 0.650000
vt 0.894472 0.640000
vt 0.909548 0.650000
vt 0.500000 0.416667
vt 0.500000 0.333333
vt 0.909548 0.640000
vt 0.904523 0.660000
vt 0.984925 0.140000
vt 0.929648 0.055312
vt 0.866520 0.140313
vt 0.849246 0.110000
vt 0.839196 0.010000
vt 0.849246 0.010000
vt 0.864322 0.160000
vt 0.854271 0.140000
vt 0.864322 0.140000
vt 0.849246 0.130000
vt 0.839196 0.110000
vt 0.994975 0.140000
vt 0.984925 0.040000
vt 0.994975 0.040000
vt 0.929648 0.010000
vt 0.919598 0.050000
vt 0.929648 0.050000
vt 0.949749 0.070000
vt 0.949749 0.050000
vt 0.969849 0.010000
vt 0.949749 0.055312
vt 0.949749 0.010000
vt 0.959799 0.010000
vt 0.959799 0.050000
vt 0.994975 0.010000
vt 0.984925 0.010000
vt 1.000000 0.890000
vt 0.994975 0.930000
vt 0.994975 0.890000
vt 0.839196 1.000000
vt 0.994975 0.990000
vt 1.000000 1.000000
vt 0.994975 0.950000
vt 0.844221 0.990000
vt 0.844221 0.950000
vt 0.844221 0.930000
vt 0.839196 0.940000
vt 0.839196 0.930000
vt 0.844221 0.890000
vt 0.839196 0.950000
vt 0.839196 0.990000
vt 1.000000 0.990000
vt 1.000000 0.950000
vt 1.000000 0.880000
vt 0.839196 0.880000
vt 1.000000 0.940000
vt 0.984925 0.047500
vt 0.854428 0.130313
vt 0.854271 0.160000
vt 0.839196 0.190000
vt 0.892501 0.190838
vt 0.893434 0.180000
vt 0.896630 0.177504
vt 0.884422 0.470000
vt 0.884422 0.480000
vt 0.844221 0.530000
vt 0.844221 0.520000
vt 0.879397 0.410000
vt 0.849246 0.470000
vt 0.678392 0.410000
vt 0.678392 0.110000
vt 0.673367 0.710000
vt 0.678392 0.310000
vt 0.678392 0.010000
vt 0.678392 0.610000
vt 0.673367 0.910000
vt 0.678392 0.510000
vt 0.673367 0.210000
vt 0.678392 0.810000
vt 0.840052 0.775000
vt 0.842592 0.743079
vt 0.849965 0.714283
vt 0.861449 0.691430
vt 0.875920 0.676758
vt 0.922471 0.691430
vt 0.891960 0.671702
vt 0.908001 0.676758
vt 0.933955 0.714283
vt 0.941328 0.743079
vt 0.943869 0.775000
vt 0.933955 0.835717
vt 0.922471 0.858570
vt 0.908001 0.873242
vt 0.875920 0.873242
vt 0.861449 0.858570
vt 0.849965 0.835717
vt 0.899496 0.390000
vt 0.850331 0.367915
vt 0.846604 0.369764
vt 0.842912 0.367657
vt 0.839314 0.354742
vt 0.840373 0.347395
vt 0.843136 0.342085
vt 0.846863 0.340235
vt 0.850556 0.342342
vt 0.854153 0.355258
vt 0.843023 0.367788
vt 0.840307 0.362383
vt 0.839313 0.355000
vt 0.843024 0.342212
vt 0.846734 0.340233
vt 0.850444 0.342212
vt 0.854154 0.355000
vt 0.853160 0.362383
vt 0.850444 0.367788
vt 0.892504 0.173372
vt 0.892503 0.188646
vt 0.884233 0.181007
vt 0.888941 0.190377
vt 0.893433 0.184206
vt 0.893329 0.174812
vt 0.892054 0.187724
vt 0.885458 0.199480
vt 0.885461 0.199481
vt 0.889416 0.189470
vt 0.896061 0.176822
vt 0.888748 0.183825
vt 0.883273 0.187034
vt 0.883273 0.172966
vt 0.888748 0.176175
vt 0.886347 0.180000
vt 0.886347 0.171745
vt 0.890739 0.172717
vt 0.890739 0.179029
vt 0.886347 0.188255
vt 0.890739 0.180972
vt 0.890739 0.187283
vt 0.890739 0.185150
vt 0.890739 0.191462
vt 0.886347 0.192433
vt 0.886347 0.184178
vt 0.890739 0.174850
vt 0.886347 0.175822
vt 0.886347 0.167567
vt 0.890739 0.168539
vt 0.899498 0.630000
vt 0.904523 0.630000
vt 0.899498 0.660000
vt 0.839196 0.130000
vt 0.984925 0.160000
vt 0.919598 0.010000
vt 0.929648 0.070000
vt 1.000000 0.930000
vt 0.839196 0.890000
vt 0.869347 0.630000
vt 0.849246 0.640000
vt 0.849246 0.630000
vt 0.869347 0.650000
vt 0.849246 0.650000
vt 0.869347 0.660000
vt 0.849246 0.660000
vt 0.869347 0.670000
vt 0.849246 0.670000
vt 0.880221 0.658724
vt 0.886848 0.662880
vt 0.881997 0.662880
vt 0.869347 0.620000
vt 0.849246 0.620000
vt 0.849246 0.610000
vt 0.844221 0.620000
vt 0.844221 0.610000
vt 0.839196 0.610000
vt 0.844221 0.630000
vt 0.839196 0.630000
vt 0.839196 0.620000
vt 0.844221 0.640000
vt 0.839196 0.640000
vt 0.844221 0.650000
vt 0.844221 0.660000
vt 0.839196 0.650000
vt 0.839196 0.670000
vt 0.839196 0.660000
vt 0.869347 0.610000
vt 0.874372 0.620000
vt 0.874372 0.610000
vt 0.879397 0.620000
vt 0.874372 0.630000
vt 0.879397 0.630000
vt 0.874372 0.640000
vt 0.869347 0.640000
vt 0.879397 0.640000
vt 0.874372 0.650000
vt 0.879397 0.650000
vt 0.874372 0.660000
vt 0.879397 0.660000
vt 0.874372 0.670000
vt 0.879397 0.670000
vt 0.886888 0.643403
vt 0.884422 0.644949
vt 0.881957 0.643403
vt 0.145729 0.250000
vt 0.311558 0.200000
vt 0.311558 0.250000
vt 0.145729 0.150000
vt 0.311558 0.150000
vt 0.311558 0.100000
vt 0.145729 0.100000
vt 0.311558 0.050000
vt 0.145729 0.050000
vt 0.311558 -0.000000
vt 0.145729 1.000000
vt 0.311558 0.950000
vt 0.311558 1.000000
vt 0.145729 0.950000
vt 0.311558 0.900000
vt 0.145729 0.900000
vt 0.311558 0.850000
vt 0.145729 0.800000
vt 0.311558 0.800000
vt 0.311558 0.750000
vt 0.145729 0.700000
vt 0.311558 0.700000
vt 0.311558 0.650000
vt 0.145729 0.600000
vt 0.311558 0.600000
vt 0.311558 0.550000
vt 0.145729 0.550000
vt 0.311558 0.500000
vt 0.145729 0.500000
vt 0.311558 0.450000
vt 0.145729 0.400000
vt 0.311558 0.400000
vt 0.311558 0.350000
vt 0.085427 0.150000
vt 0.085427 0.110000
vt 0.145729 0.300000
vt 0.311558 0.300000
vt 0.512563 0.050000
vt 0.512563 0.090000
vt 0.085427 0.890000
vt 0.045226 0.850000
vt 0.085427 0.850000
vt 0.145729 0.850000
vt 0.085427 0.210000
vt 0.145729 0.200000
vt 0.145729 0.650000
vt 0.085427 0.610000
vt 0.145729 0.350000
vt 0.085427 0.390000
vt 0.085427 0.350000
vt 0.085427 0.950000
vt 0.145729 0.750000
vt 0.085427 0.710000
vt 0.145729 0.450000
vt 0.085427 0.490000
vt 0.085427 0.450000
vt 0.085427 0.050000
vt 0.085427 0.810000
vt 0.085427 0.550000
vt 0.085427 0.310000
vt 0.085427 0.910000
vt 0.085427 0.650000
vt 0.085427 0.410000
vt 0.085427 0.010000
vt 0.145729 -0.000000
vt 0.085427 0.750000
vt 0.085427 0.510000
vt 0.085427 0.250000
vt 0.045226 0.020000
vt 0.015075 0.050000
vt 0.015075 0.030000
vt 0.045226 0.220000
vt 0.045226 0.450000
vt 0.045226 0.820000
vt 0.085427 0.190000
vt 0.045226 0.150000
vt 0.045226 0.420000
vt 0.085427 0.790000
vt 0.045226 0.750000
vt 0.045226 0.120000
vt 0.045226 0.380000
vt 0.045226 0.350000
vt 0.045226 0.720000
vt 0.045226 0.080000
vt 0.045226 0.050000
vt 0.045226 0.320000
vt 0.085427 0.690000
vt 0.045226 0.650000
vt 0.085427 0.290000
vt 0.045226 0.250000
vt 0.045226 0.620000
vt 0.085427 0.990000
vt 0.045226 0.950000
vt 0.085427 0.590000
vt 0.045226 0.550000
vt 0.045226 0.920000
vt 0.045226 0.520000
vt 0.015075 0.550000
vt 0.000000 0.540000
vt 0.015075 0.530000
vt 0.045226 0.280000
vt 0.015075 0.250000
vt 0.015075 0.630000
vt 0.045226 0.980000
vt 0.015075 0.950000
vt 0.015075 0.570000
vt 0.015075 0.930000
vt 0.015075 0.870000
vt 0.015075 0.850000
vt 0.015075 0.230000
vt 0.015075 0.470000
vt 0.015075 0.450000
vt 0.015075 0.830000
vt 0.045226 0.180000
vt 0.015075 0.150000
vt 0.015075 0.430000
vt 0.045226 0.780000
vt 0.015075 0.750000
vt 0.015075 0.130000
vt 0.015075 0.370000
vt 0.015075 0.350000
vt 0.015075 0.730000
vt 0.015075 0.070000
vt 0.015075 0.330000
vt 0.015075 0.670000
vt 0.015075 0.650000
vt 0.953345 0.878086
vt 0.945036 0.854673
vt 0.953658 0.831713
vt -0.000000 0.860000
vt 0.000000 0.850000
vt 0.000000 0.240000
vt -0.000000 0.460000
vt -0.000000 0.450000
vt 0.000000 0.840000
vt 0.000000 0.160000
vt 0.000000 0.150000
vt -0.000000 0.440000
vt 0.000000 0.760000
vt 0.000000 0.750000
vt 0.000000 0.140000
vt -0.000000 0.360000
vt 0.000000 0.350000
vt 0.000000 0.740000
vt -0.000000 0.060000
vt 0.000000 0.050000
vt -0.000000 0.340000
vt 0.000000 0.660000
vt 0.000000 0.650000
vt -0.000000 0.040000
vt 0.000000 0.260000
vt 0.000000 0.250000
vt 0.000000 0.640000
vt -0.000000 0.960000
vt 0.000000 0.950000
vt -0.000000 0.560000
vt 0.000000 0.550000
vt 0.000000 0.940000
vt 0.512563 0.510000
vt 0.512563 0.550000
vt 0.512563 0.850000
vt 0.512563 0.590000
vt 0.512563 0.350000
vt 0.512563 0.190000
vt 0.512563 0.910000
vt 0.512563 0.950000
vt 0.512563 0.690000
vt 0.512563 0.450000
vt 0.512563 0.790000
vt 0.512563 0.290000
vt 0.512563 0.150000
vt 0.512563 0.890000
vt 0.512563 0.210000
vt 0.512563 0.250000
vt 0.512563 0.650000
vt 0.512563 0.390000
vt 0.512563 0.990000
vt 0.512563 0.750000
vt 0.512563 0.490000
vt 0.512563 0.810000
vt 0.512563 0.110000
vt 0.512563 0.710000
vt 0.512563 0.310000
vt 0.839196 0.350000
vt 0.839196 0.690000
vt 0.839196 0.050000
vt 0.839196 0.290000
vt 0.839196 0.550000
vt 0.839196 0.590000
vt 0.839196 0.910000
vt 0.839196 0.250000
vt 0.839196 0.850000
vt 0.839196 0.450000
vt 0.839196 0.790000
vt 0.839196 0.150000
vt 0.839196 0.750000
vt 0.839196 0.090000
vt 0.849246 0.550000
vt 0.864322 0.540000
vt 0.864322 0.550000
vt 0.844221 0.540000
vt 0.844221 0.550000
vt 0.849246 0.540000
vt 0.849246 0.530000
vt 0.864322 0.530000
vt 0.839196 0.540000
vt 0.864322 0.600000
vt 0.864322 0.610000
vt 0.839196 0.600000
vt 0.844221 0.600000
vt 0.849246 0.600000
vt 0.849246 0.590000
vt 0.864322 0.590000
vt 0.844221 0.590000
vt 0.844221 0.580000
vt 0.849246 0.580000
vt 0.864322 0.580000
vt 0.839196 0.580000
vt 0.849246 0.570000
vt 0.864322 0.570000
vt 0.839196 0.570000
vt 0.844221 0.570000
vt 0.844221 0.560000
vt 0.849246 0.560000
vt 0.864368 0.600000
vt 0.865827 0.592995
vt 0.869347 0.590093
vt 0.864322 0.560000
vt 0.864321 0.370000
vt 0.869346 0.370000
vt 0.859296 0.370000
vt 0.854271 0.370000
vt 0.849246 0.370000
vt 0.844221 0.370000
vt 0.839196 0.370000
vt 0.899496 0.370000
vt 0.894471 0.370000
vt 0.889446 0.370000
vt 0.884421 0.370000
vt 0.879396 0.370000
vt 0.874371 0.370000
vt 0.889447 0.410000
vt 0.844221 0.410000
vt 0.869347 0.410000
vt 0.859297 0.410000
vt 0.884422 0.410000
vt 0.854271 0.410000
vt 0.894472 0.410000
vt 0.874372 0.410000
vt 0.869347 0.370000
vt 0.874372 0.370000
vt 0.879397 0.370000
vt 0.889448 0.370000
vt 0.884422 0.370000
vt 0.899498 0.370000
vt 0.894473 0.370000
vt 0.864322 0.370000
vt 0.859297 0.370000
vt 0.892547 0.180000
vt 0.890826 0.175822
vt 0.892547 0.175822
vt 0.892548 0.167567
vt 0.890826 0.171745
vt 0.890826 0.167567
vt 0.890826 0.192433
vt 0.889417 0.192433
vt 0.890826 0.184178
vt 0.890826 0.180000
vt 0.892547 0.188255
vt 0.890826 0.188255
vt 0.904523 0.670000
vt 0.914573 0.640000
vt 0.889447 0.640000
vt 0.889447 0.650000
vt 0.894472 0.630000
vt 0.889447 0.630000
vt 0.889447 0.660000
vt 0.894472 0.660000
vt 0.909548 0.630000
vt 0.914573 0.630000
vt 0.909548 0.660000
vt 0.914573 0.650000
vt 0.914573 0.660000
vt 0.899498 0.620000
vt 0.904523 0.620000
vt 0.899498 0.670000
vt 0.880221 0.658725
vt 0.879571 0.655599
vt 0.888623 0.658724
vt 0.886888 0.643402
vt 0.881957 0.643402
vt 0.889273 0.655599
vt 0.884422 0.664401
vt 0.844221 0.670000
vt 0.879397 0.610000
vt 0.880152 0.639179
vt 0.888693 0.639179
vt 0.879491 0.635051
vt 0.889353 0.635051
vt 0.045226 0.880000
vt 0.085427 0.090000
vt 0.045226 0.480000
vt 0.045226 0.680000
vt 0.045226 0.580000
vt 0.015075 0.270000
vt 0.015075 0.970000
vt 0.015075 0.170000
vt 0.015075 0.770000
vt 0.967295 0.840936
vt 0.968989 0.847779
vt 0.969538 0.855329
vt 0.968887 0.862846
vt 0.967101 0.869596
vt 0.964355 0.874917
vt 0.960916 0.878289
vt 0.957122 0.879380
vt 0.949953 0.874532
vt 0.947279 0.869066
vt 0.945585 0.862223
vt 0.945687 0.847156
vt 0.947473 0.840406
vt 0.950219 0.835085
vt 0.957452 0.830621
vt 0.961229 0.831916
vt 0.964621 0.835470
vt 0.512563 0.410000
vt 0.512563 0.010000
vt 0.512563 0.610000
vt 0.839196 0.310000
vt 0.839196 0.210000
vt 0.839196 0.810000
vt 0.839196 0.710000
vt 0.839196 0.530000
vt 0.872867 0.592995
vt 0.874325 0.600000
vt 0.872867 0.607005
vt 0.869347 0.609907
vt 0.865827 0.607005
vt 0.839196 0.560000
vt 0.872867 0.592994
vt 0.899498 0.410000
vt 0.892547 0.171745
vt 0.892547 0.192433
vt 0.892547 0.184178
vt 0.888623 0.658725
vt 0.888692 0.639179
s 1
usemtl tsar
f 46/1/1 47/2/1 48/3/1
f 47/4/2 50/5/2 48/6/2
f 52/7/3 53/8/3 54/9/3
f 54/10/4 44/11/4 43/12/4
f 44/11/5 52/7/5 45/13/5
f 56/14/6 58/15/6 55/16/6
f 57/17/7 60/18/7 58/15/7
f 62/19/8 59/20/8 61/21/8
f 58/15/3 64/22/3 55/16/3
f 64/22/9 65/23/9 66/24/9
f 67/25/3 58/15/3 60/18/3
f 60/18/3 68/26/3 67/25/3
f 68/26/10 70/27/10 67/25/10
f 67/25/11 65/23/11 63/28/11
f 57/17/1 70/29/1 59/20/1
f 59/20/1 69/30/1 61/21/1
f 66/31/1 57/17/1 56/14/1
f 46/1/12 49/32/12 47/4/12
f 45/13/13 51/33/13 46/1/13
f 214/34/1 216/35/1 213/36/1
f 223/37/1 238/38/1 221/39/1
f 224/40/1 240/41/1 222/42/1
f 225/43/1 215/44/1 214/45/1
f 223/37/1 241/46/1 237/47/1
f 227/48/1 239/49/1 224/50/1
f 228/51/1 233/52/1 225/43/1
f 226/53/1 243/54/1 241/55/1
f 230/56/1 242/57/1 227/48/1
f 220/58/1 234/59/1 228/60/1
f 231/61/1 243/54/1 229/62/1
f 230/63/1 247/64/1 244/65/1
f 196/66/1 246/67/1 231/68/1
f 232/69/1 249/70/1 247/64/1
f 195/71/1 248/72/1 196/66/1
f 217/73/1 249/74/1 218/75/1
f 220/58/1 252/76/1 245/77/1
f 195/78/1 216/35/1 250/79/1
f 221/80/1 251/81/1 217/73/1
f 219/82/1 240/41/1 252/83/1
f 264/84/1 268/85/1 235/86/1
f 338/13/1 339/1/1 335/3/1
f 336/12/14 342/87/14 337/11/14
f 345/33/3 346/7/3 341/9/3
f 335/6/15 344/32/15 343/5/15
f 339/1/16 344/32/16 340/4/16
f 348/15/17 350/14/17 347/16/17
f 348/15/18 352/20/18 349/17/18
f 352/20/19 354/19/19 353/21/19
f 355/22/3 348/15/3 347/16/3
f 355/22/20 358/23/20 356/28/20
f 351/18/3 356/28/3 359/25/3
f 351/18/3 360/26/3 354/19/3
f 361/27/21 360/26/21 359/25/21
f 356/28/22 361/27/22 359/25/22
f 361/29/1 349/17/1 352/20/1
f 352/20/1 362/30/1 361/29/1
f 349/17/1 357/31/1 350/14/1
f 342/87/23 338/13/23 337/11/23
f 346/7/24 339/1/24 338/13/24
f 379/88/25 386/89/25 381/90/25
f 379/88/25 393/91/25 385/92/25
f 377/93/25 394/94/25 393/91/25
f 375/95/25 395/96/25 394/97/25
f 371/98/25 395/96/25 373/99/25
f 371/98/25 397/100/25 396/101/25
f 364/102/25 398/103/25 390/104/25
f 364/102/25 389/105/25 365/106/25
f 369/107/25 399/108/25 397/100/25
f 383/109/25 398/103/25 387/110/25
f 367/111/25 389/105/25 399/108/25
f 381/90/25 400/112/25 383/109/25
f 408/113/25 410/114/25 402/115/25
f 430/107/26 434/101/26 428/98/26
f 434/101/26 426/99/26 428/98/26
f 426/99/26 442/97/26 424/95/26
f 442/94/26 422/116/26 424/117/26
f 443/91/26 420/118/26 422/116/26
f 420/118/26 445/89/26 418/119/26
f 440/104/26 436/120/26 414/121/26
f 413/122/26 440/104/26 414/121/26
f 445/89/26 416/123/26 418/119/26
f 436/120/26 448/108/26 432/124/26
f 416/123/26 437/103/26 413/122/26
f 448/108/26 430/107/26 432/124/26
f 451/125/26 455/126/26 439/127/26
f 460/128/27 462/129/27 459/130/27
f 464/131/28 466/132/28 463/133/28
f 467/134/29 466/132/29 465/135/29
f 470/136/30 463/133/30 469/137/30
f 469/137/27 467/138/27 470/139/27
f 471/140/31 473/141/31 474/142/31
f 476/143/32 478/144/32 475/145/32
f 471/140/33 470/146/33 467/147/33
f 480/148/28 482/149/28 479/150/28
f 460/151/29 479/152/29 482/153/29
f 482/154/33 475/145/33 478/144/33
f 461/155/30 480/148/30 462/129/30
f 483/156/1 471/140/1 467/157/1
f 484/158/3 474/142/3 473/141/3
f 485/159/3 475/145/3 481/160/3
f 486/161/1 478/144/1 477/162/1
f 466/132/28 488/163/28 463/133/28
f 479/150/28 490/164/28 480/148/28
f 469/137/27 492/165/27 468/166/27
f 459/130/1 489/167/1 479/152/1
f 469/137/3 488/163/3 491/168/3
f 468/169/1 487/170/1 466/132/1
f 462/129/27 493/171/27 459/130/27
f 462/129/3 490/164/3 494/163/3
f 496/172/34 498/173/34 495/174/34
f 496/172/3 500/175/3 499/176/3
f 501/177/28 497/178/28 496/172/28
f 498/179/27 503/180/35 504/181/27
f 505/182/36 507/183/36 508/184/36
f 508/184/37 510/185/37 509/186/37
f 512/187/38 510/185/39 511/188/39
f 511/189/40 505/182/40 512/190/40
f 501/191/41 503/192/42 502/193/41
f 503/194/43 497/195/43 502/196/43
f 500/175/44 501/191/44 499/176/44
f 516/197/28 513/198/28 515/199/28
f 519/200/27 521/201/27 522/202/27
f 519/203/45 517/204/45 520/205/45
f 517/204/46 521/201/46 520/205/46
f 521/201/3 515/199/3 522/202/3
f 518/206/47 515/199/47 514/207/47
f 519/203/1 514/208/1 513/209/1
f 524/210/27 526/211/27 528/212/27
f 538/213/28 531/214/28 543/215/28
f 546/216/28 540/217/28 535/218/28
f 537/219/27 542/220/27 530/221/27
f 552/222/48 554/223/48 551/224/48
f 552/189/49 555/224/49 556/222/49
f 556/189/50 557/224/50 558/222/50
f 557/223/51 560/222/51 558/189/51
f 560/189/52 561/224/52 562/222/52
f 561/223/53 564/222/53 562/189/53
f 564/189/54 565/224/54 566/222/54
f 565/223/55 568/222/55 566/189/55
f 567/223/56 570/222/56 568/189/56
f 570/189/57 571/224/57 572/222/57
f 571/223/58 574/222/58 572/189/58
f 574/189/59 575/224/59 576/222/59
f 553/222/60 575/223/60 554/224/60
f 587/225/61 586/226/61 584/227/61
f 612/228/62 610/228/62 609/229/62
f 603/225/63 602/226/63 600/227/63
f 623/225/61 622/226/61 620/227/61
f 648/228/62 646/228/62 645/229/62
f 639/230/63 638/227/63 636/226/63
f 659/225/61 658/226/61 656/227/61
f 682/228/62 684/228/64 681/229/64
f 675/225/63 674/226/63 672/227/63
f 689/227/65 700/231/65 696/225/65
f 718/228/66 720/228/67 717/229/66
f 705/227/68 716/231/68 712/225/68
f 725/227/65 736/231/65 732/225/65
f 756/228/66 754/228/66 753/229/66
f 741/227/68 752/231/68 748/225/68
f 761/227/65 772/231/65 768/225/65
f 790/228/67 792/228/66 789/229/67
f 777/227/68 788/231/68 784/225/68
f 793/232/63 798/233/63 803/234/63
f 805/235/3 800/236/3 804/237/3
f 803/238/69 807/239/69 806/240/69
f 807/241/70 801/242/70 805/235/70
f 808/232/71 803/238/71 806/240/71
f 793/243/1 809/244/1 794/245/1
f 810/246/1 798/247/1 811/248/1
f 811/248/72 797/249/72 812/250/72
f 813/251/68 812/252/68 814/253/68
f 796/254/3 812/250/3 797/255/3
f 795/256/73 809/244/73 813/257/73
f 941/258/74 943/259/74 944/260/74
f 948/261/65 950/262/65 947/263/65
f 954/264/75 949/265/75 953/266/75
f 955/267/76 944/260/76 943/259/76
f 946/268/77 954/264/77 953/266/77
f 951/269/78 956/270/78 955/267/78
f 946/271/79 949/265/79 948/272/79
f 947/273/80 954/264/80 945/274/80
f 941/275/81 956/270/81 952/276/81
f 942/277/61 955/267/61 943/259/61
f 811/233/68 804/237/68 810/246/68
f 806/234/68 805/235/68 811/233/68
f 808/232/68 811/233/68 812/252/68
f 812/252/68 809/278/68 808/232/68
f 797/252/63 795/251/63 796/253/63
f 797/252/63 794/278/63 795/251/63
f 803/234/63 801/235/63 802/279/63
f 798/233/63 800/237/63 801/235/63
f 967/225/82 966/226/82 964/227/82
f 992/228/83 990/228/83 989/229/83
f 983/225/84 982/226/84 980/227/84
f 1003/225/82 1002/226/82 1000/227/82
f 1028/228/83 1026/228/83 1025/229/83
f 1019/230/84 1018/227/84 1016/226/84
f 1039/225/82 1038/226/82 1036/227/82
f 1062/228/83 1064/228/83 1061/229/83
f 1055/225/84 1054/226/84 1052/227/84
f 1069/227/85 1080/231/86 1076/225/85
f 1097/229/87 1099/229/87 1100/228/87
f 1085/227/88 1096/231/88 1092/225/88
f 1105/227/85 1116/231/85 1112/225/85
f 1136/228/87 1134/228/89 1133/229/87
f 1121/227/88 1132/231/88 1128/225/88
f 1141/227/85 1152/231/85 1148/225/85
f 1170/228/87 1172/228/87 1169/229/87
f 1157/227/88 1168/231/88 1164/225/88
f 1173/232/84 1178/233/84 1183/234/84
f 1185/235/3 1180/236/3 1184/237/3
f 1186/240/90 1182/280/90 1187/239/90
f 1187/241/91 1181/242/91 1185/235/91
f 1188/232/92 1183/238/92 1186/240/92
f 1174/245/1 1188/232/1 1189/244/1
f 1190/246/1 1178/247/1 1191/248/1
f 1191/248/93 1177/249/93 1192/250/93
f 1193/251/88 1192/252/88 1194/253/88
f 1176/254/3 1192/250/3 1177/255/3
f 1175/256/94 1189/244/94 1193/257/94
f 1191/233/88 1184/237/88 1190/246/88
f 1186/234/88 1185/235/88 1191/233/88
f 1188/232/88 1191/233/88 1192/252/88
f 1192/252/88 1189/278/88 1188/232/88
f 1177/252/84 1175/251/84 1176/253/84
f 1177/252/84 1174/278/84 1175/251/84
f 1183/234/84 1181/235/84 1182/279/84
f 1178/233/84 1180/237/84 1181/235/84
f 1205/225/95 1204/226/95 1202/227/95
f 1230/228/96 1228/228/96 1227/229/96
f 1221/225/97 1220/226/97 1218/227/97
f 1241/225/95 1240/226/95 1238/227/95
f 1266/228/96 1264/228/96 1263/229/96
f 1257/230/97 1256/227/97 1254/226/97
f 1277/225/95 1276/226/95 1274/227/95
f 1300/228/96 1302/228/96 1299/229/96
f 1293/225/97 1292/226/97 1290/227/97
f 1307/227/98 1318/231/99 1314/225/98
f 1336/228/100 1338/228/100 1335/229/100
f 1323/227/101 1334/231/101 1330/225/101
f 1343/227/98 1354/231/98 1350/225/98
f 1374/228/100 1372/228/100 1371/229/100
f 1359/227/101 1370/231/101 1366/225/101
f 1379/227/98 1390/231/98 1386/225/98
f 1408/228/100 1410/228/100 1407/229/100
f 1395/227/101 1406/231/101 1402/225/101
f 1411/232/97 1416/233/97 1421/234/97
f 1423/235/3 1418/236/3 1422/237/3
f 1424/240/102 1420/280/102 1425/239/102
f 1425/241/103 1419/242/103 1423/235/103
f 1426/232/104 1421/238/104 1424/240/104
f 1411/243/1 1427/244/1 1412/245/1
f 1428/246/1 1416/247/1 1429/248/1
f 1429/248/105 1415/249/105 1430/250/105
f 1431/251/101 1430/252/101 1432/253/101
f 1414/254/3 1430/250/3 1415/255/3
f 1413/256/106 1427/244/106 1431/257/106
f 1429/233/101 1422/237/101 1428/246/101
f 1424/234/101 1423/235/101 1429/233/101
f 1426/232/101 1429/233/101 1430/252/101
f 1430/252/101 1427/278/101 1426/232/101
f 1415/252/97 1413/251/97 1414/253/97
f 1415/252/97 1412/278/97 1413/251/97
f 1421/234/97 1419/235/97 1420/279/97
f 1416/233/97 1418/237/97 1419/235/97
f 1434/128/107 1436/129/107 1433/130/107
f 1438/131/108 1440/132/108 1437/133/108
f 1441/134/109 1440/132/109 1439/135/109
f 1444/136/110 1437/133/111 1443/137/111
f 1443/137/107 1441/138/107 1444/139/107
f 1445/140/112 1447/141/112 1448/142/112
f 1450/143/113 1452/144/113 1449/145/113
f 1445/140/114 1444/146/114 1441/147/114
f 1454/148/108 1456/149/108 1453/150/108
f 1434/151/115 1453/152/115 1456/153/115
f 1456/154/114 1449/145/114 1452/144/114
f 1435/155/110 1454/148/111 1436/129/111
f 1457/156/1 1445/140/1 1441/157/1
f 1458/158/3 1448/142/3 1447/141/3
f 1459/159/3 1449/145/3 1455/160/3
f 1460/161/1 1452/144/1 1451/162/1
f 1440/132/108 1462/163/108 1437/133/108
f 1453/150/108 1464/164/108 1454/148/108
f 1443/137/107 1466/165/107 1442/166/107
f 1433/130/1 1463/167/1 1453/152/1
f 1443/137/3 1462/163/3 1465/168/3
f 1442/169/1 1461/170/1 1440/132/1
f 1436/129/107 1467/171/107 1433/130/107
f 1436/129/3 1464/164/3 1468/163/3
f 1469/174/116 1471/195/116 1472/173/116
f 1470/172/3 1474/175/3 1473/176/3
f 1475/177/108 1471/178/108 1470/172/108
f 1472/179/107 1477/180/117 1478/181/107
f 1479/182/118 1481/183/118 1482/184/118
f 1482/184/119 1484/185/119 1483/186/119
f 1485/188/120 1483/186/120 1484/185/120
f 1485/189/121 1479/182/121 1486/190/121
f 1475/191/122 1477/192/122 1476/193/122
f 1477/194/123 1471/195/123 1476/196/123
f 1474/175/124 1475/191/124 1473/176/124
f 1490/197/108 1487/198/108 1489/199/108
f 1493/200/107 1495/201/107 1496/202/107
f 1493/203/125 1491/204/125 1494/205/125
f 1494/205/126 1490/197/126 1495/201/126
f 1495/201/3 1489/199/3 1496/202/3
f 1488/207/127 1496/202/127 1489/199/127
f 1493/203/1 1488/208/1 1487/209/1
f 1498/210/107 1500/211/107 1502/212/107
f 1512/213/108 1505/214/108 1517/215/108
f 1520/216/108 1514/217/108 1509/218/108
f 1511/219/107 1516/220/107 1504/221/107
f 1526/128/128 1528/129/128 1525/130/128
f 1530/131/129 1532/132/129 1529/133/129
f 1533/134/130 1532/132/130 1531/135/130
f 1536/136/131 1529/133/131 1535/137/131
f 1535/137/128 1533/138/128 1536/139/128
f 1537/140/132 1539/141/132 1540/142/132
f 1542/143/133 1544/144/133 1541/145/133
f 1537/140/134 1536/146/134 1533/147/134
f 1546/148/129 1548/149/129 1545/150/129
f 1526/151/130 1545/152/130 1548/153/130
f 1548/154/134 1541/145/134 1544/144/134
f 1527/155/131 1546/148/131 1528/129/131
f 1549/156/1 1537/140/1 1533/157/1
f 1550/158/3 1540/142/3 1539/141/3
f 1551/159/3 1541/145/3 1547/160/3
f 1552/161/1 1544/144/1 1543/162/1
f 1532/132/129 1554/163/129 1529/133/129
f 1545/150/129 1556/164/129 1546/148/129
f 1535/137/128 1558/165/128 1534/166/128
f 1525/130/1 1555/167/1 1545/152/1
f 1535/137/3 1554/163/3 1557/168/3
f 1534/169/1 1553/170/1 1532/132/1
f 1528/129/128 1559/171/128 1525/130/128
f 1528/129/3 1556/164/3 1560/163/3
f 1561/174/135 1563/195/135 1564/173/135
f 1565/176/3 1561/174/3 1566/175/3
f 1567/177/129 1563/178/129 1562/172/129
f 1564/179/128 1569/180/128 1570/181/128
f 1572/281/136 1574/184/137 1571/182/137
f 1574/184/138 1576/185/138 1575/186/138
f 1578/187/139 1576/185/140 1577/188/140
f 1577/189/141 1571/182/141 1578/190/141
f 1567/191/142 1569/192/142 1568/193/142
f 1569/194/143 1563/195/143 1568/196/143
f 1566/175/144 1567/191/144 1565/176/144
f 1582/197/129 1579/198/129 1581/199/129
f 1585/200/128 1587/201/128 1588/202/128
f 1585/203/145 1583/204/145 1586/205/145
f 1583/204/146 1587/201/146 1586/205/146
f 1587/201/3 1581/199/3 1588/202/3
f 1584/206/147 1581/199/147 1580/207/147
f 1585/203/1 1580/208/1 1579/209/1
f 1590/210/128 1592/211/128 1594/212/128
f 1604/213/129 1597/214/129 1609/215/129
f 1612/216/129 1606/217/129 1601/218/129
f 1603/219/128 1608/220/128 1596/221/128
f 1618/128/33 1620/129/33 1617/130/33
f 1622/131/148 1624/132/148 1621/133/148
f 1625/134/149 1624/132/149 1623/135/149
f 1628/136/150 1621/133/150 1627/137/150
f 1627/137/33 1625/138/33 1628/139/33
f 1629/140/151 1631/141/151 1632/142/151
f 1634/143/152 1636/144/152 1633/145/152
f 1629/140/28 1628/146/28 1625/147/28
f 1638/148/148 1640/149/148 1637/150/148
f 1618/151/149 1637/152/149 1640/153/149
f 1640/154/28 1633/145/28 1636/144/28
f 1619/155/150 1638/148/150 1620/129/150
f 1641/156/1 1629/140/1 1625/157/1
f 1642/158/3 1632/142/3 1631/141/3
f 1643/159/3 1633/145/3 1639/160/3
f 1644/161/1 1636/144/1 1635/162/1
f 1624/132/148 1646/163/148 1621/133/148
f 1637/150/148 1648/164/148 1638/148/148
f 1627/137/33 1650/165/33 1626/166/33
f 1617/130/1 1647/167/1 1637/152/1
f 1627/137/3 1646/163/3 1649/168/3
f 1626/169/1 1645/170/1 1624/132/1
f 1620/129/33 1651/171/153 1617/130/33
f 1620/129/3 1648/164/3 1652/163/3
f 1654/172/154 1656/173/154 1653/174/154
f 1657/176/3 1653/174/3 1658/175/3
f 1659/177/148 1655/178/148 1654/172/148
f 1656/179/33 1661/180/155 1662/181/33
f 1663/182/156 1665/183/156 1666/184/156
f 1666/184/157 1668/185/157 1667/186/157
f 1670/187/158 1668/185/159 1669/188/159
f 1669/189/160 1663/182/160 1670/190/160
f 1659/191/161 1661/192/161 1660/193/161
f 1660/196/162 1656/173/162 1655/195/162
f 1658/175/163 1659/191/163 1657/176/163
f 1674/197/148 1671/198/148 1673/199/148
f 1677/200/33 1679/201/33 1680/202/33
f 1677/203/164 1675/204/164 1678/205/164
f 1675/204/165 1679/201/165 1678/205/165
f 1679/201/3 1673/199/3 1680/202/3
f 1676/206/166 1673/199/166 1672/207/166
f 1677/203/1 1672/208/1 1671/209/1
f 1682/210/33 1684/211/33 1686/212/33
f 1696/213/148 1689/214/148 1701/215/148
f 1704/216/148 1698/217/148 1693/218/148
f 1695/219/33 1700/220/33 1688/221/33
f 1710/128/114 1712/129/114 1709/130/114
f 1714/131/167 1716/132/167 1713/133/167
f 1717/134/168 1716/132/168 1715/135/168
f 1720/136/169 1713/133/169 1719/137/169
f 1719/137/114 1717/138/114 1720/139/114
f 1721/140/170 1723/141/170 1724/142/170
f 1726/143/171 1728/144/171 1725/145/171
f 1721/140/108 1720/146/108 1717/147/108
f 1730/148/167 1732/149/167 1729/150/167
f 1710/151/168 1729/152/168 1732/153/168
f 1732/154/108 1725/145/108 1728/144/108
f 1711/155/172 1730/148/172 1712/129/172
f 1733/156/1 1721/140/1 1717/157/1
f 1734/158/3 1724/142/3 1723/141/3
f 1735/159/3 1725/145/3 1731/160/3
f 1736/161/1 1728/144/1 1727/162/1
f 1716/132/167 1738/163/167 1713/133/167
f 1729/150/167 1740/164/167 1730/148/167
f 1719/137/114 1742/165/114 1718/166/114
f 1709/130/1 1739/167/1 1729/152/1
f 1719/137/3 1738/163/3 1741/168/3
f 1718/169/1 1737/170/1 1716/132/1
f 1712/129/114 1743/171/114 1709/130/114
f 1712/129/3 1740/164/3 1744/163/3
f 1745/174/173 1747/195/173 1748/173/173
f 1749/176/3 1745/174/3 1750/175/3
f 1751/177/167 1747/178/167 1746/172/167
f 1748/179/114 1753/180/174 1754/181/114
f 1755/182/175 1757/183/175 1758/184/175
f 1758/184/176 1760/185/176 1759/186/176
f 1762/187/177 1760/185/177 1761/188/177
f 1761/189/178 1755/182/178 1762/190/178
f 1751/191/179 1753/192/180 1752/193/179
f 1753/194/181 1747/195/181 1752/196/181
f 1750/175/182 1751/191/182 1749/176/182
f 1766/197/167 1763/198/167 1765/199/167
f 1769/200/114 1771/201/114 1772/202/114
f 1769/203/183 1767/204/183 1770/205/183
f 1770/205/184 1766/197/184 1771/201/184
f 1771/201/3 1765/199/3 1772/202/3
f 1768/206/185 1765/199/185 1764/207/185
f 1769/203/1 1764/208/1 1763/209/1
f 1774/210/114 1776/211/114 1778/212/114
f 1788/213/167 1781/214/167 1793/215/167
f 1796/216/167 1790/217/167 1785/218/167
f 1787/219/114 1792/220/114 1780/221/114
f 1802/128/134 1804/129/134 1801/130/134
f 1806/131/186 1808/132/186 1805/133/186
f 1809/134/187 1808/132/187 1807/135/187
f 1812/136/188 1805/133/188 1811/137/188
f 1811/137/134 1809/138/134 1812/139/134
f 1813/140/189 1815/141/189 1816/142/189
f 1818/143/190 1820/144/190 1817/145/190
f 1813/140/129 1812/146/129 1809/147/129
f 1822/148/186 1824/149/186 1821/150/186
f 1802/151/187 1821/152/187 1824/153/187
f 1824/154/129 1817/145/129 1820/144/129
f 1803/155/188 1822/148/188 1804/129/188
f 1825/156/1 1813/140/1 1809/157/1
f 1826/158/3 1816/142/3 1815/141/3
f 1827/159/3 1817/145/3 1823/160/3
f 1828/161/1 1820/144/1 1819/162/1
f 1808/132/186 1830/163/186 1805/133/186
f 1821/150/186 1832/164/186 1822/148/186
f 1811/137/134 1834/165/134 1810/166/134
f 1801/130/1 1831/167/1 1821/152/1
f 1811/137/3 1830/163/3 1833/168/3
f 1810/169/1 1829/170/1 1808/132/1
f 1804/129/134 1835/171/134 1801/130/134
f 1804/129/3 1832/164/3 1836/163/3
f 1837/174/191 1839/195/191 1840/173/191
f 1841/176/3 1837/174/3 1842/175/3
f 1843/177/186 1839/178/186 1838/172/186
f 1840/179/134 1845/180/192 1846/181/134
f 1848/281/193 1850/184/194 1847/182/194
f 1850/184/195 1852/185/195 1851/186/195
f 1853/188/196 1851/186/196 1852/185/196
f 1853/189/197 1847/182/197 1854/190/197
f 1843/191/198 1845/192/199 1844/193/200
f 1845/194/201 1839/195/201 1844/196/201
f 1842/175/202 1843/191/202 1841/176/202
f 1858/197/186 1855/198/186 1857/199/186
f 1861/200/134 1863/201/134 1864/202/134
f 1861/203/203 1859/204/203 1862/205/203
f 1859/204/204 1863/201/204 1862/205/204
f 1863/201/3 1857/199/3 1864/202/3
f 1860/206/205 1857/199/205 1856/207/205
f 1861/203/1 1856/208/1 1855/209/1
f 1866/210/134 1868/211/134 1870/212/134
f 1880/213/186 1873/214/186 1885/215/186
f 1888/216/186 1882/217/186 1877/218/186
f 1879/219/134 1884/220/134 1872/221/134
f 1894/128/28 1896/129/28 1893/130/28
f 1898/131/27 1900/132/27 1897/133/27
f 1902/169/206 1899/135/206 1901/134/207
f 1904/136/208 1897/133/208 1903/137/208
f 1903/137/28 1901/138/28 1904/139/28
f 1905/140/209 1907/141/209 1908/142/209
f 1910/143/210 1912/144/210 1909/145/210
f 1905/140/148 1904/146/148 1901/147/148
f 1914/148/27 1916/149/27 1913/150/27
f 1894/151/206 1913/152/206 1916/153/206
f 1916/154/148 1909/145/148 1912/144/148
f 1895/155/208 1914/148/208 1896/129/208
f 1917/156/1 1905/140/1 1901/157/1
f 1918/158/3 1908/142/3 1907/141/3
f 1919/159/3 1909/145/3 1915/160/3
f 1920/161/1 1912/144/1 1911/162/1
f 1900/132/27 1922/163/27 1897/133/27
f 1913/150/27 1924/164/211 1914/148/27
f 1903/137/28 1926/165/212 1902/166/28
f 1893/130/1 1923/167/1 1913/152/1
f 1903/137/3 1922/163/3 1925/168/3
f 1902/169/1 1921/170/1 1900/132/1
f 1896/129/28 1927/171/28 1893/130/28
f 1896/129/3 1924/164/3 1928/163/3
f 1929/174/213 1931/195/213 1932/173/213
f 1933/176/3 1929/174/3 1934/175/3
f 1935/177/27 1931/178/27 1930/172/27
f 1932/179/28 1937/180/214 1938/181/28
f 1939/182/215 1941/183/215 1942/184/215
f 1942/184/40 1944/185/40 1943/186/40
f 1946/187/216 1944/185/217 1945/188/217
f 1945/189/37 1939/182/37 1946/190/37
f 1935/191/218 1937/192/218 1936/193/218
f 1937/194/219 1931/195/219 1936/196/219
f 1934/175/220 1935/191/220 1933/176/220
f 1950/197/27 1947/198/27 1949/199/27
f 1953/200/28 1955/201/28 1956/202/28
f 1953/203/221 1951/204/221 1954/205/221
f 1951/204/222 1955/201/222 1954/205/222
f 1955/201/3 1949/199/3 1956/202/3
f 1952/206/223 1949/199/223 1948/207/223
f 1953/203/1 1948/208/1 1947/209/1
f 1958/210/28 1960/211/28 1962/212/28
f 1972/213/27 1965/214/27 1977/215/27
f 1980/216/27 1974/217/27 1969/218/27
f 1971/219/28 1976/220/28 1964/221/28
f 1986/128/108 1988/129/108 1985/130/108
f 1990/131/107 1992/132/107 1989/133/107
f 1993/134/224 1992/132/224 1991/135/224
f 1996/136/225 1989/133/225 1995/137/225
f 1995/137/108 1993/138/108 1996/139/108
f 1997/140/226 1999/141/226 2000/142/226
f 2002/143/227 2004/144/227 2001/145/227
f 1997/140/167 1996/146/167 1993/147/167
f 2006/148/107 2008/149/107 2005/150/107
f 1986/151/224 2005/152/224 2008/153/224
f 2008/154/167 2001/145/167 2004/144/167
f 1987/155/225 2006/148/225 1988/129/225
f 2009/156/1 1997/140/1 1993/157/1
f 2010/158/3 2000/142/3 1999/141/3
f 2011/159/3 2001/145/3 2007/160/3
f 2012/161/1 2004/144/1 2003/162/1
f 1992/132/107 2014/163/107 1989/133/107
f 2005/150/107 2016/164/107 2006/148/107
f 1995/137/108 2018/165/108 1994/166/108
f 1985/130/1 2015/167/1 2005/152/1
f 1995/137/3 2014/163/3 2017/168/3
f 1994/169/1 2013/170/1 1992/132/1
f 1988/129/108 2019/171/108 1985/130/108
f 1988/129/3 2016/164/3 2020/163/3
f 2021/174/228 2023/195/228 2024/173/228
f 2025/176/3 2021/174/3 2026/175/3
f 2027/177/107 2023/178/107 2022/172/107
f 2024/179/108 2029/180/229 2030/181/108
f 2032/281/230 2034/184/231 2031/182/231
f 2034/184/121 2036/185/121 2035/186/121
f 2037/188/232 2035/186/232 2036/185/232
f 2037/189/119 2031/182/119 2038/190/119
f 2027/191/233 2029/192/233 2028/193/233
f 2029/194/234 2023/195/234 2028/196/234
f 2026/175/235 2027/191/235 2025/176/235
f 2042/197/107 2039/198/107 2041/199/107
f 2045/200/108 2047/201/108 2048/202/108
f 2045/203/236 2043/204/236 2046/205/236
f 2043/204/237 2047/201/237 2046/205/237
f 2047/201/3 2041/199/3 2048/202/3
f 2044/206/238 2041/199/238 2040/207/238
f 2045/203/1 2040/208/1 2039/209/1
f 2050/210/108 2052/211/108 2054/212/108
f 2064/213/107 2057/214/107 2069/215/107
f 2072/216/107 2066/217/107 2061/218/107
f 2063/219/108 2068/220/108 2056/221/108
f 2078/128/129 2080/129/129 2077/130/129
f 2082/131/128 2084/132/128 2081/133/128
f 2086/169/239 2083/135/239 2085/134/239
f 2088/136/240 2081/133/240 2087/137/240
f 2087/137/129 2085/138/129 2088/139/129
f 2089/140/241 2091/141/241 2092/142/241
f 2094/143/242 2096/144/242 2093/145/242
f 2089/140/186 2088/146/186 2085/147/243
f 2098/148/128 2100/149/128 2097/150/128
f 2078/151/239 2097/152/239 2100/153/239
f 2100/154/186 2093/145/186 2096/144/186
f 2079/155/240 2098/148/240 2080/129/240
f 2101/156/1 2089/140/1 2085/157/1
f 2102/158/3 2092/142/3 2091/141/3
f 2103/159/3 2093/145/3 2099/160/3
f 2104/161/1 2096/144/1 2095/162/1
f 2084/132/128 2106/163/128 2081/133/128
f 2097/150/128 2108/164/128 2098/148/128
f 2087/137/129 2110/165/129 2086/166/129
f 2077/130/1 2107/167/1 2097/152/1
f 2087/137/3 2106/163/3 2109/168/3
f 2086/169/1 2105/170/1 2084/132/1
f 2080/129/129 2111/171/129 2077/130/129
f 2080/129/3 2108/164/3 2112/163/3
f 2114/172/244 2116/173/244 2113/174/244
f 2117/176/3 2113/174/3 2118/175/3
f 2119/177/128 2115/178/128 2114/172/128
f 2116/179/129 2121/180/245 2122/181/129
f 2123/182/246 2125/183/246 2126/184/246
f 2126/184/141 2128/185/141 2127/186/141
f 2130/187/247 2128/185/248 2129/188/248
f 2129/189/138 2123/182/138 2130/190/138
f 2119/191/249 2121/192/249 2120/193/249
f 2121/194/250 2115/195/250 2120/196/250
f 2118/175/251 2119/191/251 2117/176/251
f 2134/197/128 2131/198/128 2133/199/128
f 2137/200/129 2139/201/129 2140/202/129
f 2131/209/252 2138/205/252 2137/203/252
f 2138/205/253 2134/197/253 2139/201/253
f 2139/201/3 2133/199/3 2140/202/3
f 2136/206/254 2133/199/254 2132/207/254
f 2137/203/1 2132/208/1 2131/209/1
f 2142/210/129 2144/211/129 2146/212/129
f 2156/213/128 2149/214/128 2161/215/128
f 2164/216/128 2158/217/128 2153/218/128
f 2155/219/129 2160/220/129 2148/221/129
f 2170/128/148 2172/129/148 2169/130/148
f 2174/131/33 2176/132/33 2173/133/33
f 2177/134/255 2176/132/255 2175/135/255
f 2180/136/256 2173/133/256 2179/137/256
f 2179/137/148 2177/138/148 2180/139/148
f 2181/140/257 2183/141/257 2184/142/257
f 2186/143/258 2188/144/258 2185/145/258
f 2181/140/27 2180/146/27 2177/147/27
f 2190/148/33 2192/149/33 2189/150/33
f 2170/151/255 2189/152/255 2192/153/255
f 2192/154/27 2185/145/27 2188/144/27
f 2171/155/256 2190/148/256 2172/129/256
f 2193/156/1 2181/140/1 2177/157/1
f 2194/158/3 2184/142/3 2183/141/3
f 2195/159/3 2185/145/3 2191/160/3
f 2196/161/1 2188/144/1 2187/162/1
f 2176/132/33 2198/163/33 2173/133/33
f 2189/150/33 2200/164/33 2190/148/33
f 2179/137/148 2202/165/148 2178/166/148
f 2169/130/1 2199/167/1 2189/152/1
f 2179/137/3 2198/163/3 2201/168/3
f 2178/169/1 2197/170/1 2176/132/1
f 2172/129/148 2203/171/148 2169/130/148
f 2172/129/3 2200/164/3 2204/163/3
f 2205/174/259 2207/195/259 2208/173/260
f 2209/176/3 2205/174/3 2210/175/3
f 2211/177/33 2207/178/33 2206/172/33
f 2208/179/148 2213/180/261 2214/181/148
f 2215/182/262 2217/183/262 2218/184/262
f 2218/184/160 2220/185/160 2219/186/160
f 2221/188/263 2219/186/263 2220/185/263
f 2221/189/157 2215/182/157 2222/190/157
f 2211/191/264 2213/192/265 2212/193/264
f 2213/194/266 2207/195/266 2212/196/266
f 2210/175/267 2211/191/267 2209/176/267
f 2226/197/33 2223/198/33 2225/199/33
f 2229/200/148 2231/201/148 2232/202/148
f 2229/203/268 2227/204/268 2230/205/268
f 2230/205/269 2226/197/269 2231/201/269
f 2231/201/3 2225/199/3 2232/202/3
f 2228/206/270 2225/199/270 2224/207/270
f 2229/203/1 2224/208/1 2223/209/1
f 2234/210/148 2236/211/148 2238/212/148
f 2248/213/33 2241/214/33 2253/215/33
f 2256/216/33 2250/217/33 2245/218/33
f 2247/219/148 2252/220/148 2240/221/148
f 2262/128/167 2264/129/167 2261/130/167
f 2266/131/114 2268/132/114 2265/133/114
f 2269/134/271 2268/132/271 2267/135/271
f 2272/136/272 2265/133/273 2271/137/273
f 2271/137/167 2269/138/167 2272/139/167
f 2273/140/274 2275/141/274 2276/142/274
f 2278/143/275 2280/144/275 2277/145/275
f 2273/140/107 2272/146/107 2269/147/107
f 2281/150/114 2283/282/114 2284/149/114
f 2262/151/271 2281/152/271 2284/153/271
f 2284/154/107 2277/145/107 2280/144/107
f 2263/155/272 2282/148/273 2264/129/273
f 2285/156/1 2273/140/1 2269/157/1
f 2286/158/3 2276/142/3 2275/141/3
f 2287/159/3 2277/145/3 2283/160/3
f 2288/161/1 2280/144/1 2279/162/1
f 2268/132/114 2290/163/114 2265/133/114
f 2281/150/114 2292/164/114 2282/148/114
f 2271/137/167 2294/165/167 2270/166/167
f 2261/130/1 2291/167/1 2281/152/1
f 2271/137/3 2290/163/3 2293/168/3
f 2270/169/1 2289/170/1 2268/132/1
f 2264/129/167 2295/171/167 2261/130/167
f 2264/129/3 2292/164/3 2296/163/3
f 2297/174/276 2299/195/276 2300/173/276
f 2301/176/3 2297/174/3 2302/175/3
f 2303/177/114 2299/178/114 2298/172/114
f 2300/179/167 2305/180/277 2306/181/167
f 2308/281/278 2310/184/279 2307/182/279
f 2310/184/178 2312/185/178 2311/186/178
f 2314/187/280 2312/185/281 2313/188/281
f 2313/189/176 2307/182/176 2314/190/176
f 2303/191/282 2305/192/282 2304/193/282
f 2305/194/283 2299/195/283 2304/196/283
f 2302/175/284 2303/191/284 2301/176/284
f 2318/197/114 2315/198/114 2317/199/114
f 2321/200/167 2323/201/167 2324/202/167
f 2321/203/285 2319/204/285 2322/205/285
f 2322/205/286 2318/197/286 2323/201/286
f 2323/201/3 2317/199/3 2324/202/3
f 2320/206/287 2317/199/287 2316/207/287
f 2321/203/1 2316/208/1 2315/209/1
f 2326/210/167 2328/211/167 2330/212/167
f 2340/213/114 2333/214/114 2345/215/114
f 2348/216/114 2342/217/114 2337/218/114
f 2339/219/167 2344/220/167 2332/221/167
f 2354/128/186 2356/129/186 2353/130/186
f 2358/131/134 2360/132/134 2357/133/134
f 2361/134/288 2360/132/288 2359/135/288
f 2363/137/289 2358/283/289 2357/133/289
f 2363/137/186 2361/138/186 2364/139/186
f 2365/140/290 2367/141/290 2368/142/290
f 2370/143/291 2372/144/291 2369/145/291
f 2365/140/292 2364/146/292 2361/147/292
f 2373/150/134 2375/282/134 2376/149/134
f 2354/151/288 2373/152/288 2376/153/288
f 2376/154/128 2369/145/128 2372/144/128
f 2355/155/289 2374/148/289 2356/129/289
f 2377/156/1 2365/140/1 2361/157/1
f 2378/158/3 2368/142/3 2367/141/3
f 2379/159/3 2369/145/3 2375/160/3
f 2380/161/1 2372/144/1 2371/162/1
f 2360/132/134 2382/163/134 2357/133/134
f 2373/150/134 2384/164/134 2374/148/134
f 2363/137/186 2386/165/186 2362/166/186
f 2353/130/1 2383/167/1 2373/152/1
f 2363/137/3 2382/163/3 2385/168/3
f 2362/169/1 2381/170/1 2360/132/1
f 2356/129/186 2387/171/186 2353/130/186
f 2356/129/3 2384/164/3 2388/163/3
f 2390/172/293 2392/173/293 2389/174/293
f 2393/176/3 2389/174/3 2394/175/3
f 2395/177/134 2391/178/134 2390/172/134
f 2392/179/186 2397/180/294 2398/181/186
f 2400/281/295 2402/184/295 2399/182/295
f 2402/184/197 2404/185/197 2403/186/197
f 2406/187/296 2404/185/297 2405/188/297
f 2405/189/195 2399/182/195 2406/190/195
f 2395/191/298 2397/192/299 2396/193/298
f 2397/194/300 2391/195/300 2396/196/300
f 2394/175/301 2395/191/301 2393/176/302
f 2410/197/134 2407/198/134 2409/199/134
f 2413/200/186 2415/201/186 2416/202/186
f 2413/203/303 2411/204/303 2414/205/303
f 2411/204/304 2415/201/304 2414/205/304
f 2415/201/3 2409/199/3 2416/202/3
f 2412/206/305 2409/199/305 2408/207/305
f 2412/284/1 2407/209/1 2413/203/1
f 2418/210/186 2420/211/186 2422/212/186
f 2432/213/134 2425/214/134 2437/215/134
f 2440/216/134 2434/217/134 2429/218/134
f 2431/219/186 2436/220/186 2424/221/186
f 48/3/1 43/285/1 46/1/1
f 43/285/1 44/286/1 45/13/1
f 46/1/1 43/285/1 45/13/1
f 47/4/2 49/32/2 50/5/2
f 54/9/3 50/287/3 52/7/3
f 50/287/3 49/288/3 51/33/3
f 52/7/3 50/287/3 51/33/3
f 54/10/4 53/87/4 44/11/4
f 44/11/5 53/87/5 52/7/5
f 56/14/6 57/17/6 58/15/6
f 57/17/7 59/20/7 60/18/7
f 62/19/8 60/18/8 59/20/8
f 58/15/3 63/28/3 64/22/3
f 64/22/9 63/28/9 65/23/9
f 67/25/3 63/28/3 58/15/3
f 60/18/3 62/19/3 68/26/3
f 68/26/10 69/289/10 70/27/10
f 67/25/11 70/27/11 65/23/11
f 57/17/1 65/290/1 70/29/1
f 59/20/1 70/29/1 69/30/1
f 66/31/1 65/290/1 57/17/1
f 46/1/12 51/33/12 49/32/12
f 45/13/13 52/7/13 51/33/13
f 214/34/1 215/291/1 216/35/1
f 223/37/1 237/47/1 238/38/1
f 224/40/1 239/292/1 240/41/1
f 225/43/1 233/52/1 215/44/1
f 223/37/1 226/293/1 241/46/1
f 227/48/1 242/57/1 239/49/1
f 228/51/1 234/294/1 233/52/1
f 226/53/1 229/62/1 243/54/1
f 230/56/1 244/295/1 242/57/1
f 220/58/1 245/77/1 234/59/1
f 231/61/1 246/296/1 243/54/1
f 230/63/1 232/69/1 247/64/1
f 196/66/1 248/72/1 246/67/1
f 232/69/1 218/297/1 249/70/1
f 195/71/1 250/298/1 248/72/1
f 217/73/1 251/81/1 249/74/1
f 220/58/1 219/299/1 252/76/1
f 195/78/1 213/36/1 216/35/1
f 221/80/1 238/300/1 251/81/1
f 219/82/1 222/42/1 240/41/1
f 235/86/1 253/301/1 254/302/1
f 254/302/1 255/303/1 256/304/1
f 256/304/1 257/305/1 260/306/1
f 257/305/1 258/307/1 260/306/1
f 258/307/1 259/308/1 260/306/1
f 260/306/1 261/309/1 262/310/1
f 262/310/1 263/311/1 264/84/1
f 264/84/1 265/312/1 266/313/1
f 266/313/1 267/314/1 264/84/1
f 267/314/1 268/85/1 264/84/1
f 268/85/1 269/315/1 235/86/1
f 269/315/1 270/316/1 235/86/1
f 270/316/1 236/317/1 235/86/1
f 235/86/1 254/302/1 256/304/1
f 260/306/1 262/310/1 264/84/1
f 235/86/1 256/304/1 260/306/1
f 260/306/1 264/84/1 235/86/1
f 340/2/1 335/3/1 339/1/1
f 335/3/1 336/285/1 338/13/1
f 336/285/1 337/286/1 338/13/1
f 336/12/14 341/10/14 342/87/14
f 342/8/3 341/9/3 346/7/3
f 341/9/3 343/287/3 345/33/3
f 343/287/3 344/288/3 345/33/3
f 335/6/15 340/4/15 344/32/15
f 339/1/16 345/33/16 344/32/16
f 348/15/17 349/17/17 350/14/17
f 348/15/18 351/18/18 352/20/18
f 352/20/19 351/18/19 354/19/19
f 355/22/3 356/28/3 348/15/3
f 355/22/20 357/24/20 358/23/20
f 351/18/3 348/15/3 356/28/3
f 351/18/3 359/25/3 360/26/3
f 361/27/21 362/289/21 360/26/21
f 356/28/22 358/23/22 361/27/22
f 361/29/1 358/290/1 349/17/1
f 352/20/1 353/21/1 362/30/1
f 349/17/1 358/290/1 357/31/1
f 342/87/23 346/7/23 338/13/23
f 346/7/24 345/33/24 339/1/24
f 379/88/25 385/92/25 386/89/25
f 379/88/25 377/93/25 393/91/25
f 377/93/25 375/318/25 394/94/25
f 375/95/25 373/99/25 395/96/25
f 371/98/25 396/101/25 395/96/25
f 371/98/25 369/107/25 397/100/25
f 364/102/25 387/110/25 398/103/25
f 364/102/25 390/104/25 389/105/25
f 369/107/25 367/111/25 399/108/25
f 383/109/25 400/112/25 398/103/25
f 367/111/25 365/106/25 389/105/25
f 381/90/25 386/89/25 400/112/25
f 410/114/25 392/319/25 402/115/25
f 392/319/25 391/320/25 402/115/25
f 391/320/25 401/321/25 402/115/25
f 402/115/25 403/322/25 404/323/25
f 404/323/25 405/324/25 402/115/25
f 405/324/25 406/325/25 402/115/25
f 406/325/25 407/326/25 408/113/25
f 408/113/25 409/327/25 410/114/25
f 406/325/25 408/113/25 402/115/25
f 430/107/26 433/100/26 434/101/26
f 434/101/26 441/96/26 426/99/26
f 426/99/26 441/96/26 442/97/26
f 442/94/26 443/91/26 422/116/26
f 443/91/26 444/92/26 420/118/26
f 420/118/26 444/92/26 445/89/26
f 440/104/26 446/105/26 436/120/26
f 413/122/26 437/103/26 440/104/26
f 445/89/26 447/112/26 416/123/26
f 436/120/26 446/105/26 448/108/26
f 416/123/26 447/112/26 437/103/26
f 448/108/26 433/100/26 430/107/26
f 439/127/26 438/328/26 449/329/26
f 449/329/26 450/330/26 439/127/26
f 450/330/26 451/125/26 439/127/26
f 451/125/26 452/331/26 455/126/26
f 452/331/26 453/332/26 455/126/26
f 453/332/26 454/333/26 455/126/26
f 455/126/26 456/334/26 439/127/26
f 456/334/26 457/335/26 439/127/26
f 457/335/26 458/336/26 439/127/26
f 460/128/27 461/337/27 462/129/27
f 464/131/28 465/338/28 466/132/28
f 467/134/29 468/169/29 466/132/29
f 470/136/30 464/283/30 463/133/30
f 469/137/27 468/166/27 467/138/27
f 471/140/31 472/339/31 473/141/31
f 476/143/32 477/162/32 478/144/32
f 471/140/33 474/142/33 470/146/33
f 480/148/28 481/282/28 482/149/28
f 460/151/29 459/130/29 479/152/29
f 482/154/33 481/340/33 475/145/33
f 461/155/30 481/341/30 480/148/30
f 483/156/1 472/339/1 471/140/1
f 484/158/3 470/342/3 474/142/3
f 485/159/3 476/143/3 475/145/3
f 486/161/1 482/343/1 478/144/1
f 466/132/28 487/170/28 488/163/28
f 479/150/28 489/344/28 490/164/28
f 469/137/27 491/168/27 492/165/27
f 459/130/1 493/171/1 489/167/1
f 469/137/3 463/133/3 488/163/3
f 468/169/1 492/345/1 487/170/1
f 462/129/27 494/163/27 493/171/27
f 462/129/3 480/148/3 490/164/3
f 496/172/34 497/195/306 498/173/34
f 496/172/3 495/174/3 500/175/3
f 496/172/28 499/176/28 501/177/28
f 501/177/28 502/346/28 497/178/28
f 504/181/27 500/175/27 495/174/27
f 495/174/27 498/179/27 504/181/27
f 505/182/307 506/281/307 507/183/307
f 508/184/37 507/183/37 510/185/37
f 512/187/38 509/186/38 510/185/39
f 511/189/40 506/281/40 505/182/40
f 501/191/41 504/347/42 503/192/42
f 503/194/43 498/173/43 497/195/43
f 500/175/44 504/347/44 501/191/44
f 517/348/308 513/198/28 516/197/28
f 513/198/28 514/349/28 515/199/28
f 522/202/27 518/350/27 519/200/27
f 519/200/27 520/351/27 521/201/27
f 519/203/45 513/209/45 517/204/45
f 517/204/46 516/197/46 521/201/46
f 521/201/3 516/197/3 515/199/3
f 518/206/47 522/202/47 515/199/47
f 519/203/1 518/284/1 514/208/1
f 529/352/27 523/353/27 524/210/27
f 524/210/27 525/354/27 526/211/27
f 526/211/27 527/355/27 528/212/27
f 528/212/27 529/352/27 524/210/27
f 548/356/28 539/352/28 538/213/28
f 538/213/28 532/357/28 531/214/28
f 531/214/28 544/358/28 543/215/28
f 543/215/28 548/356/28 538/213/28
f 546/216/28 547/359/28 540/217/28
f 540/217/28 541/360/28 535/218/28
f 535/218/28 534/361/28 549/362/28
f 549/362/28 546/216/28 535/218/28
f 530/221/27 533/363/211 537/219/27
f 537/219/27 536/364/27 550/365/27
f 550/365/27 542/220/27 537/219/27
f 542/220/27 545/366/211 530/221/27
f 552/222/48 553/189/48 554/223/48
f 552/189/49 551/223/49 555/224/49
f 556/189/50 555/223/50 557/224/50
f 557/223/51 559/224/51 560/222/51
f 560/189/52 559/223/52 561/224/52
f 561/223/53 563/224/53 564/222/53
f 564/189/54 563/223/54 565/224/54
f 565/223/55 567/224/55 568/222/55
f 567/223/56 569/224/56 570/222/56
f 570/189/57 569/223/57 571/224/57
f 571/223/58 573/224/58 574/222/58
f 574/189/59 573/223/59 575/224/59
f 553/222/60 576/189/60 575/223/60
f 586/226/61 589/367/61 592/368/61
f 592/368/61 581/230/61 586/226/61
f 581/230/61 584/227/61 586/226/61
f 584/227/61 577/231/61 580/369/61
f 580/369/61 587/225/61 584/227/61
f 612/228/62 611/229/62 610/228/62
f 602/226/63 605/367/63 608/368/63
f 608/368/63 597/230/63 602/226/63
f 597/230/63 600/227/63 602/226/63
f 600/227/63 593/231/63 596/369/63
f 596/369/63 603/225/63 600/227/63
f 622/226/61 625/367/61 628/368/61
f 628/368/61 617/230/61 622/226/61
f 617/230/61 620/227/61 622/226/61
f 620/227/61 613/231/61 616/369/61
f 616/369/61 623/225/61 620/227/61
f 648/228/62 647/229/62 646/228/62
f 638/227/63 641/231/63 644/369/63
f 644/369/63 633/225/63 638/227/63
f 633/225/63 636/226/63 638/227/63
f 636/226/63 629/367/63 632/368/63
f 632/368/63 639/230/63 636/226/63
f 658/226/61 661/367/61 664/368/61
f 664/368/61 653/230/61 658/226/61
f 653/230/61 656/227/61 658/226/61
f 656/227/61 649/231/61 652/369/61
f 652/369/61 659/225/61 656/227/61
f 682/228/62 683/229/62 684/228/64
f 674/226/63 677/367/63 680/368/63
f 680/368/63 669/230/63 674/226/63
f 669/230/63 672/227/63 674/226/63
f 672/227/63 665/231/63 668/369/63
f 668/369/63 675/225/63 672/227/63
f 700/231/65 697/369/65 696/225/65
f 696/225/65 695/226/65 690/230/65
f 695/226/65 686/367/65 690/230/65
f 686/367/65 685/368/65 690/230/65
f 690/230/65 689/227/65 696/225/65
f 718/228/66 719/229/67 720/228/67
f 716/231/68 713/369/68 712/225/68
f 712/225/68 711/226/68 706/230/68
f 711/226/68 702/367/68 706/230/68
f 702/367/68 701/368/68 706/230/68
f 706/230/68 705/227/68 712/225/68
f 736/231/65 733/369/65 732/225/65
f 732/225/65 731/226/65 726/230/65
f 731/226/65 722/367/65 726/230/65
f 722/367/65 721/368/65 726/230/65
f 726/230/65 725/227/65 732/225/65
f 756/228/66 755/229/66 754/228/66
f 752/231/68 749/369/68 748/225/68
f 748/225/68 747/226/68 742/230/68
f 747/226/68 738/367/68 742/230/68
f 738/367/68 737/368/68 742/230/68
f 742/230/68 741/227/68 748/225/68
f 772/231/65 769/369/65 768/225/65
f 768/225/65 767/226/65 762/230/65
f 767/226/65 758/367/65 762/230/65
f 758/367/65 757/368/65 762/230/65
f 762/230/65 761/227/65 768/225/65
f 790/228/67 791/229/66 792/228/66
f 788/231/68 785/369/68 784/225/68
f 784/225/68 783/226/68 778/230/68
f 783/226/68 774/367/68 778/230/68
f 774/367/68 773/368/68 778/230/68
f 778/230/68 777/227/68 784/225/68
f 793/232/63 797/252/63 798/233/63
f 805/235/3 801/242/3 800/236/3
f 803/238/69 802/280/69 807/239/69
f 807/241/70 802/370/70 801/242/70
f 808/232/71 793/371/71 803/238/71
f 793/243/1 808/232/1 809/244/1
f 810/246/1 799/372/1 798/247/1
f 811/248/72 798/373/72 797/249/72
f 796/254/3 814/253/3 812/250/3
f 795/256/73 794/245/73 809/244/73
f 941/258/74 942/374/74 943/259/74
f 948/261/65 949/265/65 950/262/65
f 954/264/75 950/262/75 949/265/75
f 955/267/76 956/270/76 944/260/76
f 946/268/77 945/277/77 954/264/77
f 951/269/78 952/375/78 956/270/78
f 946/271/79 953/266/79 949/265/79
f 947/273/80 950/262/80 954/264/80
f 941/275/81 944/260/81 956/270/81
f 942/277/61 951/268/61 955/267/61
f 811/233/68 805/235/68 804/237/68
f 806/234/68 807/279/68 805/235/68
f 808/232/68 806/234/68 811/233/68
f 812/252/68 813/251/68 809/278/68
f 797/252/63 793/232/63 794/278/63
f 803/234/63 798/233/63 801/235/63
f 798/233/63 799/246/63 800/237/63
f 966/226/82 969/367/82 972/368/309
f 972/368/309 961/230/82 966/226/82
f 961/230/82 964/227/82 966/226/82
f 964/227/82 957/231/82 960/369/82
f 960/369/82 967/225/82 964/227/82
f 992/228/83 991/229/83 990/228/83
f 982/226/84 985/367/84 988/368/84
f 988/368/84 977/230/84 982/226/84
f 977/230/84 980/227/84 982/226/84
f 980/227/84 973/231/84 976/369/84
f 976/369/84 983/225/84 980/227/84
f 1002/226/82 1005/367/309 1008/368/309
f 1008/368/309 997/230/82 1002/226/82
f 997/230/82 1000/227/82 1002/226/82
f 1000/227/82 993/231/82 996/369/82
f 996/369/82 1003/225/82 1000/227/82
f 1028/228/83 1027/229/83 1026/228/83
f 1018/227/84 1021/231/84 1024/369/84
f 1024/369/84 1013/225/84 1018/227/84
f 1013/225/84 1016/226/84 1018/227/84
f 1016/226/84 1009/367/84 1012/368/84
f 1012/368/84 1019/230/84 1016/226/84
f 1038/226/82 1041/367/309 1044/368/309
f 1044/368/309 1033/230/82 1038/226/82
f 1033/230/82 1036/227/82 1038/226/82
f 1036/227/82 1029/231/82 1032/369/82
f 1032/369/82 1039/225/82 1036/227/82
f 1062/228/83 1063/229/83 1064/228/83
f 1054/226/84 1057/367/84 1060/368/84
f 1060/368/84 1049/230/84 1054/226/84
f 1049/230/84 1052/227/84 1054/226/84
f 1052/227/84 1045/231/84 1048/369/84
f 1048/369/84 1055/225/84 1052/227/84
f 1080/231/86 1077/369/85 1076/225/85
f 1076/225/85 1075/226/85 1070/230/85
f 1075/226/85 1066/367/85 1070/230/85
f 1066/367/85 1065/368/85 1070/230/85
f 1070/230/85 1069/227/85 1076/225/85
f 1097/229/87 1098/228/87 1099/229/87
f 1096/231/88 1093/369/88 1092/225/88
f 1092/225/88 1091/226/88 1086/230/88
f 1091/226/88 1082/367/88 1086/230/88
f 1082/367/88 1081/368/88 1086/230/88
f 1086/230/88 1085/227/88 1092/225/88
f 1116/231/85 1113/369/85 1112/225/85
f 1112/225/85 1111/226/85 1106/230/85
f 1111/226/85 1102/367/85 1106/230/85
f 1102/367/85 1101/368/85 1106/230/85
f 1106/230/85 1105/227/85 1112/225/85
f 1136/228/87 1135/229/89 1134/228/89
f 1132/231/88 1129/369/88 1128/225/88
f 1128/225/88 1127/226/88 1122/230/88
f 1127/226/88 1118/367/88 1122/230/88
f 1118/367/88 1117/368/88 1122/230/88
f 1122/230/88 1121/227/88 1128/225/88
f 1152/231/85 1149/369/85 1148/225/85
f 1148/225/85 1147/226/85 1142/230/85
f 1147/226/85 1138/367/85 1142/230/85
f 1138/367/85 1137/368/85 1142/230/85
f 1142/230/85 1141/227/85 1148/225/85
f 1170/228/87 1171/229/87 1172/228/87
f 1168/231/88 1165/369/88 1164/225/88
f 1164/225/88 1163/226/88 1158/230/88
f 1163/226/88 1154/367/88 1158/230/88
f 1154/367/88 1153/368/88 1158/230/88
f 1158/230/88 1157/227/88 1164/225/88
f 1173/232/84 1177/252/84 1178/233/84
f 1185/235/3 1181/242/3 1180/236/3
f 1186/240/90 1183/238/90 1182/280/90
f 1187/241/91 1182/370/91 1181/242/91
f 1188/232/92 1173/371/92 1183/238/92
f 1174/245/1 1173/243/1 1188/232/1
f 1190/246/1 1179/372/1 1178/247/1
f 1191/248/93 1178/373/93 1177/249/93
f 1176/254/3 1194/253/3 1192/250/3
f 1175/256/94 1174/245/94 1189/244/94
f 1191/233/88 1185/235/88 1184/237/88
f 1186/234/88 1187/279/88 1185/235/88
f 1188/232/88 1186/234/88 1191/233/88
f 1192/252/88 1193/251/88 1189/278/88
f 1177/252/84 1173/232/84 1174/278/84
f 1183/234/84 1178/233/84 1181/235/84
f 1178/233/84 1179/246/84 1180/237/84
f 1204/226/95 1207/367/95 1210/368/95
f 1210/368/95 1199/230/95 1204/226/95
f 1199/230/95 1202/227/95 1204/226/95
f 1202/227/95 1195/231/95 1198/369/95
f 1198/369/95 1205/225/95 1202/227/95
f 1230/228/96 1229/229/96 1228/228/96
f 1220/226/97 1223/367/97 1226/368/97
f 1226/368/97 1215/230/97 1220/226/97
f 1215/230/97 1218/227/97 1220/226/97
f 1218/227/97 1211/231/97 1214/369/97
f 1214/369/97 1221/225/97 1218/227/97
f 1240/226/95 1243/367/95 1246/368/95
f 1246/368/95 1235/230/95 1240/226/95
f 1235/230/95 1238/227/95 1240/226/95
f 1238/227/95 1231/231/95 1234/369/95
f 1234/369/95 1241/225/95 1238/227/95
f 1266/228/96 1265/229/96 1264/228/96
f 1256/227/97 1259/231/97 1262/369/97
f 1262/369/97 1251/225/97 1256/227/97
f 1251/225/97 1254/226/97 1256/227/97
f 1254/226/97 1247/367/97 1250/368/97
f 1250/368/97 1257/230/97 1254/226/97
f 1276/226/95 1279/367/95 1282/368/95
f 1282/368/95 1271/230/95 1276/226/95
f 1271/230/95 1274/227/95 1276/226/95
f 1274/227/95 1267/231/95 1270/369/95
f 1270/369/95 1277/225/95 1274/227/95
f 1300/228/96 1301/229/96 1302/228/96
f 1292/226/97 1295/367/97 1298/368/97
f 1298/368/97 1287/230/97 1292/226/97
f 1287/230/97 1290/227/97 1292/226/97
f 1290/227/97 1283/231/97 1286/369/97
f 1286/369/97 1293/225/97 1290/227/97
f 1318/231/99 1315/369/98 1314/225/98
f 1314/225/98 1313/226/98 1308/230/98
f 1313/226/98 1304/367/98 1308/230/98
f 1304/367/98 1303/368/99 1308/230/98
f 1308/230/98 1307/227/98 1314/225/98
f 1336/228/100 1337/229/100 1338/228/100
f 1334/231/101 1331/369/101 1330/225/101
f 1330/225/101 1329/226/101 1324/230/101
f 1329/226/101 1320/367/101 1324/230/101
f 1320/367/101 1319/368/101 1324/230/101
f 1324/230/101 1323/227/101 1330/225/101
f 1354/231/98 1351/369/98 1350/225/98
f 1350/225/98 1349/226/98 1344/230/98
f 1349/226/98 1340/367/99 1344/230/98
f 1340/367/99 1339/368/99 1344/230/98
f 1344/230/98 1343/227/98 1350/225/98
f 1374/228/100 1373/229/100 1372/228/100
f 1370/231/101 1367/369/101 1366/225/101
f 1366/225/101 1365/226/101 1360/230/101
f 1365/226/101 1356/367/101 1360/230/101
f 1356/367/101 1355/368/101 1360/230/101
f 1360/230/101 1359/227/101 1366/225/101
f 1390/231/98 1387/369/98 1386/225/98
f 1386/225/98 1385/226/98 1380/230/98
f 1385/226/98 1376/367/99 1380/230/98
f 1376/367/99 1375/368/99 1380/230/98
f 1380/230/98 1379/227/98 1386/225/98
f 1408/228/100 1409/229/100 1410/228/100
f 1406/231/101 1403/369/101 1402/225/101
f 1402/225/101 1401/226/101 1396/230/101
f 1401/226/101 1392/367/101 1396/230/101
f 1392/367/101 1391/368/101 1396/230/101
f 1396/230/101 1395/227/101 1402/225/101
f 1411/232/97 1415/252/97 1416/233/97
f 1423/235/3 1419/242/3 1418/236/3
f 1424/240/102 1421/238/102 1420/280/102
f 1425/241/103 1420/370/103 1419/242/103
f 1426/232/104 1411/371/104 1421/238/104
f 1411/243/1 1426/232/1 1427/244/1
f 1428/246/1 1417/372/1 1416/247/1
f 1429/248/105 1416/373/105 1415/249/105
f 1414/254/3 1432/253/3 1430/250/3
f 1413/256/106 1412/245/106 1427/244/106
f 1429/233/101 1423/235/101 1422/237/101
f 1424/234/101 1425/279/101 1423/235/101
f 1426/232/101 1424/234/101 1429/233/101
f 1430/252/101 1431/251/101 1427/278/101
f 1415/252/97 1411/232/97 1412/278/97
f 1421/234/97 1416/233/97 1419/235/97
f 1416/233/97 1417/246/97 1418/237/97
f 1434/128/107 1435/337/107 1436/129/107
f 1438/131/108 1439/338/108 1440/132/108
f 1441/134/109 1442/169/109 1440/132/109
f 1444/136/110 1438/283/110 1437/133/111
f 1443/137/107 1442/166/107 1441/138/107
f 1445/140/310 1446/339/310 1447/141/310
f 1450/143/113 1451/162/113 1452/144/113
f 1445/140/114 1448/142/114 1444/146/114
f 1454/148/108 1455/282/108 1456/149/108
f 1434/151/115 1433/130/115 1453/152/115
f 1456/154/114 1455/340/114 1449/145/114
f 1435/155/110 1455/341/110 1454/148/111
f 1457/156/1 1446/339/1 1445/140/1
f 1458/158/3 1444/342/3 1448/142/3
f 1459/159/3 1450/143/3 1449/145/3
f 1460/161/1 1456/343/1 1452/144/1
f 1440/132/108 1461/170/108 1462/163/108
f 1453/150/108 1463/344/108 1464/164/108
f 1443/137/107 1465/168/107 1466/165/107
f 1433/130/1 1467/171/1 1463/167/1
f 1443/137/3 1437/133/3 1462/163/3
f 1442/169/1 1466/345/1 1461/170/1
f 1436/129/107 1468/163/107 1467/171/107
f 1436/129/3 1454/148/3 1464/164/3
f 1469/174/116 1470/172/116 1471/195/116
f 1470/172/3 1469/174/3 1474/175/3
f 1470/172/108 1473/176/108 1475/177/108
f 1475/177/108 1476/346/229 1471/178/108
f 1478/181/107 1474/175/107 1469/174/107
f 1469/174/107 1472/179/107 1478/181/107
f 1479/182/311 1480/281/311 1481/183/311
f 1482/184/119 1481/183/119 1484/185/119
f 1485/188/120 1486/187/120 1483/186/120
f 1485/189/121 1480/281/121 1479/182/121
f 1475/191/122 1478/347/122 1477/192/122
f 1477/194/123 1472/173/123 1471/195/123
f 1474/175/124 1478/347/124 1475/191/124
f 1491/348/108 1487/198/108 1490/197/108
f 1487/198/108 1488/349/108 1489/199/108
f 1496/202/107 1492/350/107 1493/200/107
f 1493/200/107 1494/351/107 1495/201/107
f 1493/203/125 1487/209/125 1491/204/125
f 1494/205/126 1491/204/126 1490/197/126
f 1495/201/3 1490/197/3 1489/199/3
f 1488/207/127 1492/206/127 1496/202/127
f 1493/203/1 1492/284/1 1488/208/1
f 1503/352/107 1497/353/107 1498/210/107
f 1498/210/107 1499/354/107 1500/211/107
f 1500/211/107 1501/355/107 1502/212/107
f 1502/212/107 1503/352/107 1498/210/107
f 1522/356/108 1513/352/108 1512/213/108
f 1512/213/108 1506/357/108 1505/214/108
f 1505/214/108 1518/358/108 1517/215/108
f 1517/215/108 1522/356/108 1512/213/108
f 1520/216/108 1521/359/108 1514/217/108
f 1514/217/108 1515/360/108 1509/218/108
f 1509/218/108 1508/361/108 1523/362/108
f 1523/362/108 1520/216/108 1509/218/108
f 1504/221/107 1507/363/107 1511/219/107
f 1511/219/107 1510/364/107 1524/365/107
f 1524/365/107 1516/220/107 1511/219/107
f 1516/220/107 1519/366/107 1504/221/107
f 1526/128/128 1527/337/128 1528/129/128
f 1530/131/129 1531/338/129 1532/132/129
f 1533/134/130 1534/169/130 1532/132/130
f 1536/136/131 1530/283/131 1529/133/131
f 1535/137/128 1534/166/128 1533/138/128
f 1537/140/132 1538/339/132 1539/141/132
f 1542/143/133 1543/162/133 1544/144/133
f 1537/140/134 1540/142/134 1536/146/134
f 1546/148/129 1547/282/129 1548/149/129
f 1526/151/130 1525/130/130 1545/152/130
f 1548/154/134 1547/340/134 1541/145/134
f 1527/155/131 1547/341/131 1546/148/131
f 1549/156/1 1538/339/1 1537/140/1
f 1550/158/3 1536/342/3 1540/142/3
f 1551/159/3 1542/143/3 1541/145/3
f 1552/161/1 1548/343/1 1544/144/1
f 1532/132/129 1553/170/129 1554/163/129
f 1545/150/129 1555/344/129 1556/164/129
f 1535/137/128 1557/168/128 1558/165/128
f 1525/130/1 1559/171/1 1555/167/1
f 1535/137/3 1529/133/3 1554/163/3
f 1534/169/1 1558/345/1 1553/170/1
f 1528/129/128 1560/163/128 1559/171/128
f 1528/129/3 1546/148/3 1556/164/3
f 1561/174/135 1562/172/135 1563/195/135
f 1565/176/3 1562/172/3 1561/174/3
f 1562/172/129 1565/176/129 1567/177/129
f 1567/177/129 1568/346/129 1563/178/129
f 1570/181/128 1566/175/128 1561/174/128
f 1561/174/128 1564/179/128 1570/181/128
f 1572/281/136 1573/183/136 1574/184/137
f 1574/184/138 1573/183/138 1576/185/138
f 1578/187/139 1575/186/139 1576/185/140
f 1577/189/141 1572/281/141 1571/182/141
f 1567/191/142 1570/347/142 1569/192/142
f 1569/194/143 1564/173/143 1563/195/143
f 1566/175/144 1570/347/312 1567/191/144
f 1583/348/129 1579/198/129 1582/197/129
f 1579/198/129 1580/349/129 1581/199/129
f 1588/202/128 1584/350/128 1585/200/128
f 1585/200/128 1586/351/128 1587/201/128
f 1585/203/145 1579/209/145 1583/204/145
f 1583/204/146 1582/197/146 1587/201/146
f 1587/201/3 1582/197/3 1581/199/3
f 1584/206/147 1588/202/147 1581/199/147
f 1585/203/1 1584/284/1 1580/208/1
f 1595/352/128 1589/353/128 1590/210/128
f 1590/210/128 1591/354/128 1592/211/128
f 1592/211/128 1593/355/128 1594/212/128
f 1594/212/128 1595/352/128 1590/210/128
f 1614/356/129 1605/352/129 1604/213/129
f 1604/213/129 1598/357/129 1597/214/129
f 1597/214/129 1610/358/129 1609/215/129
f 1609/215/129 1614/356/129 1604/213/129
f 1612/216/129 1613/359/313 1606/217/129
f 1606/217/129 1607/360/313 1601/218/129
f 1601/218/129 1600/361/129 1615/362/129
f 1615/362/129 1612/216/129 1601/218/129
f 1596/221/128 1599/363/128 1603/219/128
f 1603/219/128 1602/364/128 1616/365/128
f 1616/365/128 1608/220/128 1603/219/128
f 1608/220/128 1611/366/128 1596/221/128
f 1618/128/33 1619/337/33 1620/129/33
f 1622/131/148 1623/338/148 1624/132/148
f 1625/134/149 1626/169/149 1624/132/149
f 1628/136/150 1622/283/150 1621/133/150
f 1627/137/33 1626/166/33 1625/138/33
f 1629/140/151 1630/339/151 1631/141/151
f 1634/143/152 1635/162/152 1636/144/152
f 1629/140/28 1632/142/28 1628/146/28
f 1638/148/148 1639/282/148 1640/149/148
f 1618/151/149 1617/130/149 1637/152/149
f 1640/154/28 1639/340/28 1633/145/28
f 1619/155/150 1639/341/150 1638/148/150
f 1641/156/1 1630/339/1 1629/140/1
f 1642/158/3 1628/342/3 1632/142/3
f 1643/159/3 1634/143/3 1633/145/3
f 1644/161/1 1640/343/1 1636/144/1
f 1624/132/148 1645/170/148 1646/163/148
f 1637/150/148 1647/344/148 1648/164/148
f 1627/137/33 1649/168/33 1650/165/33
f 1617/130/1 1651/171/1 1647/167/1
f 1627/137/3 1621/133/3 1646/163/3
f 1626/169/1 1650/345/1 1645/170/1
f 1620/129/153 1652/163/153 1651/171/153
f 1620/129/3 1638/148/3 1648/164/3
f 1654/172/154 1655/195/314 1656/173/154
f 1657/176/3 1654/172/3 1653/174/3
f 1654/172/148 1657/176/148 1659/177/148
f 1659/177/148 1660/346/148 1655/178/148
f 1662/181/33 1658/175/33 1653/174/33
f 1653/174/33 1656/179/33 1662/181/33
f 1663/182/156 1664/281/156 1665/183/156
f 1666/184/157 1665/183/157 1668/185/157
f 1670/187/158 1667/186/158 1668/185/159
f 1669/189/160 1664/281/160 1663/182/160
f 1659/191/161 1662/347/161 1661/192/161
f 1660/196/162 1661/194/162 1656/173/162
f 1658/175/163 1662/347/163 1659/191/163
f 1675/348/148 1671/198/148 1674/197/148
f 1671/198/148 1672/349/148 1673/199/148
f 1680/202/33 1676/350/33 1677/200/33
f 1677/200/33 1678/351/33 1679/201/33
f 1677/203/164 1671/209/164 1675/204/164
f 1675/204/165 1674/197/165 1679/201/165
f 1679/201/3 1674/197/3 1673/199/3
f 1676/206/166 1680/202/166 1673/199/166
f 1677/203/1 1676/284/1 1672/208/1
f 1687/352/33 1681/353/33 1682/210/33
f 1682/210/33 1683/354/33 1684/211/33
f 1684/211/33 1685/355/33 1686/212/33
f 1686/212/33 1687/352/33 1682/210/33
f 1706/356/148 1697/352/148 1696/213/148
f 1696/213/148 1690/357/148 1689/214/148
f 1689/214/148 1702/358/148 1701/215/148
f 1701/215/148 1706/356/148 1696/213/148
f 1704/216/148 1705/359/148 1698/217/148
f 1698/217/148 1699/360/148 1693/218/148
f 1693/218/148 1692/361/148 1707/362/148
f 1707/362/148 1704/216/148 1693/218/148
f 1688/221/33 1691/363/33 1695/219/33
f 1695/219/33 1694/364/33 1708/365/33
f 1708/365/33 1700/220/33 1695/219/33
f 1700/220/33 1703/366/153 1688/221/33
f 1710/128/114 1711/337/114 1712/129/114
f 1714/131/167 1715/338/167 1716/132/167
f 1717/134/315 1718/169/315 1716/132/315
f 1720/136/169 1714/283/169 1713/133/169
f 1719/137/114 1718/166/114 1717/138/114
f 1721/140/316 1722/339/316 1723/141/316
f 1726/143/171 1727/162/171 1728/144/171
f 1721/140/108 1724/142/108 1720/146/108
f 1730/148/167 1731/282/167 1732/149/167
f 1710/151/168 1709/130/168 1729/152/168
f 1732/154/108 1731/340/108 1725/145/108
f 1711/155/172 1731/341/172 1730/148/172
f 1733/156/1 1722/339/1 1721/140/1
f 1734/158/3 1720/342/3 1724/142/3
f 1735/159/3 1726/143/3 1725/145/3
f 1736/161/1 1732/343/1 1728/144/1
f 1716/132/167 1737/170/167 1738/163/167
f 1729/150/167 1739/344/167 1740/164/167
f 1719/137/114 1741/168/114 1742/165/114
f 1709/130/1 1743/171/1 1739/167/1
f 1719/137/3 1713/133/3 1738/163/3
f 1718/169/1 1742/345/1 1737/170/1
f 1712/129/114 1744/163/114 1743/171/114
f 1712/129/3 1730/148/3 1740/164/3
f 1745/174/173 1746/172/173 1747/195/173
f 1749/176/3 1746/172/3 1745/174/3
f 1746/172/167 1749/176/167 1751/177/167
f 1751/177/167 1752/346/167 1747/178/167
f 1754/181/114 1750/175/114 1745/174/114
f 1745/174/114 1748/179/114 1754/181/114
f 1755/182/317 1756/281/317 1757/183/317
f 1758/184/176 1757/183/176 1760/185/176
f 1762/187/177 1759/186/177 1760/185/177
f 1761/189/178 1756/281/178 1755/182/178
f 1751/191/179 1754/347/180 1753/192/180
f 1753/194/181 1748/173/181 1747/195/181
f 1750/175/182 1754/347/182 1751/191/182
f 1767/348/318 1763/198/167 1766/197/167
f 1763/198/167 1764/349/167 1765/199/167
f 1772/202/114 1768/350/114 1769/200/114
f 1769/200/114 1770/351/174 1771/201/114
f 1769/203/183 1763/209/183 1767/204/183
f 1770/205/184 1767/204/184 1766/197/184
f 1771/201/3 1766/197/3 1765/199/3
f 1768/206/185 1772/202/185 1765/199/185
f 1769/203/1 1768/284/1 1764/208/1
f 1779/352/114 1773/353/114 1774/210/114
f 1774/210/114 1775/354/114 1776/211/114
f 1776/211/114 1777/355/114 1778/212/114
f 1778/212/114 1779/352/114 1774/210/114
f 1798/356/167 1789/352/167 1788/213/167
f 1788/213/167 1782/357/318 1781/214/167
f 1781/214/167 1794/358/319 1793/215/167
f 1793/215/167 1798/356/167 1788/213/167
f 1796/216/167 1797/359/167 1790/217/167
f 1790/217/167 1791/360/167 1785/218/167
f 1785/218/167 1784/361/167 1799/362/167
f 1799/362/167 1796/216/167 1785/218/167
f 1780/221/114 1783/363/320 1787/219/114
f 1787/219/114 1786/364/114 1800/365/114
f 1800/365/114 1792/220/114 1787/219/114
f 1792/220/114 1795/366/174 1780/221/114
f 1802/128/134 1803/337/134 1804/129/134
f 1806/131/186 1807/338/186 1808/132/186
f 1809/134/187 1810/169/187 1808/132/187
f 1812/136/188 1806/283/188 1805/133/188
f 1811/137/134 1810/166/134 1809/138/134
f 1813/140/189 1814/339/189 1815/141/189
f 1818/143/190 1819/162/190 1820/144/190
f 1813/140/129 1816/142/129 1812/146/129
f 1822/148/186 1823/282/186 1824/149/186
f 1802/151/187 1801/130/187 1821/152/187
f 1824/154/129 1823/340/129 1817/145/129
f 1803/155/188 1823/341/188 1822/148/188
f 1825/156/1 1814/339/1 1813/140/1
f 1826/158/3 1812/342/3 1816/142/3
f 1827/159/3 1818/143/3 1817/145/3
f 1828/161/1 1824/343/1 1820/144/1
f 1808/132/186 1829/170/186 1830/163/186
f 1821/150/186 1831/344/186 1832/164/186
f 1811/137/134 1833/168/134 1834/165/134
f 1801/130/1 1835/171/1 1831/167/1
f 1811/137/3 1805/133/3 1830/163/3
f 1810/169/1 1834/345/1 1829/170/1
f 1804/129/134 1836/163/134 1835/171/134
f 1804/129/3 1822/148/3 1832/164/3
f 1837/174/191 1838/172/191 1839/195/191
f 1841/176/3 1838/172/3 1837/174/3
f 1838/172/186 1841/176/186 1843/177/186
f 1843/177/186 1844/346/321 1839/178/186
f 1846/181/134 1842/175/134 1837/174/134
f 1837/174/134 1840/179/134 1846/181/134
f 1848/281/193 1849/183/193 1850/184/194
f 1850/184/195 1849/183/195 1852/185/195
f 1853/188/322 1854/187/322 1851/186/322
f 1853/189/197 1848/281/197 1847/182/197
f 1843/191/198 1846/347/199 1845/192/199
f 1845/194/201 1840/173/201 1839/195/201
f 1842/175/202 1846/347/323 1843/191/202
f 1859/348/324 1855/198/186 1858/197/186
f 1855/198/186 1856/349/186 1857/199/186
f 1864/202/134 1860/350/134 1861/200/134
f 1861/200/134 1862/351/325 1863/201/134
f 1861/203/203 1855/209/203 1859/204/203
f 1859/204/204 1858/197/204 1863/201/204
f 1863/201/3 1858/197/3 1857/199/3
f 1860/206/205 1864/202/205 1857/199/205
f 1861/203/1 1860/284/1 1856/208/1
f 1871/352/134 1865/353/134 1870/212/134
f 1865/353/134 1866/210/134 1870/212/134
f 1866/210/134 1867/354/134 1868/211/134
f 1868/211/134 1869/355/134 1870/212/134
f 1890/356/186 1881/352/186 1880/213/186
f 1880/213/186 1874/357/186 1873/214/186
f 1873/214/186 1886/358/186 1885/215/186
f 1885/215/186 1890/356/186 1880/213/186
f 1888/216/186 1889/359/186 1882/217/186
f 1882/217/186 1883/360/186 1877/218/186
f 1877/218/186 1876/361/186 1891/362/186
f 1891/362/186 1888/216/186 1877/218/186
f 1872/221/134 1875/363/325 1879/219/134
f 1879/219/134 1878/364/134 1892/365/134
f 1892/365/134 1884/220/134 1879/219/134
f 1884/220/134 1887/366/325 1872/221/134
f 1894/128/28 1895/337/28 1896/129/28
f 1898/131/27 1899/338/27 1900/132/27
f 1902/169/206 1900/132/206 1899/135/206
f 1904/136/208 1898/283/208 1897/133/208
f 1903/137/28 1902/166/28 1901/138/28
f 1905/140/209 1906/339/209 1907/141/209
f 1910/143/210 1911/162/210 1912/144/210
f 1905/140/148 1908/142/148 1904/146/148
f 1914/148/27 1915/282/27 1916/149/27
f 1894/151/206 1893/130/206 1913/152/206
f 1916/154/148 1915/340/148 1909/145/148
f 1895/155/208 1915/341/208 1914/148/208
f 1917/156/1 1906/339/1 1905/140/1
f 1918/158/3 1904/342/3 1908/142/3
f 1919/159/3 1910/143/3 1909/145/3
f 1920/161/1 1916/343/1 1912/144/1
f 1900/132/27 1921/170/27 1922/163/27
f 1913/150/211 1923/344/211 1924/164/211
f 1903/137/212 1925/168/212 1926/165/212
f 1893/130/1 1927/171/1 1923/167/1
f 1903/137/3 1897/133/3 1922/163/3
f 1902/169/1 1926/345/1 1921/170/1
f 1896/129/28 1928/163/28 1927/171/28
f 1896/129/3 1914/148/3 1924/164/3
f 1929/174/213 1930/172/213 1931/195/213
f 1933/176/3 1930/172/3 1929/174/3
f 1930/172/27 1933/176/27 1935/177/27
f 1935/177/27 1936/346/27 1931/178/27
f 1938/181/28 1934/175/28 1929/174/28
f 1929/174/28 1932/179/28 1938/181/28
f 1939/182/326 1940/281/326 1941/183/326
f 1942/184/40 1941/183/40 1944/185/40
f 1946/187/216 1943/186/216 1944/185/217
f 1945/189/37 1940/281/37 1939/182/37
f 1935/191/218 1938/347/218 1937/192/218
f 1937/194/219 1932/173/219 1931/195/219
f 1934/175/220 1938/347/220 1935/191/220
f 1951/348/27 1947/198/27 1950/197/27
f 1947/198/27 1948/349/27 1949/199/27
f 1956/202/28 1952/350/28 1953/200/28
f 1953/200/28 1954/351/28 1955/201/28
f 1953/203/221 1947/209/221 1951/204/221
f 1951/204/222 1950/197/222 1955/201/222
f 1955/201/3 1950/197/3 1949/199/3
f 1952/206/223 1956/202/223 1949/199/223
f 1953/203/1 1952/284/1 1948/208/1
f 1963/352/28 1957/353/28 1962/212/28
f 1957/353/28 1958/210/28 1962/212/28
f 1958/210/28 1959/354/28 1960/211/28
f 1960/211/28 1961/355/28 1962/212/28
f 1982/356/27 1973/352/27 1977/215/27
f 1973/352/27 1972/213/27 1977/215/27
f 1972/213/27 1966/357/27 1965/214/27
f 1965/214/27 1978/358/27 1977/215/27
f 1980/216/27 1981/359/27 1974/217/27
f 1974/217/27 1975/360/27 1969/218/27
f 1969/218/27 1968/361/27 1983/362/27
f 1983/362/27 1980/216/27 1969/218/27
f 1964/221/28 1967/363/212 1971/219/28
f 1971/219/28 1970/364/28 1984/365/28
f 1984/365/28 1976/220/28 1971/219/28
f 1976/220/28 1979/366/212 1964/221/28
f 1986/128/108 1987/337/108 1988/129/108
f 1990/131/107 1991/338/107 1992/132/107
f 1993/134/224 1994/169/224 1992/132/224
f 1996/136/225 1990/283/225 1989/133/225
f 1995/137/108 1994/166/108 1993/138/108
f 1997/140/327 1998/339/327 1999/141/327
f 2002/143/227 2003/162/227 2004/144/227
f 1997/140/167 2000/142/167 1996/146/167
f 2006/148/107 2007/282/107 2008/149/107
f 1986/151/224 1985/130/224 2005/152/224
f 2008/154/167 2007/340/167 2001/145/167
f 1987/155/225 2007/341/225 2006/148/225
f 2009/156/1 1998/339/1 1997/140/1
f 2010/158/3 1996/342/3 2000/142/3
f 2011/159/3 2002/143/3 2001/145/3
f 2012/161/1 2008/343/1 2004/144/1
f 1992/132/107 2013/170/107 2014/163/107
f 2005/150/107 2015/344/107 2016/164/107
f 1995/137/108 2017/168/108 2018/165/108
f 1985/130/1 2019/171/1 2015/167/1
f 1995/137/3 1989/133/3 2014/163/3
f 1994/169/1 2018/345/1 2013/170/1
f 1988/129/108 2020/163/108 2019/171/108
f 1988/129/3 2006/148/3 2016/164/3
f 2021/174/228 2022/172/228 2023/195/228
f 2025/176/3 2022/172/3 2021/174/3
f 2022/172/107 2025/176/107 2027/177/107
f 2027/177/107 2028/346/107 2023/178/107
f 2030/181/108 2026/175/108 2021/174/108
f 2021/174/108 2024/179/108 2030/181/108
f 2032/281/230 2033/183/230 2034/184/231
f 2034/184/121 2033/183/121 2036/185/121
f 2037/188/232 2038/187/232 2035/186/232
f 2037/189/119 2032/281/119 2031/182/119
f 2027/191/233 2030/347/233 2029/192/233
f 2029/194/234 2024/173/234 2023/195/234
f 2026/175/235 2030/347/235 2027/191/235
f 2043/348/328 2039/198/107 2042/197/107
f 2039/198/107 2040/349/107 2041/199/107
f 2048/202/108 2044/350/108 2045/200/108
f 2045/200/108 2046/351/108 2047/201/108
f 2045/203/236 2039/209/236 2043/204/236
f 2043/204/237 2042/197/237 2047/201/237
f 2047/201/3 2042/197/3 2041/199/3
f 2044/206/238 2048/202/238 2041/199/238
f 2045/203/1 2044/284/1 2040/208/1
f 2055/352/108 2049/353/108 2050/210/108
f 2050/210/108 2051/354/229 2052/211/108
f 2052/211/108 2053/355/329 2054/212/108
f 2054/212/108 2055/352/108 2050/210/108
f 2074/356/107 2065/352/107 2069/215/107
f 2065/352/107 2064/213/107 2069/215/107
f 2064/213/107 2058/357/107 2057/214/107
f 2057/214/107 2070/358/107 2069/215/107
f 2072/216/107 2073/359/330 2066/217/107
f 2066/217/107 2067/360/117 2061/218/107
f 2061/218/107 2060/361/107 2075/362/107
f 2075/362/107 2072/216/107 2061/218/107
f 2056/221/108 2059/363/108 2063/219/108
f 2063/219/108 2062/364/108 2076/365/108
f 2076/365/108 2068/220/108 2063/219/108
f 2068/220/108 2071/366/108 2056/221/108
f 2078/128/129 2079/337/129 2080/129/129
f 2082/131/128 2083/338/128 2084/132/128
f 2086/169/239 2084/132/239 2083/135/239
f 2088/136/240 2082/283/240 2081/133/240
f 2087/137/129 2086/166/129 2085/138/129
f 2089/140/331 2090/339/331 2091/141/331
f 2094/143/242 2095/162/242 2096/144/242
f 2089/140/186 2092/142/186 2088/146/186
f 2098/148/128 2099/282/128 2100/149/128
f 2078/151/239 2077/130/239 2097/152/239
f 2100/154/186 2099/340/186 2093/145/186
f 2079/155/240 2099/341/240 2098/148/240
f 2101/156/1 2090/339/1 2089/140/1
f 2102/158/3 2088/342/3 2092/142/3
f 2103/159/3 2094/143/3 2093/145/3
f 2104/161/1 2100/343/1 2096/144/1
f 2084/132/128 2105/170/128 2106/163/128
f 2097/150/128 2107/344/128 2108/164/128
f 2087/137/129 2109/168/129 2110/165/129
f 2077/130/1 2111/171/1 2107/167/1
f 2087/137/3 2081/133/3 2106/163/3
f 2086/169/1 2110/345/1 2105/170/1
f 2080/129/129 2112/163/129 2111/171/129
f 2080/129/3 2098/148/3 2108/164/3
f 2114/172/244 2115/195/244 2116/173/244
f 2117/176/3 2114/172/3 2113/174/3
f 2114/172/128 2117/176/128 2119/177/128
f 2119/177/128 2120/346/332 2115/178/128
f 2122/181/129 2118/175/129 2113/174/129
f 2113/174/129 2116/179/129 2122/181/129
f 2123/182/333 2124/281/333 2125/183/333
f 2126/184/141 2125/183/141 2128/185/141
f 2130/187/247 2127/186/247 2128/185/248
f 2129/189/138 2124/281/138 2123/182/138
f 2119/191/249 2122/347/249 2121/192/249
f 2121/194/250 2116/173/250 2115/195/250
f 2118/175/251 2122/347/251 2119/191/251
f 2135/348/128 2131/198/128 2134/197/128
f 2131/198/128 2132/349/128 2133/199/128
f 2140/202/129 2136/350/129 2137/200/129
f 2137/200/129 2138/351/313 2139/201/129
f 2131/209/252 2135/204/252 2138/205/252
f 2138/205/253 2135/204/253 2134/197/253
f 2139/201/3 2134/197/3 2133/199/3
f 2136/206/254 2140/202/254 2133/199/254
f 2137/203/1 2136/284/1 2132/208/1
f 2147/352/129 2141/353/129 2142/210/129
f 2142/210/129 2143/354/245 2144/211/129
f 2144/211/129 2145/355/334 2146/212/129
f 2146/212/129 2147/352/129 2142/210/129
f 2166/356/128 2157/352/128 2156/213/128
f 2156/213/128 2150/357/128 2149/214/128
f 2149/214/128 2162/358/128 2161/215/128
f 2161/215/128 2166/356/128 2156/213/128
f 2164/216/128 2165/359/128 2158/217/128
f 2158/217/128 2159/360/292 2153/218/128
f 2153/218/128 2152/361/128 2167/362/128
f 2167/362/128 2164/216/128 2153/218/128
f 2148/221/129 2151/363/129 2155/219/129
f 2155/219/129 2154/364/129 2168/365/129
f 2168/365/129 2160/220/129 2155/219/129
f 2160/220/129 2163/366/129 2148/221/129
f 2170/128/148 2171/337/148 2172/129/148
f 2174/131/33 2175/338/33 2176/132/33
f 2177/134/255 2178/169/255 2176/132/255
f 2180/136/256 2174/283/256 2173/133/256
f 2179/137/148 2178/166/148 2177/138/148
f 2181/140/257 2182/339/257 2183/141/257
f 2186/143/258 2187/162/258 2188/144/258
f 2181/140/27 2184/142/27 2180/146/27
f 2190/148/33 2191/282/33 2192/149/33
f 2170/151/255 2169/130/255 2189/152/255
f 2192/154/27 2191/340/27 2185/145/27
f 2171/155/256 2191/341/256 2190/148/256
f 2193/156/1 2182/339/1 2181/140/1
f 2194/158/3 2180/342/3 2184/142/3
f 2195/159/3 2186/143/3 2185/145/3
f 2196/161/1 2192/343/1 2188/144/1
f 2176/132/33 2197/170/33 2198/163/33
f 2189/150/33 2199/344/33 2200/164/33
f 2179/137/148 2201/168/148 2202/165/148
f 2169/130/1 2203/171/1 2199/167/1
f 2179/137/3 2173/133/3 2198/163/3
f 2178/169/1 2202/345/1 2197/170/1
f 2172/129/148 2204/163/148 2203/171/148
f 2172/129/3 2190/148/3 2200/164/3
f 2205/174/259 2206/172/259 2207/195/259
f 2209/176/3 2206/172/3 2205/174/3
f 2206/172/33 2209/176/33 2211/177/33
f 2211/177/33 2212/346/155 2207/178/33
f 2214/181/148 2210/175/148 2205/174/148
f 2205/174/148 2208/179/148 2214/181/148
f 2215/182/335 2216/281/335 2217/183/335
f 2218/184/160 2217/183/160 2220/185/160
f 2221/188/336 2222/187/336 2219/186/336
f 2221/189/157 2216/281/157 2215/182/157
f 2211/191/264 2214/347/265 2213/192/265
f 2213/194/266 2208/173/266 2207/195/266
f 2210/175/267 2214/347/267 2211/191/267
f 2227/348/33 2223/198/33 2226/197/33
f 2223/198/33 2224/349/33 2225/199/33
f 2232/202/148 2228/350/148 2229/200/148
f 2229/200/148 2230/351/148 2231/201/148
f 2229/203/268 2223/209/268 2227/204/268
f 2230/205/269 2227/204/269 2226/197/269
f 2231/201/3 2226/197/3 2225/199/3
f 2228/206/270 2232/202/270 2225/199/270
f 2229/203/1 2228/284/1 2224/208/1
f 2239/352/148 2233/353/148 2234/210/148
f 2234/210/148 2235/354/148 2236/211/148
f 2236/211/148 2237/355/148 2238/212/148
f 2238/212/148 2239/352/148 2234/210/148
f 2258/356/33 2249/352/33 2248/213/33
f 2248/213/33 2242/357/153 2241/214/33
f 2241/214/33 2254/358/153 2253/215/33
f 2253/215/33 2258/356/33 2248/213/33
f 2256/216/33 2257/359/33 2250/217/33
f 2250/217/33 2251/360/33 2245/218/33
f 2245/218/33 2244/361/33 2259/362/33
f 2259/362/33 2256/216/33 2245/218/33
f 2240/221/148 2243/363/148 2247/219/148
f 2247/219/148 2246/364/148 2260/365/148
f 2260/365/148 2252/220/148 2247/219/148
f 2252/220/148 2255/366/337 2240/221/148
f 2262/128/167 2263/337/167 2264/129/167
f 2266/131/114 2267/338/114 2268/132/114
f 2269/134/338 2270/169/338 2268/132/338
f 2272/136/272 2266/283/272 2265/133/273
f 2271/137/167 2270/166/167 2269/138/167
f 2273/140/274 2274/339/274 2275/141/274
f 2278/143/275 2279/162/275 2280/144/275
f 2273/140/107 2276/142/107 2272/146/107
f 2281/150/114 2282/148/114 2283/282/114
f 2262/151/338 2261/130/338 2281/152/338
f 2284/154/107 2283/340/107 2277/145/107
f 2263/155/272 2283/341/272 2282/148/273
f 2285/156/1 2274/339/1 2273/140/1
f 2286/158/3 2272/342/3 2276/142/3
f 2287/159/3 2278/143/3 2277/145/3
f 2288/161/1 2284/343/1 2280/144/1
f 2268/132/114 2289/170/114 2290/163/114
f 2281/150/114 2291/344/114 2292/164/114
f 2271/137/167 2293/168/167 2294/165/167
f 2261/130/1 2295/171/1 2291/167/1
f 2271/137/3 2265/133/3 2290/163/3
f 2270/169/1 2294/345/1 2289/170/1
f 2264/129/167 2296/163/167 2295/171/167
f 2264/129/3 2282/148/3 2292/164/3
f 2297/174/276 2298/172/276 2299/195/276
f 2301/176/3 2298/172/3 2297/174/3
f 2298/172/114 2301/176/114 2303/177/114
f 2303/177/114 2304/346/174 2299/178/114
f 2306/181/167 2302/175/167 2297/174/167
f 2297/174/167 2300/179/167 2306/181/167
f 2308/281/278 2309/183/339 2310/184/279
f 2310/184/178 2309/183/178 2312/185/178
f 2314/187/280 2311/186/280 2312/185/281
f 2313/189/176 2308/281/176 2307/182/176
f 2303/191/282 2306/347/282 2305/192/282
f 2305/194/283 2300/173/283 2299/195/283
f 2302/175/284 2306/347/284 2303/191/284
f 2319/348/114 2315/198/114 2318/197/114
f 2315/198/114 2316/349/114 2317/199/114
f 2324/202/167 2320/350/167 2321/200/167
f 2321/200/167 2322/351/277 2323/201/167
f 2321/203/285 2315/209/285 2319/204/285
f 2322/205/286 2319/204/286 2318/197/286
f 2323/201/3 2318/197/3 2317/199/3
f 2320/206/287 2324/202/287 2317/199/287
f 2321/203/1 2320/284/1 2316/208/1
f 2331/352/167 2325/353/167 2326/210/167
f 2326/210/167 2327/354/167 2328/211/167
f 2328/211/167 2329/355/167 2330/212/167
f 2330/212/167 2331/352/167 2326/210/167
f 2350/356/114 2341/352/114 2340/213/114
f 2340/213/114 2334/357/174 2333/214/114
f 2333/214/114 2346/358/340 2345/215/114
f 2345/215/114 2350/356/114 2340/213/114
f 2348/216/114 2349/359/114 2342/217/114
f 2342/217/114 2343/360/114 2337/218/114
f 2337/218/114 2336/361/114 2351/362/114
f 2351/362/114 2348/216/114 2337/218/114
f 2332/221/167 2335/363/341 2339/219/167
f 2339/219/167 2338/364/167 2352/365/167
f 2352/365/167 2344/220/167 2339/219/167
f 2344/220/167 2347/366/277 2332/221/167
f 2354/128/186 2355/337/186 2356/129/186
f 2358/131/134 2359/338/134 2360/132/134
f 2361/134/288 2362/169/288 2360/132/288
f 2363/137/289 2364/136/289 2358/283/289
f 2363/137/186 2362/166/186 2361/138/186
f 2365/140/290 2366/339/290 2367/141/290
f 2370/143/291 2371/162/291 2372/144/291
f 2365/140/292 2368/142/292 2364/146/292
f 2373/150/134 2374/148/134 2375/282/134
f 2354/151/288 2353/130/288 2373/152/288
f 2376/154/128 2375/340/128 2369/145/128
f 2355/155/289 2375/341/289 2374/148/289
f 2377/156/1 2366/339/1 2365/140/1
f 2378/158/3 2364/342/3 2368/142/3
f 2379/159/3 2370/143/3 2369/145/3
f 2380/161/1 2376/343/1 2372/144/1
f 2360/132/134 2381/170/134 2382/163/134
f 2373/150/134 2383/344/134 2384/164/134
f 2363/137/186 2385/168/186 2386/165/186
f 2353/130/1 2387/171/1 2383/167/1
f 2363/137/3 2357/133/3 2382/163/3
f 2362/169/1 2386/345/1 2381/170/1
f 2356/129/186 2388/163/186 2387/171/186
f 2356/129/3 2374/148/3 2384/164/3
f 2390/172/293 2391/195/293 2392/173/293
f 2393/176/3 2390/172/3 2389/174/3
f 2390/172/134 2393/176/134 2395/177/134
f 2395/177/134 2396/346/134 2391/178/134
f 2398/181/186 2394/175/186 2389/174/186
f 2389/174/186 2392/179/186 2398/181/186
f 2400/281/295 2401/183/295 2402/184/295
f 2402/184/197 2401/183/197 2404/185/197
f 2406/187/296 2403/186/296 2404/185/297
f 2405/189/195 2400/281/195 2399/182/195
f 2395/191/298 2398/347/299 2397/192/299
f 2397/194/300 2392/173/300 2391/195/300
f 2394/175/301 2398/347/301 2395/191/301
f 2411/348/325 2407/198/134 2410/197/134
f 2407/198/134 2408/349/134 2409/199/134
f 2416/202/186 2412/350/186 2413/200/186
f 2413/200/186 2414/351/186 2415/201/186
f 2413/203/303 2407/209/303 2411/204/303
f 2411/204/304 2410/197/304 2415/201/304
f 2415/201/3 2410/197/3 2409/199/3
f 2412/206/305 2416/202/342 2409/199/305
f 2412/284/1 2408/208/1 2407/209/1
f 2423/352/186 2417/353/186 2418/210/186
f 2418/210/186 2419/354/186 2420/211/186
f 2420/211/186 2421/355/186 2422/212/186
f 2422/212/186 2423/352/186 2418/210/186
f 2442/356/134 2433/352/134 2432/213/134
f 2432/213/134 2426/357/134 2425/214/134
f 2425/214/134 2438/358/134 2437/215/134
f 2437/215/134 2442/356/134 2432/213/134
f 2440/216/134 2441/359/134 2434/217/134
f 2434/217/134 2435/360/134 2429/218/134
f 2429/218/134 2428/361/134 2443/362/134
f 2443/362/134 2440/216/134 2429/218/134
f 2424/221/186 2427/363/186 2431/219/186
f 2431/219/186 2430/364/186 2444/365/186
f 2444/365/186 2436/220/186 2431/219/186
f 2436/220/186 2439/366/186 2424/221/186
f 2/376/343 4/377/344 1/378/345
f 4/377/344 5/379/346 6/380/347
f 6/380/347 7/381/348 8/382/349
f 8/382/349 9/383/350 10/384/351
f 16/385/352 13/386/353 15/387/354
f 19/388/355 1/378/345 18/389/356
f 20/390/357 21/391/358 22/392/359
f 21/391/358 11/393/360 22/392/359
f 18/389/356 23/394/361 21/391/358
f 21/391/358 13/395/353 12/396/362
f 1/378/345 24/397/363 23/394/361
f 23/394/361 14/398/364 13/395/353
f 6/380/347 24/397/363 4/377/344
f 25/399/365 14/398/364 24/397/363
f 8/382/349 25/399/365 6/380/347
f 26/400/366 15/401/354 25/399/365
f 10/384/351 26/400/366 8/382/349
f 26/400/366 17/402/367 16/403/352
f 28/404/368 18/389/356 20/390/357
f 28/404/368 30/405/369 19/388/355
f 29/406/370 32/407/371 30/405/369
f 19/388/355 33/408/372 2/376/343
f 30/405/369 34/409/373 33/408/372
f 2/376/343 35/410/374 3/411/375
f 33/408/372 36/412/376 35/410/374
f 5/379/346 35/410/374 37/413/377
f 37/413/377 36/412/376 38/414/378
f 7/381/348 37/413/377 39/415/379
f 39/415/379 38/414/378 40/416/380
f 9/383/350 39/415/379 41/417/381
f 41/417/381 40/416/380 42/418/382
f 38/419/378 36/420/376 34/421/373
f 72/422/383 74/423/384 71/424/385
f 74/423/384 75/425/386 76/426/387
f 75/425/386 78/427/388 76/426/387
f 77/428/389 80/429/390 78/427/388
f 79/430/391 82/431/392 80/429/390
f 81/432/393 84/433/394 82/434/392
f 83/435/395 86/436/396 84/433/394
f 85/437/397 88/438/398 86/436/396
f 88/438/398 89/439/399 90/440/400
f 89/439/399 92/441/401 90/440/400
f 92/441/401 93/442/402 94/443/403
f 95/444/404 97/445/405 98/446/406
f 97/445/405 100/447/407 98/446/406
f 99/448/408 102/449/409 100/447/407
f 101/450/410 104/451/411 102/449/409
f 104/451/411 105/452/412 106/453/413
f 105/452/412 108/454/414 106/453/413
f 77/428/389 109/455/415 110/456/416
f 112/457/417 71/424/385 111/458/418
f 78/427/388 113/459/419 114/460/420
f 116/461/421 118/462/422 115/463/423
f 85/437/397 115/463/423 87/464/424
f 72/422/383 120/465/425 73/466/426
f 96/467/427 122/468/428 97/445/405
f 107/469/429 123/470/430 124/471/431
f 81/432/393 126/472/432 83/435/395
f 91/473/433 128/474/434 93/442/402
f 103/475/435 129/476/436 130/477/437
f 77/428/389 131/478/438 79/430/391
f 87/464/424 132/479/439 89/439/399
f 97/445/405 133/480/440 99/448/408
f 107/469/429 134/481/441 112/457/417
f 73/466/426 109/455/415 75/425/386
f 85/437/397 126/472/432 116/482/421
f 93/442/402 121/483/442 96/467/427
f 105/452/412 130/477/437 123/484/430
f 79/430/391 125/485/443 81/486/393
f 89/439/399 127/487/444 91/473/433
f 101/450/410 133/480/440 129/488/436
f 112/457/417 119/489/445 72/422/383
f 135/490/446 137/491/447 138/492/448
f 119/489/445 140/493/449 120/465/425
f 129/476/436 142/494/450 130/477/437
f 115/463/423 143/495/451 132/479/439
f 120/496/425 144/497/452 109/455/415
f 130/477/437 145/498/453 123/484/430
f 132/499/439 146/500/454 127/487/444
f 109/455/415 147/501/455 110/456/416
f 124/471/431 145/502/453 148/503/456
f 127/487/444 149/504/457 128/474/434
f 131/478/438 147/505/455 136/506/458
f 124/471/431 150/507/459 134/481/441
f 128/508/434 151/509/460 121/483/442
f 125/485/443 136/506/458 135/490/446
f 134/510/441 139/511/461 119/489/445
f 122/468/428 151/509/460 152/512/462
f 125/513/443 153/514/463 126/472/432
f 122/515/428 154/516/464 133/480/440
f 116/482/421 153/514/463 117/517/465
f 133/480/440 141/518/466 129/488/436
f 156/519/467 158/520/468 155/521/469
f 150/522/459 160/523/470 139/511/461
f 151/509/460 162/524/471 152/512/462
f 135/525/446 163/526/472 153/514/463
f 154/516/464 162/527/471 156/519/467
f 117/517/465 163/526/472 164/528/473
f 141/518/466 156/519/467 155/521/469
f 118/462/422 164/529/473 165/530/474
f 140/493/449 160/523/470 166/531/475
f 142/494/450 155/532/469 167/533/476
f 143/495/451 165/530/474 168/534/477
f 140/535/449 169/536/478 144/497/452
f 142/494/450 170/537/479 145/498/453
f 143/538/451 171/539/480 146/500/454
f 144/497/452 172/540/481 147/501/455
f 148/503/456 170/541/479 173/542/482
f 146/500/454 174/543/483 149/504/457
f 136/506/458 172/544/481 137/491/447
f 148/503/456 159/545/484 150/507/459
f 151/509/460 174/546/483 161/547/485
f 157/548/486 184/549/487 188/550/488
f 165/530/474 187/551/489 186/552/490
f 160/523/470 175/553/491 166/531/475
f 167/533/476 158/554/468 180/555/492
f 168/534/477 186/552/490 185/556/493
f 169/536/478 175/557/491 192/558/494
f 167/533/476 179/559/495 170/537/479
f 171/539/480 185/560/493 184/561/487
f 169/536/478 191/562/496 172/540/481
f 173/542/482 179/563/495 178/564/497
f 171/539/480 183/565/498 174/543/483
f 137/491/447 191/566/496 190/567/499
f 173/542/482 177/568/500 159/545/484
f 161/547/485 183/569/498 182/570/501
f 137/491/447 189/571/502 138/492/448
f 160/523/470 177/572/500 176/573/503
f 161/547/485 181/574/504 162/524/471
f 163/526/472 189/575/502 188/576/488
f 156/519/467 181/577/504 157/578/486
f 163/526/472 187/579/489 164/528/473
f 194/580/505 196/66/506 193/581/507
f 90/440/400 198/582/508 88/438/398
f 100/447/407 199/583/509 98/446/406
f 111/458/418 201/584/510 108/454/414
f 76/426/387 203/585/511 74/423/384
f 84/433/394 204/586/512 205/587/513
f 95/444/404 207/588/514 94/443/403
f 106/453/413 209/589/515 104/451/411
f 82/431/392 113/459/419 80/429/390
f 92/441/401 197/590/516 90/440/400
f 102/449/409 193/581/507 100/447/407
f 71/424/385 200/591/517 111/458/418
f 78/427/388 202/592/518 76/426/387
f 88/438/398 204/593/512 86/436/396
f 71/424/385 203/594/511 212/595/519
f 98/446/406 206/596/520 95/444/404
f 108/454/414 208/597/521 106/453/413
f 84/433/394 210/598/522 82/434/392
f 94/443/403 211/599/523 92/441/401
f 104/451/411 194/600/505 102/449/409
f 198/582/508 218/75/524 204/593/512
f 203/594/511 220/58/68 212/595/519
f 194/600/505 213/36/525 195/78/71
f 197/601/516 217/73/526 198/582/508
f 202/592/518 219/82/527 203/585/511
f 209/589/515 214/34/528 213/36/525
f 197/590/516 223/37/63 221/39/529
f 114/602/420 222/42/530 202/592/518
f 201/584/510 214/45/528 208/597/521
f 207/603/514 223/37/63 211/599/523
f 113/459/419 224/50/531 114/460/420
f 200/604/517 225/43/532 201/584/510
f 207/588/514 229/62/533 226/53/534
f 113/459/419 230/56/72 227/48/535
f 200/591/517 220/58/68 228/60/536
f 206/596/520 231/61/537 229/62/533
f 205/587/513 230/63/72 210/598/522
f 193/581/507 231/68/537 199/583/509
f 204/586/512 232/69/538 205/587/513
f 112/457/417 108/454/414 107/469/429
f 96/467/427 94/443/403 93/442/402
f 234/294/529 236/605/526 233/52/526
f 243/54/530 264/606/527 241/55/527
f 242/57/506 258/236/71 257/607/506
f 245/77/63 235/608/529 234/59/529
f 246/296/531 265/401/530 243/54/530
f 247/64/525 258/272/71 244/65/71
f 246/67/531 267/609/535 266/610/531
f 247/64/525 260/611/528 259/271/525
f 250/298/72 267/609/535 248/72/535
f 251/81/532 260/375/528 249/74/528
f 252/76/534 253/612/63 245/77/63
f 216/35/538 268/6/72 250/79/72
f 238/300/536 261/613/532 251/81/532
f 240/41/533 254/281/534 252/83/534
f 215/291/524 269/614/538 216/35/538
f 237/47/68 262/615/536 238/38/536
f 239/292/537 255/616/533 240/41/533
f 215/44/524 236/605/526 270/95/524
f 241/46/527 263/617/68 237/47/68
f 242/57/506 256/618/537 239/49/537
f 272/619/539 274/620/167 271/621/68
f 276/609/540 278/622/541 275/623/542
f 272/619/539 278/622/541 273/624/543
f 274/620/167 279/625/544 280/626/72
f 277/627/545 282/287/546 278/622/541
f 273/624/543 282/287/546 279/625/544
f 279/390/544 284/628/108 280/629/72
f 282/392/546 285/630/547 286/631/548
f 279/390/544 286/631/548 283/632/549
f 284/628/108 287/633/550 288/634/63
f 286/631/548 289/610/551 290/635/552
f 286/631/548 287/633/550 283/632/549
f 287/633/550 291/636/553 292/637/554
f 287/633/550 293/638/114 288/634/63
f 290/635/552 294/639/555 291/636/553
f 291/636/553 296/640/556 292/637/554
f 292/637/554 297/641/71 293/638/114
f 291/636/553 298/642/557 295/643/558
f 296/640/556 299/644/559 300/645/560
f 289/646/551 285/647/547 281/648/561
f 296/640/556 302/649/107 297/641/71
f 298/642/557 299/644/559 295/643/558
f 300/645/560 271/621/68 302/649/107
f 299/644/559 276/609/540 275/623/542
f 299/644/559 272/619/539 300/645/560
f 304/619/539 306/620/167 303/621/68
f 308/609/540 310/622/541 307/623/542
f 304/619/539 310/622/541 305/624/543
f 305/624/543 312/626/72 306/620/167
f 309/627/545 314/287/546 310/622/541
f 310/622/541 311/625/544 305/624/543
f 311/390/544 316/628/108 312/629/72
f 313/393/561 318/631/548 314/392/546
f 314/392/546 315/632/549 311/390/544
f 316/628/108 319/633/550 320/634/63
f 318/631/548 321/610/551 322/635/552
f 315/632/549 322/635/552 319/633/550
f 322/635/552 324/637/554 319/633/550
f 320/634/63 324/637/554 325/638/114
f 321/610/551 323/636/553 322/635/552
f 323/636/553 328/640/556 324/637/554
f 324/637/554 329/641/71 325/638/114
f 323/636/553 330/642/557 327/643/558
f 328/640/556 331/644/559 332/645/560
f 321/646/551 317/647/547 313/648/561
f 328/640/556 334/649/107 329/641/71
f 330/642/557 331/644/559 327/643/558
f 334/649/107 304/619/539 303/621/68
f 331/644/559 308/609/540 307/623/542
f 332/645/560 307/623/542 304/619/539
f 364/102/562 366/650/563 363/651/562
f 365/106/563 368/652/564 366/650/563
f 368/652/564 369/107/565 370/653/565
f 369/107/565 372/654/566 370/653/565
f 372/654/566 373/99/567 374/655/567
f 373/99/567 376/656/568 374/655/567
f 376/657/568 377/93/569 378/658/570
f 377/93/569 380/659/571 378/658/570
f 379/88/571 382/660/572 380/659/571
f 382/660/572 383/109/573 384/661/573
f 383/109/573 388/662/574 384/661/573
f 388/662/574 364/102/562 363/651/562
f 390/104/575 392/27/576 389/105/576
f 393/91/577 404/663/578 385/92/578
f 395/96/579 408/23/580 407/664/579
f 398/103/581 391/665/575 390/104/575
f 389/105/576 410/666/582 399/108/583
f 385/92/578 403/667/3 386/89/3
f 394/97/584 407/664/579 406/24/584
f 397/100/1 410/666/582 409/668/1
f 386/89/3 402/289/585 400/112/585
f 394/94/584 405/669/577 393/91/577
f 396/101/580 409/668/1 408/23/580
f 400/112/585 401/670/581 398/103/581
f 411/671/586 413/122/587 414/121/586
f 412/672/587 416/123/588 413/122/587
f 415/673/588 418/119/589 416/123/588
f 419/674/590 418/119/589 417/675/589
f 419/674/590 422/116/591 420/118/590
f 423/676/592 422/116/591 421/677/591
f 423/656/592 426/99/593 424/95/592
f 427/654/594 426/99/593 425/655/593
f 427/654/594 430/107/595 428/98/594
f 429/653/595 432/124/596 430/107/595
f 435/678/597 432/124/596 431/679/596
f 435/678/597 414/121/586 436/120/597
f 438/670/598 440/104/599 437/103/598
f 434/101/600 454/664/601 441/96/601
f 443/91/602 451/663/603 444/92/603
f 440/104/599 458/27/604 446/105/604
f 449/289/605 437/103/598 447/112/605
f 433/100/3 455/23/600 434/101/600
f 442/94/606 452/669/602 443/91/602
f 450/667/1 447/112/605 445/89/1
f 457/666/607 433/100/3 448/108/607
f 441/96/601 453/24/606 442/97/606
f 451/663/603 445/89/1 444/92/603
f 446/105/604 457/666/607 448/108/607
f 531/680/33 533/681/608 530/682/33
f 534/365/1 524/210/609 523/353/1
f 537/219/610 539/352/3 536/364/3
f 540/683/33 525/684/611 541/685/611
f 543/215/612 545/686/611 542/687/609
f 528/212/610 547/688/608 546/216/613
f 538/213/610 533/681/608 532/689/608
f 524/210/612 541/685/611 525/684/611
f 531/690/33 545/686/611 544/691/611
f 528/212/610 549/362/3 529/352/3
f 548/356/1 542/687/609 550/361/1
f 526/680/33 547/688/608 527/689/608
f 578/692/614 580/369/615 577/231/614
f 582/693/616 584/227/617 581/230/616
f 585/694/618 587/225/619 588/695/619
f 589/696/620 585/694/618 590/697/620
f 579/698/621 587/225/619 580/699/615
f 582/693/616 592/700/622 591/701/622
f 577/702/614 583/703/617 578/704/614
f 590/705/620 592/368/622 589/367/620
f 594/692/623 596/369/624 593/231/623
f 598/693/625 600/227/626 597/230/625
f 602/226/627 604/695/628 601/694/627
f 602/226/627 606/697/629 605/696/629
f 595/698/624 603/225/630 596/699/624
f 598/693/625 608/700/631 607/701/631
f 600/227/626 594/704/623 593/702/623
f 605/367/629 607/706/631 608/368/631
f 614/692/614 616/369/632 613/231/614
f 618/693/616 620/227/617 617/230/616
f 621/694/618 623/225/619 624/695/619
f 622/226/618 626/697/620 625/696/620
f 624/695/619 616/699/632 615/698/632
f 627/701/622 617/230/616 628/700/622
f 613/702/614 619/703/617 614/704/614
f 626/705/620 628/368/622 625/367/620
f 629/367/623 631/706/624 632/368/624
f 634/695/625 636/226/626 633/225/625
f 638/227/627 640/693/628 637/703/627
f 638/227/627 642/704/629 641/702/629
f 640/693/628 632/700/624 631/701/624
f 634/695/625 644/699/631 643/698/631
f 629/696/623 635/694/626 630/697/623
f 642/692/629 644/369/631 641/231/629
f 650/692/614 652/369/632 649/231/614
f 653/230/616 655/703/617 656/227/617
f 658/226/618 660/695/619 657/694/618
f 661/696/620 657/694/618 662/697/620
f 660/695/619 652/699/632 651/698/632
f 663/701/622 653/230/616 664/700/622
f 649/702/614 655/703/617 650/704/614
f 662/705/620 664/368/622 661/367/620
f 666/692/623 668/369/624 665/231/623
f 670/693/625 672/227/626 669/230/625
f 674/226/627 676/695/628 673/694/627
f 677/696/629 673/694/627 678/697/629
f 676/695/628 668/699/624 667/698/624
f 670/693/625 680/700/631 679/701/631
f 665/702/623 671/703/633 666/704/623
f 677/367/629 679/706/631 680/368/631
f 686/367/634 688/706/635 685/368/635
f 690/230/636 692/703/637 689/227/638
f 693/695/639 695/226/640 696/225/641
f 697/699/642 693/695/639 696/225/641
f 687/697/634 695/226/640 694/694/640
f 700/702/643 692/703/637 699/704/643
f 685/700/635 691/693/644 690/230/636
f 700/231/643 698/707/642 697/369/642
f 702/367/624 704/706/623 701/368/623
f 706/230/626 708/703/625 705/227/625
f 710/694/628 712/225/627 709/695/627
f 714/698/629 712/225/627 713/699/629
f 702/696/624 710/694/628 703/697/624
f 716/702/631 708/703/625 715/704/631
f 704/701/623 706/230/626 701/700/623
f 716/231/631 714/707/629 713/369/629
f 722/367/634 724/706/635 721/368/635
f 725/227/637 727/693/636 728/703/637
f 730/694/640 732/225/639 729/695/639
f 733/699/642 729/695/639 732/225/639
f 722/696/634 730/694/640 723/697/634
f 736/702/643 728/703/637 735/704/645
f 721/700/635 727/693/636 726/230/636
f 736/231/643 734/707/646 733/369/642
f 737/368/623 739/705/624 740/706/623
f 742/230/626 744/703/625 741/227/625
f 745/695/627 747/226/628 748/225/627
f 749/699/629 745/695/627 748/225/627
f 738/696/624 746/694/628 739/697/624
f 751/704/631 741/227/625 744/703/625
f 740/701/623 742/230/626 737/700/623
f 752/231/631 750/707/629 749/369/629
f 758/367/634 760/706/635 757/368/635
f 761/227/637 763/693/636 764/703/637
f 766/694/640 768/225/639 765/695/639
f 769/699/642 765/695/639 768/225/639
f 758/696/634 766/694/640 759/697/634
f 772/702/643 764/703/637 771/704/643
f 757/700/635 763/693/636 762/230/636
f 772/231/643 770/707/642 769/369/642
f 774/367/624 776/706/623 773/368/623
f 778/230/626 780/703/625 777/227/625
f 782/694/628 784/225/647 781/695/647
f 786/698/648 784/225/647 785/699/629
f 774/696/624 782/694/628 775/697/624
f 787/704/631 777/227/625 780/703/625
f 776/701/623 778/230/626 773/700/623
f 788/231/631 786/707/648 785/369/629
f 816/376/649 818/377/650 815/378/651
f 818/377/650 819/379/652 820/380/653
f 820/380/653 821/381/654 822/382/655
f 822/382/655 823/383/656 824/384/657
f 830/708/658 831/709/659 826/710/660
f 833/388/661 815/378/651 832/389/662
f 834/390/663 835/391/664 836/392/665
f 835/391/664 825/393/666 836/392/665
f 832/389/662 837/394/667 835/391/664
f 835/391/664 827/395/668 826/396/660
f 815/378/651 838/397/669 837/394/667
f 837/394/667 828/398/670 827/395/668
f 820/380/653 838/397/669 818/377/650
f 839/399/671 828/398/670 838/397/669
f 822/382/655 839/399/671 820/380/653
f 840/400/672 829/401/673 839/399/671
f 824/384/657 840/400/672 822/382/655
f 840/400/672 831/402/659 830/403/658
f 842/404/674 832/389/662 834/390/663
f 842/404/674 844/405/675 833/388/661
f 843/406/676 846/407/677 844/405/675
f 833/388/661 847/408/678 816/376/649
f 844/405/675 848/409/679 847/408/678
f 816/376/649 849/410/680 817/411/681
f 847/408/678 850/412/682 849/410/680
f 819/379/652 849/410/680 851/413/683
f 851/413/683 850/412/682 852/414/684
f 821/381/654 851/413/683 853/415/685
f 853/415/685 852/414/684 854/416/686
f 823/383/656 853/415/685 855/417/687
f 855/417/687 854/416/686 856/418/688
f 852/419/684 850/420/682 848/421/679
f 858/376/689 860/377/690 857/378/691
f 860/377/690 861/379/692 862/380/693
f 862/380/693 863/381/694 864/382/695
f 864/382/695 865/383/696 866/384/697
f 872/708/698 869/386/699 871/387/700
f 875/388/701 857/378/691 874/389/702
f 876/390/703 877/391/704 878/392/705
f 877/391/704 867/393/706 878/392/705
f 874/389/702 879/394/707 877/391/704
f 877/391/704 869/395/699 868/396/708
f 857/378/691 880/397/709 879/394/707
f 879/394/707 870/398/710 869/395/699
f 862/380/693 880/397/709 860/377/690
f 881/399/711 870/398/710 880/397/709
f 864/382/695 881/399/711 862/380/693
f 882/400/712 871/401/700 881/399/711
f 866/384/697 882/400/712 864/382/695
f 882/400/712 873/402/713 872/403/698
f 884/404/714 874/389/702 876/390/703
f 884/404/714 886/405/715 875/388/701
f 885/406/716 888/407/717 886/405/715
f 875/388/701 889/408/718 858/376/689
f 886/405/715 890/409/719 889/408/718
f 858/376/689 891/410/720 859/411/721
f 889/408/718 892/412/722 891/410/720
f 861/379/692 891/410/720 893/413/723
f 893/413/723 892/412/722 894/414/724
f 863/381/694 893/413/723 895/415/725
f 895/415/725 894/414/724 896/416/726
f 865/383/696 895/415/725 897/417/727
f 897/417/727 896/416/726 898/418/728
f 894/711/724 892/420/722 890/712/719
f 900/376/729 902/377/730 899/378/731
f 902/377/730 903/379/732 904/380/733
f 904/380/733 905/381/734 906/382/735
f 906/382/735 907/383/736 908/384/737
f 914/385/738 915/709/739 910/710/740
f 917/388/741 899/378/731 916/389/742
f 918/390/743 919/391/744 920/392/745
f 919/391/744 909/393/746 920/392/745
f 916/389/742 921/394/747 919/391/744
f 919/391/744 911/395/748 910/396/740
f 899/378/731 922/397/749 921/394/747
f 921/394/747 912/398/750 911/395/748
f 904/380/733 922/397/749 902/377/730
f 923/399/751 912/398/750 922/397/749
f 906/382/735 923/399/751 904/380/733
f 924/400/752 913/401/753 923/399/751
f 908/384/737 924/400/752 906/382/735
f 924/400/752 915/402/739 914/403/738
f 926/404/754 916/389/742 918/390/743
f 926/404/754 928/405/755 917/388/741
f 927/406/756 930/407/757 928/405/755
f 917/388/741 931/408/758 900/376/729
f 928/405/755 932/409/759 931/408/758
f 900/376/729 933/410/760 901/411/761
f 931/408/758 934/412/762 933/410/760
f 903/379/732 933/410/760 935/413/763
f 935/413/763 934/412/762 936/414/764
f 905/381/734 935/413/763 937/415/765
f 937/415/765 936/414/764 938/416/766
f 907/383/736 937/415/765 939/417/767
f 939/417/767 938/416/766 940/418/768
f 936/419/764 934/420/762 932/421/759
f 958/692/769 960/369/770 957/231/771
f 961/230/772 963/703/773 964/227/773
f 966/226/774 968/695/775 965/694/774
f 969/696/776 965/694/774 970/697/776
f 959/698/770 967/225/777 960/699/770
f 962/693/778 972/700/779 971/701/779
f 957/702/771 963/703/773 958/704/769
f 970/705/776 972/368/779 969/367/776
f 974/692/780 976/369/781 973/231/780
f 977/230/782 979/703/783 980/227/783
f 982/226/784 984/695/785 981/694/784
f 982/226/784 986/697/786 985/696/787
f 975/698/781 983/225/785 976/699/781
f 987/701/788 977/230/782 988/700/788
f 973/702/780 979/703/783 974/704/780
f 985/367/787 987/706/788 988/368/788
f 994/692/789 996/369/770 993/231/789
f 997/230/790 999/703/791 1000/227/792
f 1001/694/793 1003/225/794 1004/695/795
f 1002/226/774 1006/697/776 1005/696/796
f 1004/695/795 996/699/770 995/698/770
f 1007/701/797 997/230/790 1008/700/797
f 1000/227/792 994/704/789 993/702/789
f 1005/367/796 1007/706/797 1008/368/797
f 1009/367/798 1011/706/781 1012/368/781
f 1013/225/782 1015/694/783 1016/226/799
f 1018/227/784 1020/693/800 1017/703/784
f 1021/702/801 1017/703/784 1022/704/801
f 1011/701/781 1019/230/785 1012/700/781
f 1023/698/788 1013/225/782 1024/699/788
f 1009/696/798 1015/694/783 1010/697/780
f 1022/692/801 1024/369/788 1021/231/801
f 1030/692/789 1032/369/770 1029/231/789
f 1033/230/790 1035/703/773 1036/227/792
f 1038/226/802 1040/695/777 1037/694/802
f 1041/696/803 1037/694/802 1042/697/803
f 1040/695/777 1032/699/770 1031/698/770
f 1043/701/804 1033/230/790 1044/700/804
f 1036/227/792 1030/704/789 1029/702/789
f 1042/705/803 1044/368/804 1041/367/803
f 1046/692/780 1048/369/781 1045/231/780
f 1049/230/782 1051/703/805 1052/227/783
f 1054/226/784 1056/695/800 1053/694/784
f 1057/696/787 1053/694/784 1058/697/787
f 1047/698/781 1055/225/800 1048/699/781
f 1050/693/782 1060/700/788 1059/701/788
f 1045/702/780 1051/703/805 1046/704/780
f 1057/367/787 1059/706/788 1060/368/788
f 1066/367/806 1068/706/807 1065/368/807
f 1070/230/808 1072/703/809 1069/227/810
f 1073/695/811 1075/226/812 1076/225/811
f 1077/699/813 1073/695/811 1076/225/811
f 1067/697/806 1075/226/812 1074/694/812
f 1080/702/814 1072/703/809 1079/704/814
f 1065/700/807 1071/693/815 1070/230/808
f 1080/231/814 1078/707/813 1077/369/813
f 1082/367/781 1084/706/780 1081/368/780
f 1086/230/783 1088/703/782 1085/227/782
f 1090/694/800 1092/225/784 1089/695/784
f 1094/698/801 1092/225/784 1093/699/801
f 1082/696/781 1090/694/800 1083/697/781
f 1096/702/788 1088/703/782 1095/704/788
f 1081/700/780 1087/693/783 1086/230/783
f 1096/231/788 1094/707/801 1093/369/801
f 1102/367/806 1104/706/807 1101/368/807
f 1105/227/809 1107/693/816 1108/703/809
f 1110/694/817 1112/225/818 1109/695/811
f 1113/699/813 1109/695/811 1112/225/818
f 1102/696/806 1110/694/817 1103/697/806
f 1116/702/814 1108/703/809 1115/704/814
f 1101/700/807 1107/693/816 1106/230/808
f 1116/231/814 1114/707/813 1113/369/813
f 1117/368/819 1119/705/820 1120/706/819
f 1122/230/783 1124/703/782 1121/227/821
f 1125/695/784 1127/226/800 1128/225/784
f 1129/699/801 1125/695/784 1128/225/784
f 1118/696/781 1126/694/800 1119/697/820
f 1131/704/788 1121/227/821 1124/703/782
f 1120/701/819 1122/230/783 1117/700/819
f 1132/231/788 1130/707/801 1129/369/801
f 1138/367/806 1140/706/807 1137/368/807
f 1141/227/809 1143/693/808 1144/703/809
f 1146/694/817 1148/225/811 1145/695/811
f 1149/699/813 1145/695/811 1148/225/811
f 1138/696/806 1146/694/817 1139/697/806
f 1152/702/814 1144/703/809 1151/704/814
f 1137/700/807 1143/693/808 1142/230/808
f 1152/231/814 1150/707/813 1149/369/813
f 1154/367/781 1156/706/780 1153/368/798
f 1157/227/782 1159/693/783 1160/703/782
f 1162/694/800 1164/225/822 1161/695/823
f 1166/698/787 1164/225/822 1165/699/787
f 1154/696/781 1162/694/800 1155/697/781
f 1167/704/824 1157/227/782 1160/703/782
f 1156/701/780 1158/230/783 1153/700/798
f 1168/231/824 1166/707/787 1165/369/787
f 1196/692/825 1198/369/826 1195/231/825
f 1199/230/827 1201/703/828 1202/227/828
f 1204/226/829 1206/695/830 1203/694/829
f 1207/696/831 1203/694/829 1208/697/831
f 1197/698/826 1205/225/832 1198/699/826
f 1200/693/827 1210/700/833 1209/701/833
f 1195/702/825 1201/703/828 1196/704/825
f 1208/705/831 1210/368/833 1207/367/831
f 1212/692/834 1214/369/835 1211/231/834
f 1215/230/836 1217/703/837 1218/227/837
f 1220/226/838 1222/695/839 1219/694/838
f 1220/226/838 1224/697/840 1223/696/840
f 1213/698/835 1221/225/839 1214/699/835
f 1216/693/836 1226/700/841 1225/701/842
f 1218/227/837 1212/704/834 1211/702/834
f 1223/367/840 1225/706/842 1226/368/841
f 1232/692/825 1234/369/826 1231/231/825
f 1235/230/827 1237/703/843 1238/227/828
f 1239/694/829 1241/225/830 1242/695/844
f 1240/226/829 1244/697/831 1243/696/831
f 1242/695/844 1234/699/826 1233/698/826
f 1245/701/833 1235/230/827 1246/700/833
f 1231/702/825 1237/703/843 1232/704/825
f 1244/705/831 1246/368/833 1243/367/831
f 1247/367/845 1249/706/846 1250/368/846
f 1251/225/836 1253/694/837 1254/226/837
f 1256/227/838 1258/693/847 1255/703/838
f 1256/227/838 1260/704/848 1259/702/848
f 1258/693/847 1250/700/846 1249/701/846
f 1261/698/842 1251/225/836 1262/699/842
f 1247/696/845 1253/694/837 1248/697/845
f 1260/692/848 1262/369/842 1259/231/848
f 1268/692/825 1270/369/826 1267/231/825
f 1271/230/827 1273/703/828 1274/227/828
f 1276/226/829 1278/695/830 1275/694/829
f 1279/696/831 1275/694/829 1280/697/831
f 1278/695/830 1270/699/826 1269/698/826
f 1281/701/833 1271/230/827 1282/700/833
f 1267/702/825 1273/703/828 1268/704/825
f 1280/705/831 1282/368/833 1279/367/831
f 1284/692/845 1286/369/846 1283/231/845
f 1287/230/836 1289/703/849 1290/227/837
f 1292/226/838 1294/695/847 1291/694/838
f 1295/696/840 1291/694/838 1296/697/840
f 1285/698/846 1293/225/839 1286/699/846
f 1288/693/836 1298/700/842 1297/701/842
f 1283/702/845 1289/703/849 1284/704/845
f 1295/367/840 1297/706/842 1298/368/842
f 1304/367/850 1306/706/851 1303/368/852
f 1308/230/853 1310/703/854 1307/227/855
f 1311/695/856 1313/226/857 1314/225/858
f 1315/699/859 1311/695/856 1314/225/858
f 1305/697/850 1313/226/857 1312/694/857
f 1318/702/860 1310/703/854 1317/704/860
f 1303/700/852 1309/693/861 1308/230/853
f 1318/231/860 1316/707/862 1315/369/859
f 1320/367/863 1322/706/845 1319/368/845
f 1324/230/837 1326/703/836 1323/227/836
f 1327/695/838 1329/226/847 1330/225/864
f 1332/698/840 1330/225/864 1331/699/840
f 1320/696/863 1328/694/865 1321/697/863
f 1334/702/866 1326/703/836 1333/704/866
f 1319/700/845 1325/693/837 1324/230/837
f 1334/231/866 1332/707/840 1331/369/840
f 1340/367/867 1342/706/851 1339/368/852
f 1343/227/854 1345/693/853 1346/703/854
f 1348/694/868 1350/225/869 1347/695/869
f 1351/699/859 1347/695/869 1350/225/869
f 1340/696/867 1348/694/868 1341/697/850
f 1354/702/860 1346/703/854 1353/704/860
f 1339/700/852 1345/693/853 1344/230/853
f 1354/231/860 1352/707/859 1351/369/859
f 1355/368/845 1357/705/863 1358/706/845
f 1360/230/837 1362/703/836 1359/227/836
f 1363/695/838 1365/226/847 1366/225/838
f 1367/699/840 1363/695/838 1366/225/838
f 1356/696/863 1364/694/847 1357/697/863
f 1370/702/841 1362/703/836 1369/704/842
f 1358/701/845 1360/230/837 1355/700/845
f 1370/231/841 1368/707/840 1367/369/840
f 1376/367/850 1378/706/851 1375/368/852
f 1379/227/854 1381/693/853 1382/703/870
f 1384/694/857 1386/225/856 1383/695/856
f 1387/699/859 1383/695/856 1386/225/856
f 1376/696/850 1384/694/857 1377/697/850
f 1390/702/860 1382/703/870 1389/704/860
f 1378/701/851 1380/230/853 1375/700/852
f 1390/231/860 1388/707/859 1387/369/859
f 1392/367/863 1394/706/845 1391/368/845
f 1396/230/837 1398/703/836 1395/227/836
f 1399/695/838 1401/226/847 1402/225/838
f 1403/699/840 1399/695/838 1402/225/838
f 1393/697/863 1401/226/847 1400/694/847
f 1405/704/866 1395/227/836 1398/703/836
f 1394/701/845 1396/230/837 1391/700/845
f 1406/231/866 1404/707/840 1403/369/840
f 1505/680/114 1507/681/871 1504/682/114
f 1508/365/1 1498/210/872 1497/353/1
f 1511/219/873 1513/352/3 1510/364/3
f 1514/683/114 1499/684/874 1515/685/875
f 1517/215/876 1519/686/875 1516/687/876
f 1502/212/873 1521/688/871 1520/216/873
f 1512/213/873 1507/681/871 1506/689/871
f 1498/210/876 1515/685/875 1499/684/874
f 1505/690/114 1519/686/875 1518/691/875
f 1502/212/873 1523/362/3 1503/352/3
f 1522/356/1 1516/687/876 1524/361/1
f 1500/680/114 1521/688/871 1501/689/871
f 1597/680/134 1599/681/877 1596/682/134
f 1600/365/1 1590/210/878 1589/353/1
f 1602/364/3 1604/213/879 1605/352/3
f 1606/683/134 1591/684/880 1607/685/881
f 1609/215/882 1611/686/881 1608/687/878
f 1594/212/879 1613/688/883 1612/216/884
f 1604/213/884 1599/681/877 1598/689/883
f 1590/210/882 1607/685/881 1591/684/880
f 1597/690/134 1611/686/881 1610/691/880
f 1594/212/879 1615/362/3 1595/352/3
f 1609/215/882 1616/361/1 1614/356/1
f 1592/680/134 1613/688/883 1593/689/877
f 1689/680/28 1691/681/885 1688/682/28
f 1692/365/1 1682/210/886 1681/353/1
f 1695/219/887 1697/352/3 1694/364/3
f 1698/683/28 1683/684/888 1699/685/889
f 1701/215/886 1703/686/889 1700/687/886
f 1686/212/887 1705/688/885 1704/216/887
f 1696/213/890 1691/681/885 1690/689/891
f 1682/210/886 1699/685/889 1683/684/888
f 1689/690/28 1703/686/889 1702/691/892
f 1686/212/887 1707/362/3 1687/352/3
f 1706/356/1 1700/687/886 1708/361/1
f 1684/680/28 1705/688/885 1685/689/885
f 1780/682/108 1782/689/893 1783/681/893
f 1784/365/1 1774/210/894 1773/353/1
f 1787/219/895 1789/352/3 1786/364/3
f 1790/683/108 1775/684/896 1791/685/897
f 1793/215/894 1795/686/898 1792/687/894
f 1778/212/895 1797/688/893 1796/216/895
f 1788/213/895 1783/681/893 1782/689/893
f 1774/210/894 1791/685/897 1775/684/896
f 1781/690/108 1795/686/898 1794/691/898
f 1778/212/895 1799/362/3 1779/352/3
f 1798/356/1 1792/687/894 1800/361/1
f 1776/680/108 1797/688/893 1777/689/893
f 1873/680/129 1875/681/899 1872/682/129
f 1876/365/1 1866/210/900 1865/353/1
f 1879/219/901 1881/352/3 1878/364/3
f 1882/683/129 1867/684/902 1883/685/903
f 1885/215/900 1887/686/904 1884/687/905
f 1870/212/901 1889/688/906 1888/216/901
f 1880/213/907 1875/681/899 1874/689/906
f 1866/210/900 1883/685/903 1867/684/902
f 1873/690/129 1887/686/904 1886/691/904
f 1870/212/901 1891/362/3 1871/352/3
f 1890/356/1 1884/687/905 1892/361/1
f 1868/680/129 1889/688/906 1869/689/899
f 1965/680/148 1967/681/908 1964/682/148
f 1968/365/1 1958/210/909 1957/353/1
f 1971/219/910 1973/352/3 1970/364/3
f 1974/683/148 1959/684/911 1975/685/911
f 1977/215/912 1979/686/911 1976/687/912
f 1962/212/910 1981/688/908 1980/216/913
f 1972/213/913 1967/681/908 1966/689/908
f 1958/210/914 1975/685/911 1959/684/911
f 1965/690/148 1979/686/911 1978/691/915
f 1962/212/910 1983/362/3 1963/352/3
f 1982/356/1 1976/687/916 1984/361/1
f 1960/680/148 1981/688/908 1961/689/908
f 2057/680/167 2059/681/917 2056/682/167
f 2060/365/1 2050/210/918 2049/353/1
f 2063/219/919 2065/352/3 2062/364/3
f 2066/683/167 2051/684/920 2067/685/921
f 2069/215/918 2071/686/921 2068/687/918
f 2054/212/919 2073/688/917 2072/216/919
f 2064/213/919 2059/681/917 2058/689/922
f 2050/210/918 2067/685/921 2051/684/920
f 2057/690/167 2071/686/921 2070/691/921
f 2054/212/919 2075/362/3 2055/352/3
f 2074/356/1 2068/687/918 2076/361/1
f 2052/680/167 2073/688/917 2053/689/917
f 2149/680/186 2151/681/923 2148/682/186
f 2152/365/1 2142/210/924 2141/353/1
f 2155/219/925 2157/352/3 2154/364/3
f 2158/683/186 2143/684/926 2159/685/927
f 2161/215/928 2163/686/926 2160/687/928
f 2146/212/925 2165/688/929 2164/216/930
f 2156/213/930 2151/681/923 2150/689/929
f 2142/210/928 2159/685/927 2143/684/926
f 2149/690/186 2163/686/926 2162/691/926
f 2146/212/925 2167/362/3 2147/352/3
f 2166/356/1 2160/687/931 2168/361/1
f 2144/680/186 2165/688/929 2145/689/923
f 2241/680/27 2243/681/932 2240/682/27
f 2244/365/1 2234/210/933 2233/353/1
f 2247/219/934 2249/352/3 2246/364/3
f 2250/683/27 2235/684/935 2251/685/936
f 2253/215/933 2255/686/936 2252/687/933
f 2238/212/934 2257/688/932 2256/216/934
f 2248/213/937 2243/681/932 2242/689/932
f 2234/210/933 2251/685/936 2235/684/935
f 2241/690/27 2255/686/936 2254/691/936
f 2238/212/934 2259/362/3 2239/352/3
f 2258/356/1 2252/687/933 2260/361/1
f 2236/680/27 2257/688/932 2237/689/932
f 2333/680/107 2335/681/938 2332/682/107
f 2336/365/1 2326/210/939 2325/353/1
f 2339/219/940 2341/352/3 2338/364/3
f 2342/683/107 2327/684/941 2343/685/941
f 2345/215/939 2347/686/941 2344/687/939
f 2330/212/940 2349/688/942 2348/216/940
f 2340/213/940 2335/681/938 2334/689/938
f 2326/210/939 2343/685/941 2327/684/941
f 2333/690/107 2347/686/941 2346/691/941
f 2330/212/940 2351/362/3 2331/352/3
f 2350/356/1 2344/687/939 2352/361/1
f 2328/680/107 2349/688/942 2329/689/938
f 2425/680/128 2427/681/943 2424/682/128
f 2428/365/1 2418/210/944 2417/353/1
f 2431/219/945 2433/352/3 2430/364/3
f 2434/683/128 2419/684/946 2435/685/947
f 2437/215/944 2439/686/946 2436/687/948
f 2422/212/945 2441/688/949 2440/216/945
f 2432/213/950 2427/681/943 2426/689/949
f 2418/210/944 2435/685/947 2419/684/946
f 2425/690/128 2439/686/946 2438/691/947
f 2422/212/945 2443/362/3 2423/352/3
f 2442/356/1 2436/687/948 2444/361/1
f 2420/680/128 2441/688/949 2421/689/943
f 2/376/343 3/411/375 4/377/344
f 4/377/344 3/411/375 5/379/346
f 6/380/347 5/379/346 7/381/348
f 8/382/349 7/381/348 9/383/350
f 17/709/367 11/713/360 16/385/352
f 11/713/360 12/710/362 16/385/352
f 12/710/362 13/386/353 16/385/352
f 13/386/353 14/714/364 15/387/354
f 19/388/355 2/376/343 1/378/345
f 20/390/357 18/389/356 21/391/358
f 21/391/358 12/396/362 11/393/360
f 18/389/356 1/378/345 23/394/361
f 21/391/358 23/394/361 13/395/353
f 1/378/345 4/377/344 24/397/363
f 23/394/361 24/397/363 14/398/364
f 6/380/347 25/399/365 24/397/363
f 25/399/365 15/401/354 14/398/364
f 8/382/349 26/400/366 25/399/365
f 26/400/366 16/403/352 15/401/354
f 10/384/351 27/715/951 26/400/366
f 26/400/366 27/715/951 17/402/367
f 28/404/368 19/388/355 18/389/356
f 28/404/368 29/406/370 30/405/369
f 29/406/370 31/716/952 32/407/371
f 19/388/355 30/405/369 33/408/372
f 30/405/369 32/407/371 34/409/373
f 2/376/343 33/408/372 35/410/374
f 33/408/372 34/409/373 36/412/376
f 5/379/346 3/411/375 35/410/374
f 37/413/377 35/410/374 36/412/376
f 7/381/348 5/379/346 37/413/377
f 39/415/379 37/413/377 38/414/378
f 9/383/350 7/381/348 39/415/379
f 41/417/381 39/415/379 40/416/380
f 34/421/373 32/717/371 40/718/380
f 32/717/371 31/719/952 40/718/380
f 31/719/952 42/720/382 40/718/380
f 40/718/380 38/419/378 34/421/373
f 72/422/383 73/466/426 74/423/384
f 74/423/384 73/466/426 75/425/386
f 75/425/386 77/428/389 78/427/388
f 77/428/389 79/430/391 80/429/390
f 79/430/391 81/486/393 82/431/392
f 81/432/393 83/435/395 84/433/394
f 83/435/395 85/437/397 86/436/396
f 85/437/397 87/464/424 88/438/398
f 88/438/398 87/464/424 89/439/399
f 89/439/399 91/473/433 92/441/401
f 92/441/401 91/473/433 93/442/402
f 95/444/404 96/467/427 97/445/405
f 97/445/405 99/448/408 100/447/407
f 99/448/408 101/450/410 102/449/409
f 101/450/410 103/475/435 104/451/411
f 104/451/411 103/475/435 105/452/412
f 105/452/412 107/469/429 108/454/414
f 77/428/389 75/425/386 109/455/415
f 112/457/417 72/422/383 71/424/385
f 78/427/388 80/429/390 113/459/419
f 116/461/421 117/721/465 118/462/422
f 85/437/397 116/461/421 115/463/423
f 72/422/383 119/489/445 120/465/425
f 96/467/427 121/483/442 122/468/428
f 107/469/429 105/452/412 123/470/430
f 81/432/393 125/513/443 126/472/432
f 91/473/433 127/487/444 128/474/434
f 103/475/435 101/450/410 129/476/436
f 77/428/389 110/722/416 131/478/438
f 87/464/424 115/463/423 132/479/439
f 97/445/405 122/515/428 133/480/440
f 107/469/429 124/471/431 134/481/441
f 73/466/426 120/496/425 109/455/415
f 85/437/397 83/435/395 126/472/432
f 93/442/402 128/508/434 121/483/442
f 105/452/412 103/475/435 130/477/437
f 79/430/391 131/478/438 125/485/443
f 89/439/399 132/499/439 127/487/444
f 101/450/410 99/448/408 133/480/440
f 112/457/417 134/510/441 119/489/445
f 135/490/446 136/506/458 137/491/447
f 119/489/445 139/511/461 140/493/449
f 129/476/436 141/723/466 142/494/450
f 115/463/423 118/462/422 143/495/451
f 120/496/425 140/535/449 144/497/452
f 130/477/437 142/494/450 145/498/453
f 132/499/439 143/538/451 146/500/454
f 109/455/415 144/497/452 147/501/455
f 124/471/431 123/470/430 145/502/453
f 127/487/444 146/500/454 149/504/457
f 131/478/438 110/722/416 147/505/455
f 124/471/431 148/503/456 150/507/459
f 128/508/434 149/724/457 151/509/460
f 125/485/443 131/478/438 136/506/458
f 134/510/441 150/522/459 139/511/461
f 122/468/428 121/483/442 151/509/460
f 125/513/443 135/525/446 153/514/463
f 122/515/428 152/725/462 154/516/464
f 116/482/421 126/472/432 153/514/463
f 133/480/440 154/516/464 141/518/466
f 156/519/467 157/578/486 158/520/468
f 150/522/459 159/726/484 160/523/470
f 151/509/460 161/547/485 162/524/471
f 135/525/446 138/727/448 163/526/472
f 154/516/464 152/725/462 162/527/471
f 117/517/465 153/514/463 163/526/472
f 141/518/466 154/516/464 156/519/467
f 118/462/422 117/721/465 164/529/473
f 140/493/449 139/511/461 160/523/470
f 142/494/450 141/723/466 155/532/469
f 143/495/451 118/462/422 165/530/474
f 140/535/449 166/728/475 169/536/478
f 142/494/450 167/533/476 170/537/479
f 143/538/451 168/729/477 171/539/480
f 144/497/452 169/536/478 172/540/481
f 148/503/456 145/502/453 170/541/479
f 146/500/454 171/539/480 174/543/483
f 136/506/458 147/505/455 172/544/481
f 148/503/456 173/542/482 159/545/484
f 151/509/460 149/724/457 174/546/483
f 192/730/494 175/731/491 176/732/503
f 176/732/503 177/733/500 178/734/497
f 178/734/497 179/735/495 180/736/492
f 180/736/492 158/737/468 157/548/486
f 157/548/486 181/738/504 184/549/487
f 181/738/504 182/739/501 184/549/487
f 182/739/501 183/740/498 184/549/487
f 184/549/487 185/741/493 186/742/490
f 186/742/490 187/743/489 188/550/488
f 188/550/488 189/744/502 190/745/499
f 190/745/499 191/746/496 192/730/494
f 192/730/494 176/732/503 157/548/486
f 176/732/503 178/734/497 157/548/486
f 178/734/497 180/736/492 157/548/486
f 184/549/487 186/742/490 188/550/488
f 188/550/488 190/745/499 157/548/486
f 190/745/499 192/730/494 157/548/486
f 165/530/474 164/529/473 187/551/489
f 160/523/470 176/573/503 175/553/491
f 167/533/476 155/532/469 158/554/468
f 168/534/477 165/530/474 186/552/490
f 169/536/478 166/728/475 175/557/491
f 167/533/476 180/555/492 179/559/495
f 171/539/480 168/729/477 185/560/493
f 169/536/478 192/558/494 191/562/496
f 173/542/482 170/541/479 179/563/495
f 171/539/480 184/561/487 183/565/498
f 137/491/447 172/544/481 191/566/496
f 173/542/482 178/564/497 177/568/500
f 161/547/485 174/546/483 183/569/498
f 137/491/447 190/567/499 189/571/502
f 160/523/470 159/726/484 177/572/500
f 161/547/485 182/570/501 181/574/504
f 163/526/472 138/727/448 189/575/502
f 156/519/467 162/527/471 181/577/504
f 163/526/472 188/576/488 187/579/489
f 194/580/505 195/71/71 196/66/506
f 90/440/400 197/601/516 198/582/508
f 100/447/407 193/581/507 199/583/509
f 111/458/418 200/604/517 201/584/510
f 76/426/387 202/592/518 203/585/511
f 84/433/394 86/436/396 204/586/512
f 95/444/404 206/596/520 207/588/514
f 106/453/413 208/747/521 209/589/515
f 82/431/392 210/748/522 113/459/419
f 92/441/401 211/599/523 197/590/516
f 102/449/409 194/580/505 193/581/507
f 71/424/385 212/595/519 200/591/517
f 78/427/388 114/602/420 202/592/518
f 88/438/398 198/582/508 204/593/512
f 71/424/385 74/423/384 203/594/511
f 98/446/406 199/749/509 206/596/520
f 108/454/414 201/584/510 208/597/521
f 84/433/394 205/587/513 210/598/522
f 94/443/403 207/603/514 211/599/523
f 104/451/411 209/589/515 194/600/505
f 198/582/508 217/73/526 218/75/524
f 203/594/511 219/299/527 220/58/68
f 194/600/505 209/589/515 213/36/525
f 197/601/516 221/80/529 217/73/526
f 202/592/518 222/42/530 219/82/527
f 209/589/515 208/747/521 214/34/528
f 197/590/516 211/599/523 223/37/63
f 114/602/420 224/40/531 222/42/530
f 201/584/510 225/43/532 214/45/528
f 207/603/514 226/293/534 223/37/63
f 113/459/419 227/48/535 224/50/531
f 200/604/517 228/51/536 225/43/532
f 207/588/514 206/596/520 229/62/533
f 113/459/419 210/748/522 230/56/72
f 200/591/517 212/595/519 220/58/68
f 206/596/520 199/749/509 231/61/537
f 205/587/513 232/69/538 230/63/72
f 193/581/507 196/66/506 231/68/537
f 204/586/512 218/297/524 232/69/538
f 112/457/417 111/458/418 108/454/414
f 96/467/427 95/444/404 94/443/403
f 234/294/529 235/750/529 236/605/526
f 243/54/530 265/401/530 264/606/527
f 242/57/506 244/295/71 258/236/71
f 245/77/63 253/612/63 235/608/529
f 246/296/531 266/393/531 265/401/530
f 247/64/525 259/271/525 258/272/71
f 246/67/531 248/72/535 267/609/535
f 247/64/525 249/70/528 260/611/528
f 250/298/72 268/5/72 267/609/535
f 251/81/532 261/613/532 260/375/528
f 252/76/534 254/751/534 253/612/63
f 216/35/538 269/614/538 268/6/72
f 238/300/536 262/752/536 261/613/532
f 240/41/533 255/616/533 254/281/534
f 215/291/524 270/24/524 269/614/538
f 237/47/68 263/617/68 262/615/536
f 239/292/537 256/242/537 255/616/533
f 215/44/524 233/52/526 236/605/526
f 241/46/527 264/753/527 263/617/68
f 242/57/506 257/607/506 256/618/537
f 272/619/539 273/624/543 274/620/167
f 276/609/540 277/627/545 278/622/541
f 272/619/539 275/623/542 278/622/541
f 274/620/167 273/624/543 279/625/544
f 277/627/545 281/754/561 282/287/546
f 273/624/543 278/622/541 282/287/546
f 279/390/544 283/632/549 284/628/108
f 282/392/546 281/393/561 285/630/547
f 279/390/544 282/392/546 286/631/548
f 284/628/108 283/632/549 287/633/550
f 286/631/548 285/630/547 289/610/551
f 286/631/548 290/635/552 287/633/550
f 287/633/550 290/635/552 291/636/553
f 287/633/550 292/637/554 293/638/114
f 290/635/552 289/610/551 294/639/555
f 291/636/553 295/643/558 296/640/556
f 292/637/554 296/640/556 297/641/71
f 291/636/553 294/639/555 298/642/557
f 296/640/556 295/643/558 299/644/559
f 281/648/561 277/755/545 276/756/540
f 276/756/540 301/757/953 281/648/561
f 301/757/953 298/758/557 281/648/561
f 298/758/557 294/759/555 281/648/561
f 294/759/555 289/646/551 281/648/561
f 296/640/556 300/645/560 302/649/107
f 298/642/557 301/760/953 299/644/559
f 300/645/560 272/619/539 271/621/68
f 299/644/559 301/760/953 276/609/540
f 299/644/559 275/623/542 272/619/539
f 304/619/539 305/624/543 306/620/167
f 308/609/540 309/627/545 310/622/541
f 304/619/539 307/623/542 310/622/541
f 305/624/543 311/625/544 312/626/72
f 309/627/545 313/754/561 314/287/546
f 310/622/541 314/287/546 311/625/544
f 311/390/544 315/632/549 316/628/108
f 313/393/561 317/630/547 318/631/548
f 314/392/546 318/631/548 315/632/549
f 316/628/108 315/632/549 319/633/550
f 318/631/548 317/630/547 321/610/551
f 315/632/549 318/631/548 322/635/552
f 322/635/552 323/636/553 324/637/554
f 320/634/63 319/633/550 324/637/554
f 321/610/551 326/639/555 323/636/553
f 323/636/553 327/643/558 328/640/556
f 324/637/554 328/640/556 329/641/71
f 323/636/553 326/639/555 330/642/557
f 328/640/556 327/643/558 331/644/559
f 313/648/561 309/761/545 308/756/540
f 308/756/540 333/757/953 313/648/561
f 333/757/953 330/758/557 313/648/561
f 330/758/557 326/759/555 313/648/561
f 326/759/555 321/646/551 313/648/561
f 328/640/556 332/645/560 334/649/107
f 330/642/557 333/760/953 331/644/559
f 334/649/107 332/645/560 304/619/539
f 331/644/559 333/760/953 308/609/540
f 332/645/560 331/644/559 307/623/542
f 364/102/562 365/106/563 366/650/563
f 365/106/563 367/111/564 368/652/564
f 368/652/564 367/111/564 369/107/565
f 369/107/565 371/98/566 372/654/566
f 372/654/566 371/98/566 373/99/567
f 373/99/567 375/95/568 376/656/568
f 376/657/568 375/318/568 377/93/569
f 377/93/569 379/88/571 380/659/571
f 379/88/571 381/90/572 382/660/572
f 382/660/572 381/90/572 383/109/573
f 383/109/573 387/110/574 388/662/574
f 388/662/574 387/110/574 364/102/562
f 390/104/575 391/665/575 392/27/576
f 393/91/577 405/669/577 404/663/578
f 395/96/579 396/101/580 408/23/580
f 398/103/581 401/670/581 391/665/575
f 389/105/576 392/27/576 410/666/582
f 385/92/578 404/663/578 403/667/3
f 394/97/584 395/96/579 407/664/579
f 397/100/1 399/108/583 410/666/582
f 386/89/3 403/667/3 402/289/585
f 394/94/584 406/762/584 405/669/577
f 396/101/580 397/100/1 409/668/1
f 400/112/585 402/289/585 401/670/581
f 411/671/586 412/672/587 413/122/587
f 412/672/587 415/673/588 416/123/588
f 415/673/588 417/675/589 418/119/589
f 419/674/590 420/118/590 418/119/589
f 419/674/590 421/677/591 422/116/591
f 423/676/592 424/117/592 422/116/591
f 423/656/592 425/655/593 426/99/593
f 427/654/594 428/98/594 426/99/593
f 427/654/594 429/653/595 430/107/595
f 429/653/595 431/679/596 432/124/596
f 435/678/597 436/120/597 432/124/596
f 435/678/597 411/671/586 414/121/586
f 438/670/598 439/665/599 440/104/599
f 434/101/600 455/23/600 454/664/601
f 443/91/602 452/669/602 451/663/603
f 440/104/599 439/665/599 458/27/604
f 449/289/605 438/670/598 437/103/598
f 433/100/3 456/668/3 455/23/600
f 442/94/606 453/762/606 452/669/602
f 450/667/1 449/289/605 447/112/605
f 457/666/607 456/668/3 433/100/3
f 441/96/601 454/664/601 453/24/606
f 451/663/603 450/667/1 445/89/1
f 446/105/604 458/27/604 457/666/607
f 531/680/33 532/689/608 533/681/608
f 534/365/1 535/220/612 524/210/612
f 537/219/610 538/213/610 539/352/3
f 540/683/33 526/763/33 525/684/611
f 543/215/612 544/691/611 545/686/611
f 528/212/610 527/689/608 547/688/608
f 538/213/610 537/219/610 533/681/608
f 524/210/612 535/220/612 541/685/611
f 531/690/33 530/764/33 545/686/611
f 528/212/610 546/216/613 549/362/3
f 548/356/1 543/215/612 542/687/609
f 526/680/33 540/765/33 547/688/608
f 578/692/614 579/707/621 580/369/615
f 582/693/616 583/703/617 584/227/617
f 585/694/618 586/226/618 587/225/619
f 589/696/620 586/226/618 585/694/618
f 579/698/621 588/695/619 587/225/619
f 582/693/616 581/230/616 592/700/622
f 577/702/614 584/227/617 583/703/617
f 590/705/620 591/706/622 592/368/622
f 594/692/623 595/707/624 596/369/624
f 598/693/625 599/703/626 600/227/626
f 602/226/627 603/225/630 604/695/628
f 602/226/627 601/694/627 606/697/629
f 595/698/624 604/695/628 603/225/630
f 598/693/625 597/230/625 608/700/631
f 600/227/626 599/703/626 594/704/623
f 605/367/629 606/705/629 607/706/631
f 614/692/614 615/707/632 616/369/632
f 618/693/616 619/703/617 620/227/617
f 621/694/618 622/226/618 623/225/619
f 622/226/618 621/694/618 626/697/620
f 624/695/619 623/225/619 616/699/632
f 627/701/622 618/693/616 617/230/616
f 613/702/614 620/227/617 619/703/617
f 626/705/620 627/706/622 628/368/622
f 629/367/623 630/705/623 631/706/624
f 634/695/625 635/694/626 636/226/626
f 638/227/627 639/230/628 640/693/628
f 638/227/627 637/703/627 642/704/629
f 640/693/628 639/230/628 632/700/624
f 634/695/625 633/225/625 644/699/631
f 629/696/623 636/226/626 635/694/626
f 642/692/629 643/707/631 644/369/631
f 650/692/614 651/707/632 652/369/632
f 653/230/616 654/693/616 655/703/617
f 658/226/618 659/225/619 660/695/619
f 661/696/620 658/226/618 657/694/618
f 660/695/619 659/225/619 652/699/632
f 663/701/622 654/693/616 653/230/616
f 649/702/614 656/227/617 655/703/617
f 662/705/620 663/706/622 664/368/622
f 666/692/623 667/707/624 668/369/624
f 670/693/625 671/703/633 672/227/626
f 674/226/627 675/225/628 676/695/628
f 677/696/629 674/226/627 673/694/627
f 676/695/628 675/225/628 668/699/624
f 670/693/625 669/230/625 680/700/631
f 665/702/623 672/227/626 671/703/633
f 677/367/629 678/705/629 679/706/631
f 686/367/634 687/705/634 688/706/635
f 690/230/636 691/693/644 692/703/637
f 693/695/639 694/694/640 695/226/640
f 697/699/642 698/698/642 693/695/639
f 687/697/634 686/696/634 695/226/640
f 700/702/643 689/227/638 692/703/637
f 685/700/635 688/701/635 691/693/644
f 700/231/643 699/692/643 698/707/642
f 702/367/624 703/705/624 704/706/623
f 706/230/626 707/693/626 708/703/625
f 710/694/628 711/226/630 712/225/627
f 714/698/629 709/695/627 712/225/627
f 702/696/624 711/226/630 710/694/628
f 716/702/631 705/227/625 708/703/625
f 704/701/623 707/693/626 706/230/626
f 716/231/631 715/692/631 714/707/629
f 722/367/634 723/705/634 724/706/635
f 725/227/637 726/230/636 727/693/636
f 730/694/640 731/226/640 732/225/639
f 733/699/642 734/698/646 729/695/639
f 722/696/634 731/226/640 730/694/640
f 736/702/643 725/227/637 728/703/637
f 721/700/635 724/701/635 727/693/636
f 736/231/643 735/692/645 734/707/646
f 737/368/623 738/367/624 739/705/624
f 742/230/626 743/693/626 744/703/625
f 745/695/627 746/694/628 747/226/628
f 749/699/629 750/698/629 745/695/627
f 738/696/624 747/226/628 746/694/628
f 751/704/631 752/702/631 741/227/625
f 740/701/623 743/693/626 742/230/626
f 752/231/631 751/692/631 750/707/629
f 758/367/634 759/705/634 760/706/635
f 761/227/637 762/230/636 763/693/636
f 766/694/640 767/226/640 768/225/639
f 769/699/642 770/698/642 765/695/639
f 758/696/634 767/226/640 766/694/640
f 772/702/643 761/227/637 764/703/637
f 757/700/635 760/701/635 763/693/636
f 772/231/643 771/692/643 770/707/642
f 774/367/624 775/705/624 776/706/623
f 778/230/626 779/693/626 780/703/625
f 782/694/628 783/226/628 784/225/647
f 786/698/648 781/695/647 784/225/647
f 774/696/624 783/226/628 782/694/628
f 787/704/631 788/702/631 777/227/625
f 776/701/623 779/693/626 778/230/626
f 788/231/631 787/692/631 786/707/648
f 816/376/649 817/411/681 818/377/650
f 818/377/650 817/411/681 819/379/652
f 820/380/653 819/379/652 821/381/654
f 822/382/655 821/381/654 823/383/656
f 831/709/659 825/713/666 826/710/660
f 826/710/660 827/386/668 829/387/673
f 827/386/668 828/714/670 829/387/673
f 829/387/673 830/708/658 826/710/660
f 833/388/661 816/376/649 815/378/651
f 834/390/663 832/389/662 835/391/664
f 835/391/664 826/396/660 825/393/666
f 832/389/662 815/378/651 837/394/667
f 835/391/664 837/394/667 827/395/668
f 815/378/651 818/377/650 838/397/669
f 837/394/667 838/397/669 828/398/670
f 820/380/653 839/399/671 838/397/669
f 839/399/671 829/401/673 828/398/670
f 822/382/655 840/400/672 839/399/671
f 840/400/672 830/403/658 829/401/673
f 824/384/657 841/715/954 840/400/672
f 840/400/672 841/715/954 831/402/659
f 842/404/674 833/388/661 832/389/662
f 842/404/674 843/406/676 844/405/675
f 843/406/676 845/716/955 846/407/677
f 833/388/661 844/405/675 847/408/678
f 844/405/675 846/407/677 848/409/679
f 816/376/649 847/408/678 849/410/680
f 847/408/678 848/409/679 850/412/682
f 819/379/652 817/411/681 849/410/680
f 851/413/683 849/410/680 850/412/682
f 821/381/654 819/379/652 851/413/683
f 853/415/685 851/413/683 852/414/684
f 823/383/656 821/381/654 853/415/685
f 855/417/687 853/415/685 854/416/686
f 848/421/679 846/717/677 854/718/686
f 846/717/677 845/719/955 854/718/686
f 845/719/955 856/720/688 854/718/686
f 854/718/686 852/419/684 848/421/679
f 858/376/689 859/411/721 860/377/690
f 860/377/690 859/411/721 861/379/692
f 862/380/693 861/379/692 863/381/694
f 864/382/695 863/381/694 865/383/696
f 873/709/713 867/713/706 872/708/698
f 867/713/706 868/766/708 872/708/698
f 868/766/708 869/386/699 872/708/698
f 869/386/699 870/714/710 871/387/700
f 875/388/701 858/376/689 857/378/691
f 876/390/703 874/389/702 877/391/704
f 877/391/704 868/396/708 867/393/706
f 874/389/702 857/378/691 879/394/707
f 877/391/704 879/394/707 869/395/699
f 857/378/691 860/377/690 880/397/709
f 879/394/707 880/397/709 870/398/710
f 862/380/693 881/399/711 880/397/709
f 881/399/711 871/401/700 870/398/710
f 864/382/695 882/400/712 881/399/711
f 882/400/712 872/403/698 871/401/700
f 866/384/697 883/715/956 882/400/712
f 882/400/712 883/715/956 873/402/713
f 884/404/714 875/388/701 874/389/702
f 884/404/714 885/406/716 886/405/715
f 885/406/716 887/716/957 888/407/717
f 875/388/701 886/405/715 889/408/718
f 886/405/715 888/407/717 890/409/719
f 858/376/689 889/408/718 891/410/720
f 889/408/718 890/409/719 892/412/722
f 861/379/692 859/411/721 891/410/720
f 893/413/723 891/410/720 892/412/722
f 863/381/694 861/379/692 893/413/723
f 895/415/725 893/413/723 894/414/724
f 865/383/696 863/381/694 895/415/725
f 897/417/727 895/415/725 896/416/726
f 890/712/719 888/717/717 896/767/726
f 888/717/717 887/719/957 896/767/726
f 887/719/957 898/720/728 896/767/726
f 896/767/726 894/711/724 890/712/719
f 900/376/729 901/411/761 902/377/730
f 902/377/730 901/411/761 903/379/732
f 904/380/733 903/379/732 905/381/734
f 906/382/735 905/381/734 907/383/736
f 915/709/739 909/713/746 910/710/740
f 910/710/740 911/386/748 913/387/753
f 911/386/748 912/714/750 913/387/753
f 913/387/753 914/385/738 910/710/740
f 917/388/741 900/376/729 899/378/731
f 918/390/743 916/389/742 919/391/744
f 919/391/744 910/396/740 909/393/746
f 916/389/742 899/378/731 921/394/747
f 919/391/744 921/394/747 911/395/748
f 899/378/731 902/377/730 922/397/749
f 921/394/747 922/397/749 912/398/750
f 904/380/733 923/399/751 922/397/749
f 923/399/751 913/401/753 912/398/750
f 906/382/735 924/400/752 923/399/751
f 924/400/752 914/403/738 913/401/753
f 908/384/737 925/715/958 924/400/752
f 924/400/752 925/715/958 915/402/739
f 926/404/754 917/388/741 916/389/742
f 926/404/754 927/406/756 928/405/755
f 927/406/756 929/716/959 930/407/757
f 917/388/741 928/405/755 931/408/758
f 928/405/755 930/407/757 932/409/759
f 900/376/729 931/408/758 933/410/760
f 931/408/758 932/409/759 934/412/762
f 903/379/732 901/411/761 933/410/760
f 935/413/763 933/410/760 934/412/762
f 905/381/734 903/379/732 935/413/763
f 937/415/765 935/413/763 936/414/764
f 907/383/736 905/381/734 937/415/765
f 939/417/767 937/415/765 938/416/766
f 932/421/759 930/717/757 938/718/766
f 930/717/757 929/719/959 938/718/766
f 929/719/959 940/720/768 938/718/766
f 938/718/766 936/419/764 932/421/759
f 958/692/769 959/707/770 960/369/770
f 961/230/772 962/693/778 963/703/773
f 966/226/774 967/225/777 968/695/775
f 969/696/776 966/226/774 965/694/774
f 959/698/770 968/695/775 967/225/777
f 962/693/778 961/230/772 972/700/779
f 957/702/771 964/227/773 963/703/773
f 970/705/776 971/706/779 972/368/779
f 974/692/780 975/707/781 976/369/781
f 977/230/782 978/693/782 979/703/783
f 982/226/784 983/225/785 984/695/785
f 982/226/784 981/694/784 986/697/786
f 975/698/781 984/695/785 983/225/785
f 987/701/788 978/693/782 977/230/782
f 973/702/780 980/227/783 979/703/783
f 985/367/787 986/705/786 987/706/788
f 994/692/789 995/707/770 996/369/770
f 997/230/790 998/693/790 999/703/791
f 1001/694/793 1002/226/774 1003/225/794
f 1002/226/774 1001/694/793 1006/697/776
f 1004/695/795 1003/225/794 996/699/770
f 1007/701/797 998/693/790 997/230/790
f 1000/227/792 999/703/791 994/704/789
f 1005/367/796 1006/705/776 1007/706/797
f 1009/367/798 1010/705/780 1011/706/781
f 1013/225/782 1014/695/782 1015/694/783
f 1018/227/784 1019/230/785 1020/693/800
f 1021/702/801 1018/227/784 1017/703/784
f 1011/701/781 1020/693/800 1019/230/785
f 1023/698/788 1014/695/782 1013/225/782
f 1009/696/798 1016/226/799 1015/694/783
f 1022/692/801 1023/707/788 1024/369/788
f 1030/692/789 1031/707/770 1032/369/770
f 1033/230/790 1034/693/790 1035/703/773
f 1038/226/802 1039/225/794 1040/695/777
f 1041/696/803 1038/226/802 1037/694/802
f 1040/695/777 1039/225/794 1032/699/770
f 1043/701/804 1034/693/790 1033/230/790
f 1036/227/792 1035/703/773 1030/704/789
f 1042/705/803 1043/706/804 1044/368/804
f 1046/692/780 1047/707/781 1048/369/781
f 1049/230/782 1050/693/782 1051/703/805
f 1054/226/784 1055/225/800 1056/695/800
f 1057/696/787 1054/226/784 1053/694/784
f 1047/698/781 1056/695/800 1055/225/800
f 1050/693/782 1049/230/782 1060/700/788
f 1045/702/780 1052/227/783 1051/703/805
f 1057/367/787 1058/705/787 1059/706/788
f 1066/367/806 1067/705/806 1068/706/807
f 1070/230/808 1071/693/815 1072/703/809
f 1073/695/811 1074/694/812 1075/226/812
f 1077/699/813 1078/698/813 1073/695/811
f 1067/697/806 1066/696/806 1075/226/812
f 1080/702/814 1069/227/810 1072/703/809
f 1065/700/807 1068/701/807 1071/693/815
f 1080/231/814 1079/692/814 1078/707/813
f 1082/367/781 1083/705/781 1084/706/780
f 1086/230/783 1087/693/783 1088/703/782
f 1090/694/800 1091/226/800 1092/225/784
f 1094/698/801 1089/695/784 1092/225/784
f 1082/696/781 1091/226/800 1090/694/800
f 1096/702/788 1085/227/782 1088/703/782
f 1081/700/780 1084/701/780 1087/693/783
f 1096/231/788 1095/692/788 1094/707/801
f 1102/367/806 1103/705/806 1104/706/807
f 1105/227/809 1106/230/808 1107/693/816
f 1110/694/817 1111/226/817 1112/225/818
f 1113/699/813 1114/698/813 1109/695/811
f 1102/696/806 1111/226/817 1110/694/817
f 1116/702/814 1105/227/809 1108/703/809
f 1101/700/807 1104/701/807 1107/693/816
f 1116/231/814 1115/692/814 1114/707/813
f 1117/368/819 1118/367/781 1119/705/820
f 1122/230/783 1123/693/805 1124/703/782
f 1125/695/784 1126/694/800 1127/226/800
f 1129/699/801 1130/698/801 1125/695/784
f 1118/696/781 1127/226/800 1126/694/800
f 1131/704/788 1132/702/788 1121/227/821
f 1120/701/819 1123/693/805 1122/230/783
f 1132/231/788 1131/692/788 1130/707/801
f 1138/367/806 1139/705/806 1140/706/807
f 1141/227/809 1142/230/808 1143/693/808
f 1146/694/817 1147/226/817 1148/225/811
f 1149/699/813 1150/698/813 1145/695/811
f 1138/696/806 1147/226/817 1146/694/817
f 1152/702/814 1141/227/809 1144/703/809
f 1137/700/807 1140/701/807 1143/693/808
f 1152/231/814 1151/692/814 1150/707/813
f 1154/367/781 1155/705/781 1156/706/780
f 1157/227/782 1158/230/783 1159/693/783
f 1162/694/800 1163/226/800 1164/225/822
f 1166/698/787 1161/695/823 1164/225/822
f 1154/696/781 1163/226/800 1162/694/800
f 1167/704/824 1168/702/824 1157/227/782
f 1156/701/780 1159/693/783 1158/230/783
f 1168/231/824 1167/692/824 1166/707/787
f 1196/692/825 1197/707/826 1198/369/826
f 1199/230/827 1200/693/827 1201/703/828
f 1204/226/829 1205/225/832 1206/695/830
f 1207/696/831 1204/226/829 1203/694/829
f 1197/698/826 1206/695/830 1205/225/832
f 1200/693/827 1199/230/827 1210/700/833
f 1195/702/825 1202/227/828 1201/703/828
f 1208/705/831 1209/706/833 1210/368/833
f 1212/692/834 1213/707/835 1214/369/835
f 1215/230/836 1216/693/836 1217/703/837
f 1220/226/838 1221/225/839 1222/695/839
f 1220/226/838 1219/694/838 1224/697/840
f 1213/698/835 1222/695/839 1221/225/839
f 1216/693/836 1215/230/836 1226/700/841
f 1218/227/837 1217/703/837 1212/704/834
f 1223/367/840 1224/705/840 1225/706/842
f 1232/692/825 1233/707/826 1234/369/826
f 1235/230/827 1236/693/827 1237/703/843
f 1239/694/829 1240/226/829 1241/225/830
f 1240/226/829 1239/694/829 1244/697/831
f 1242/695/844 1241/225/830 1234/699/826
f 1245/701/833 1236/693/827 1235/230/827
f 1231/702/825 1238/227/828 1237/703/843
f 1244/705/831 1245/706/833 1246/368/833
f 1247/367/845 1248/705/845 1249/706/846
f 1251/225/836 1252/695/836 1253/694/837
f 1256/227/838 1257/230/847 1258/693/847
f 1256/227/838 1255/703/838 1260/704/848
f 1258/693/847 1257/230/847 1250/700/846
f 1261/698/842 1252/695/836 1251/225/836
f 1247/696/845 1254/226/837 1253/694/837
f 1260/692/848 1261/707/842 1262/369/842
f 1268/692/825 1269/707/826 1270/369/826
f 1271/230/827 1272/693/827 1273/703/828
f 1276/226/829 1277/225/830 1278/695/830
f 1279/696/831 1276/226/829 1275/694/829
f 1278/695/830 1277/225/830 1270/699/826
f 1281/701/833 1272/693/827 1271/230/827
f 1267/702/825 1274/227/828 1273/703/828
f 1280/705/831 1281/706/833 1282/368/833
f 1284/692/845 1285/707/846 1286/369/846
f 1287/230/836 1288/693/836 1289/703/849
f 1292/226/838 1293/225/839 1294/695/847
f 1295/696/840 1292/226/838 1291/694/838
f 1285/698/846 1294/695/847 1293/225/839
f 1288/693/836 1287/230/836 1298/700/842
f 1283/702/845 1290/227/837 1289/703/849
f 1295/367/840 1296/705/840 1297/706/842
f 1304/367/850 1305/705/850 1306/706/851
f 1308/230/853 1309/693/861 1310/703/854
f 1311/695/856 1312/694/857 1313/226/857
f 1315/699/859 1316/698/862 1311/695/856
f 1305/697/850 1304/696/850 1313/226/857
f 1318/702/860 1307/227/855 1310/703/854
f 1303/700/852 1306/701/851 1309/693/861
f 1318/231/860 1317/692/860 1316/707/862
f 1320/367/863 1321/705/863 1322/706/845
f 1324/230/837 1325/693/837 1326/703/836
f 1327/695/838 1328/694/865 1329/226/847
f 1332/698/840 1327/695/838 1330/225/864
f 1320/696/863 1329/226/847 1328/694/865
f 1334/702/866 1323/227/836 1326/703/836
f 1319/700/845 1322/701/845 1325/693/837
f 1334/231/866 1333/692/866 1332/707/840
f 1340/367/867 1341/705/850 1342/706/851
f 1343/227/854 1344/230/853 1345/693/853
f 1348/694/868 1349/226/868 1350/225/869
f 1351/699/859 1352/698/859 1347/695/869
f 1340/696/867 1349/226/868 1348/694/868
f 1354/702/860 1343/227/854 1346/703/854
f 1339/700/852 1342/701/851 1345/693/853
f 1354/231/860 1353/692/860 1352/707/859
f 1355/368/845 1356/367/863 1357/705/863
f 1360/230/837 1361/693/849 1362/703/836
f 1363/695/838 1364/694/847 1365/226/847
f 1367/699/840 1368/698/840 1363/695/838
f 1356/696/863 1365/226/847 1364/694/847
f 1370/702/841 1359/227/836 1362/703/836
f 1358/701/845 1361/693/849 1360/230/837
f 1370/231/841 1369/692/842 1368/707/840
f 1376/367/850 1377/705/850 1378/706/851
f 1379/227/854 1380/230/853 1381/693/853
f 1384/694/857 1385/226/857 1386/225/856
f 1387/699/859 1388/698/859 1383/695/856
f 1376/696/850 1385/226/857 1384/694/857
f 1390/702/860 1379/227/854 1382/703/870
f 1378/701/851 1381/693/853 1380/230/853
f 1390/231/860 1389/692/860 1388/707/859
f 1392/367/863 1393/705/863 1394/706/845
f 1396/230/837 1397/693/837 1398/703/836
f 1399/695/838 1400/694/847 1401/226/847
f 1403/699/840 1404/698/840 1399/695/838
f 1393/697/863 1392/696/863 1401/226/847
f 1405/704/866 1406/702/866 1395/227/836
f 1394/701/845 1397/693/837 1396/230/837
f 1406/231/866 1405/692/866 1404/707/840
f 1505/680/114 1506/689/871 1507/681/871
f 1508/365/1 1509/220/876 1498/210/876
f 1511/219/873 1512/213/873 1513/352/3
f 1514/683/114 1500/763/114 1499/684/874
f 1517/215/876 1518/691/875 1519/686/875
f 1502/212/873 1501/689/871 1521/688/871
f 1512/213/873 1511/219/873 1507/681/871
f 1498/210/876 1509/220/876 1515/685/875
f 1505/690/114 1504/764/114 1519/686/875
f 1502/212/873 1520/216/873 1523/362/3
f 1522/356/1 1517/215/876 1516/687/876
f 1500/680/114 1514/765/114 1521/688/871
f 1597/680/134 1598/689/883 1599/681/877
f 1600/365/1 1601/220/882 1590/210/882
f 1602/364/3 1603/219/879 1604/213/884
f 1606/683/134 1592/763/134 1591/684/880
f 1609/215/882 1610/691/880 1611/686/881
f 1594/212/879 1593/689/877 1613/688/883
f 1604/213/884 1603/219/879 1599/681/877
f 1590/210/882 1601/220/882 1607/685/881
f 1597/690/134 1596/764/134 1611/686/881
f 1594/212/879 1612/216/884 1615/362/3
f 1609/215/882 1608/687/878 1616/361/1
f 1592/680/134 1606/765/134 1613/688/883
f 1689/680/28 1690/689/891 1691/681/885
f 1692/365/1 1693/220/960 1682/210/886
f 1695/219/887 1696/213/890 1697/352/3
f 1698/683/28 1684/763/28 1683/684/888
f 1701/215/886 1702/691/892 1703/686/889
f 1686/212/887 1685/689/885 1705/688/885
f 1696/213/890 1695/219/887 1691/681/885
f 1682/210/886 1693/220/960 1699/685/889
f 1689/690/28 1688/764/28 1703/686/889
f 1686/212/887 1704/216/887 1707/362/3
f 1706/356/1 1701/215/886 1700/687/886
f 1684/680/28 1698/765/28 1705/688/885
f 1780/682/108 1781/680/108 1782/689/893
f 1784/365/1 1785/220/894 1774/210/894
f 1787/219/895 1788/213/895 1789/352/3
f 1790/683/108 1776/763/108 1775/684/896
f 1793/215/894 1794/691/898 1795/686/898
f 1778/212/895 1777/689/893 1797/688/893
f 1788/213/895 1787/219/895 1783/681/893
f 1774/210/894 1785/220/894 1791/685/897
f 1781/690/108 1780/764/108 1795/686/898
f 1778/212/895 1796/216/895 1799/362/3
f 1798/356/1 1793/215/894 1792/687/894
f 1776/680/108 1790/765/108 1797/688/893
f 1873/680/129 1874/689/906 1875/681/899
f 1876/365/1 1877/220/900 1866/210/900
f 1879/219/901 1880/213/907 1881/352/3
f 1882/683/129 1868/763/129 1867/684/902
f 1885/215/900 1886/691/904 1887/686/904
f 1870/212/901 1869/689/899 1889/688/906
f 1880/213/907 1879/219/901 1875/681/899
f 1866/210/900 1877/220/900 1883/685/903
f 1873/690/129 1872/764/129 1887/686/904
f 1870/212/901 1888/216/901 1891/362/3
f 1890/356/1 1885/215/900 1884/687/905
f 1868/680/129 1882/765/129 1889/688/906
f 1965/680/148 1966/689/908 1967/681/908
f 1968/365/1 1969/220/912 1958/210/914
f 1971/219/910 1972/213/913 1973/352/3
f 1974/683/148 1960/763/148 1959/684/911
f 1977/215/912 1978/691/915 1979/686/911
f 1962/212/910 1961/689/908 1981/688/908
f 1972/213/913 1971/219/910 1967/681/908
f 1958/210/914 1969/220/912 1975/685/911
f 1965/690/148 1964/764/148 1979/686/911
f 1962/212/910 1980/216/913 1983/362/3
f 1982/356/1 1977/215/912 1976/687/912
f 1960/680/148 1974/765/148 1981/688/908
f 2057/680/167 2058/689/922 2059/681/917
f 2060/365/1 2061/220/918 2050/210/918
f 2063/219/919 2064/213/919 2065/352/3
f 2066/683/167 2052/763/167 2051/684/920
f 2069/215/918 2070/691/921 2071/686/921
f 2054/212/919 2053/689/917 2073/688/917
f 2064/213/919 2063/219/919 2059/681/917
f 2050/210/918 2061/220/918 2067/685/921
f 2057/690/167 2056/764/167 2071/686/921
f 2054/212/919 2072/216/919 2075/362/3
f 2074/356/1 2069/215/918 2068/687/918
f 2052/680/167 2066/765/167 2073/688/917
f 2149/680/186 2150/689/929 2151/681/923
f 2152/365/1 2153/220/928 2142/210/928
f 2155/219/925 2156/213/930 2157/352/3
f 2158/683/186 2144/763/186 2143/684/926
f 2161/215/928 2162/691/926 2163/686/926
f 2146/212/925 2145/689/923 2165/688/929
f 2156/213/930 2155/219/925 2151/681/923
f 2142/210/928 2153/220/928 2159/685/927
f 2149/690/186 2148/764/186 2163/686/926
f 2146/212/925 2164/216/930 2167/362/3
f 2166/356/1 2161/215/928 2160/687/928
f 2144/680/186 2158/765/186 2165/688/929
f 2241/680/27 2242/689/932 2243/681/932
f 2244/365/1 2245/220/961 2234/210/933
f 2247/219/934 2248/213/937 2249/352/3
f 2250/683/27 2236/763/27 2235/684/935
f 2253/215/933 2254/691/936 2255/686/936
f 2238/212/934 2237/689/932 2257/688/932
f 2248/213/937 2247/219/934 2243/681/932
f 2234/210/933 2245/220/961 2251/685/936
f 2241/690/27 2240/764/27 2255/686/936
f 2238/212/934 2256/216/934 2259/362/3
f 2258/356/1 2253/215/933 2252/687/933
f 2236/680/27 2250/765/27 2257/688/932
f 2333/680/107 2334/689/938 2335/681/938
f 2336/365/1 2337/220/939 2326/210/939
f 2339/219/940 2340/213/940 2341/352/3
f 2342/683/107 2328/763/107 2327/684/941
f 2345/215/939 2346/691/941 2347/686/941
f 2330/212/940 2329/689/938 2349/688/942
f 2340/213/940 2339/219/940 2335/681/938
f 2326/210/939 2337/220/939 2343/685/941
f 2333/690/107 2332/764/107 2347/686/941
f 2330/212/940 2348/216/940 2351/362/3
f 2350/356/1 2345/215/939 2344/687/939
f 2328/680/107 2342/765/107 2349/688/942
f 2425/680/128 2426/689/949 2427/681/943
f 2428/365/1 2429/220/944 2418/210/944
f 2431/219/945 2432/213/950 2433/352/3
f 2434/683/128 2420/763/128 2419/684/946
f 2437/215/944 2438/691/947 2439/686/946
f 2422/212/945 2421/689/943 2441/688/949
f 2432/213/950 2431/219/945 2427/681/943
f 2418/210/944 2429/220/944 2435/685/947
f 2425/690/128 2424/764/128 2439/686/946
f 2422/212/945 2440/216/945 2443/362/3
f 2442/356/1 2437/215/944 2436/687/948
f 2420/680/128 2434/765/128 2441/688/949
