{"obj":true,"model":"~/pigeon","display":{"thirdperson_righthand":{"translation":[8.08421,2.2736843,8.210526],"rotation":[19.894737,0.0,0.0],"scale":[1.0,1.0,1.0]},"thirdperson_lefthand":{"translation":[-8.08421,2.2736843,8.210526],"rotation":[19.894737,9.0,0.0],"scale":[1.0,1.0,1.0]},"firstperson_righthand":{"translation":[8.842105,6.1894736,6.568421],"rotation":[9.473684,26.526316,0.0],"scale":[1.0,1.0,1.0]},"firstperson_lefthand":{"translation":[-3.536842,5.0526314,10.989473],"rotation":[9.473684,26.526316,0.0],"scale":[1.0,1.0,1.0]},"head":{"scale":[1.0,1.0,1.0]},"gui":{"translation":[-1.1368421,4.4210525,0.0],"rotation":[0.0,-47.36842,0.0],"scale":[1.2631578,1.2631578,1.2631578]},"ground":{"translation":[0.12631579,0.75,0.0],"rotation":[90.0,-90.0,0.0],"scale":[1.0,1.0,1.0]},"fixed":{"translation":[-14.2736845,5.5578947,12.7578945],"rotation":[0.0,-88.57895,0.0],"scale":[1.7,1.7,1.7]}}}