# Blender 4.5.14 LTS
# www.blender.org
mtllib survival_tool_1.mtl
o Blade_low
v 0.041722 0.037415 0.002298
v 0.032185 0.037415 0.004370
v 0.034978 0.030671 0.004370
v 0.041722 0.491018 0.002298
v 0.032185 0.491018 0.004370
v 0.034978 0.497762 0.004370
v 0.041722 0.027878 0.004370
v 0.041722 0.500555 0.004370
v 0.051259 0.491018 0.004370
v 0.048466 0.497762 0.004370
v 0.041722 0.037415 -0.002298
v 0.032185 0.037415 -0.004370
v 0.034978 0.030671 -0.004370
v 0.041722 0.491018 -0.002298
v 0.032185 0.491018 -0.004370
v 0.034978 0.497762 -0.004370
v 0.041722 0.027878 -0.004370
v 0.041722 0.500555 -0.004370
v 0.051259 0.491018 -0.004370
v 0.048466 0.497762 -0.004370
v -0.035706 0.024305 0.000000
v -0.028124 0.013821 0.000000
v -0.030072 0.019026 0.000000
v -0.032413 0.005212 0.000000
v -0.029211 0.009134 0.000000
v -0.035171 0.003294 0.000000
v 0.053739 0.583801 -0.000000
v -0.059007 0.088811 -0.000000
v 0.046562 -0.007681 0.007998
v 0.052420 0.512415 0.008303
v -0.035174 0.024192 0.007998
v -0.028854 0.019994 0.007998
v -0.035171 -0.007681 0.007998
v -0.035171 0.001571 0.007998
v -0.026572 0.013928 0.007998
v -0.031370 0.004058 0.007998
v -0.027812 0.008455 0.007998
v 0.034291 0.567006 0.007926
v -0.050295 0.032295 0.006195
v -0.040756 0.042295 0.006413
v -0.032355 0.088725 0.006564
v -0.027476 0.156117 0.006680
v -0.025064 0.230504 0.006727
v -0.039904 0.294131 0.006423
v -0.058826 0.339951 0.006036
v -0.087393 0.379648 0.005453
v -0.128268 0.419772 0.004618
v -0.136203 0.444018 0.004456
v -0.138058 0.482788 0.004417
v -0.136759 0.520630 0.004442
v -0.128859 0.549843 0.004616
v -0.093329 0.564594 0.005326
v -0.046027 0.573128 0.006290
v 0.002388 0.573313 0.007276
v -0.054266 0.028243 0.006189
v -0.068388 0.283944 -0.000000
v -0.148493 0.482798 -0.000000
v -0.147217 0.444090 -0.000000
v -0.139875 0.558474 -0.000000
v -0.107871 0.365483 -0.000000
v -0.138911 0.406377 -0.000000
v -0.055560 0.155198 -0.000000
v -0.085239 0.326081 -0.000000
v -0.094344 0.581465 -0.000000
v -0.056193 0.226169 -0.000000
v -0.045428 0.594389 -0.000000
v -0.147151 0.521432 -0.000000
v 0.004484 0.595663 -0.000000
v -0.062963 0.030009 -0.000000
v 0.034290 0.590646 -0.000000
v -0.062148 0.042295 -0.000000
v 0.053964 0.582030 0.005408
v -0.146273 0.521335 0.001873
v -0.147527 0.482796 0.001880
v -0.146191 0.444081 0.001899
v -0.138153 0.407778 0.001999
v -0.106653 0.366326 0.002453
v -0.083925 0.326771 0.002860
v -0.066993 0.284443 0.003182
v -0.054732 0.226373 0.003411
v -0.054096 0.155246 0.003436
v -0.057532 0.088725 0.003390
v 0.004326 0.593975 0.004609
v -0.045477 0.592672 0.003677
v -0.094240 0.579744 0.002809
v -0.138809 0.557641 0.001987
v 0.034290 0.588948 0.005397
v -0.061571 0.029717 0.003612
v -0.060671 0.042295 0.003358
v -0.013985 0.440050 0.006947
v -0.004410 0.436084 0.007142
v -0.023560 0.436084 0.006752
v -0.000443 0.426508 0.007223
v -0.027527 0.426508 0.006671
v -0.013985 0.412966 0.006947
v -0.004410 0.416933 0.007142
v -0.023560 0.416933 0.006752
v -0.013985 0.393161 0.006948
v -0.001903 0.388157 0.007194
v -0.026066 0.388157 0.006702
v -0.031071 0.376075 0.006600
v 0.003101 0.376075 0.007297
v 0.003101 0.363623 0.007297
v -0.001903 0.351541 0.007195
v -0.031071 0.363623 0.006601
v -0.013985 0.346537 0.006949
v -0.026066 0.351541 0.006703
v -0.008458 0.453874 0.007059
v -0.008458 0.446247 0.007059
v -0.005155 0.448154 0.007126
v -0.011761 0.451967 0.006992
v -0.011761 0.448154 0.006992
v -0.005155 0.451967 0.007126
v -0.052934 0.027956 0.007992
v -0.050916 0.031027 0.006889
v -0.050719 0.030222 0.007989
v 0.041016 0.562326 0.007789
v 0.054878 0.574841 0.006272
v 0.046386 0.568842 0.007323
v 0.039274 0.549139 0.007946
v 0.042590 0.531029 0.007960
v 0.049486 0.516578 0.007977
v 0.046973 0.521592 0.007977
v 0.046562 -0.007681 -0.007998
v 0.062254 0.515628 -0.003449
v 0.052420 0.512415 -0.008304
v 0.052420 0.502550 -0.007998
v -0.035174 0.024192 -0.007998
v -0.028854 0.019994 -0.007998
v -0.035171 -0.007681 -0.007998
v -0.035171 0.001571 -0.007998
v -0.026572 0.013928 -0.007998
v -0.031370 0.004058 -0.007998
v -0.027812 0.008455 -0.007998
v 0.034291 0.567006 -0.007927
v -0.050295 0.032295 -0.006195
v -0.040756 0.042295 -0.006413
v -0.032355 0.088725 -0.006564
v -0.027476 0.156117 -0.006680
v -0.025064 0.230504 -0.006727
v -0.039904 0.294131 -0.006423
v -0.058826 0.339951 -0.006036
v -0.087393 0.379648 -0.005453
v -0.128268 0.419772 -0.004619
v -0.136203 0.444018 -0.004456
v -0.138058 0.482788 -0.004417
v -0.136759 0.520630 -0.004443
v -0.128859 0.549843 -0.004617
v -0.093329 0.564594 -0.005326
v -0.046027 0.573128 -0.006290
v 0.002388 0.573313 -0.007276
v -0.054266 0.028243 -0.006189
v 0.053964 0.582030 -0.005408
v -0.146273 0.521335 -0.001873
v -0.147527 0.482796 -0.001880
v -0.146191 0.444081 -0.001900
v -0.138153 0.407778 -0.001999
v -0.106653 0.366326 -0.002454
v -0.083925 0.326771 -0.002861
v -0.066993 0.284443 -0.003182
v -0.054732 0.226373 -0.003411
v -0.054096 0.155246 -0.003436
v -0.057532 0.088725 -0.003390
v 0.004326 0.593975 -0.004609
v -0.045477 0.592672 -0.003677
v -0.094240 0.579744 -0.002809
v -0.138809 0.557641 -0.001987
v 0.034290 0.588948 -0.005397
v -0.061571 0.029717 -0.003612
v -0.060671 0.042295 -0.003358
v -0.013985 0.440050 -0.006947
v -0.004410 0.436084 -0.007142
v -0.023560 0.436084 -0.006752
v -0.000443 0.426508 -0.007223
v -0.027527 0.426508 -0.006671
v -0.013985 0.412966 -0.006948
v -0.004410 0.416933 -0.007143
v -0.023560 0.416933 -0.006752
v -0.013985 0.393161 -0.006948
v -0.001903 0.388157 -0.007194
v -0.026066 0.388157 -0.006702
v -0.031071 0.376075 -0.006600
v 0.003101 0.376075 -0.007297
v 0.003101 0.363623 -0.007297
v -0.001903 0.351541 -0.007196
v -0.031071 0.363623 -0.006601
v -0.013985 0.346537 -0.006950
v -0.026066 0.351541 -0.006703
v -0.008458 0.453874 -0.007059
v -0.008458 0.446247 -0.007059
v -0.005155 0.448154 -0.007126
v -0.011761 0.451967 -0.006992
v -0.011761 0.448154 -0.006992
v -0.005155 0.451967 -0.007126
v -0.052934 0.027956 -0.007992
v -0.050916 0.031027 -0.006889
v -0.050719 0.030222 -0.007989
v 0.041016 0.562326 -0.007789
v 0.054878 0.574841 -0.006272
v 0.046386 0.568842 -0.007323
v 0.039274 0.549139 -0.007946
v 0.042590 0.531029 -0.007960
v 0.049486 0.516578 -0.007977
v 0.046973 0.521592 -0.007977
v 0.062254 0.515628 0.003449
v 0.057004 0.557316 0.001335
v 0.057004 0.557316 -0.001335
v 0.055334 0.571250 0.003867
v 0.055334 0.571250 -0.003867
v 0.056048 0.565020 0.001838
v 0.056048 0.565020 -0.001838
v 0.058336 0.546648 0.001153
v 0.058336 0.546648 -0.001153
v 0.059589 0.536657 0.001210
v 0.059589 0.536657 -0.001210
v 0.061699 0.520757 0.002001
v 0.061699 0.520757 -0.002001
v 0.060628 0.528393 -0.001421
v 0.060628 0.528393 0.001420
v 0.052377 0.502550 0.007998
v 0.056606 0.495872 0.007998
v 0.056606 0.495872 -0.007998
v 0.062785 0.462599 0.007998
v 0.062785 0.484781 0.007998
v 0.062785 0.490327 -0.007998
v 0.056606 0.490327 0.007998
v 0.056606 0.473690 -0.007998
v 0.056606 0.484781 -0.007998
v 0.062785 0.418236 0.007998
v 0.062785 0.473690 0.007998
v 0.062785 0.479236 -0.007998
v 0.056606 0.479236 0.007998
v 0.056606 0.468145 0.007998
v 0.062785 0.468145 -0.007998
v 0.056606 0.451508 -0.007998
v 0.056606 0.462599 -0.007998
v 0.062785 0.373872 0.007998
v 0.062785 0.451508 0.007998
v 0.062785 0.457054 -0.007998
v 0.056606 0.457054 0.007998
v 0.056606 0.445963 0.007998
v 0.062785 0.440418 0.007998
v 0.062785 0.445963 -0.007998
v 0.056606 0.407145 -0.007998
v 0.056606 0.429327 -0.007998
v 0.056606 0.440418 -0.007998
v 0.062785 0.429327 0.007998
v 0.062785 0.434872 -0.007998
v 0.056606 0.434872 0.007998
v 0.056606 0.423781 0.007998
v 0.062785 0.423781 -0.007998
v 0.056606 0.418236 -0.007998
v 0.062785 0.285144 0.007998
v 0.062785 0.407145 0.007998
v 0.062785 0.412690 -0.007998
v 0.056606 0.412690 0.007998
v 0.056606 0.401599 0.007998
v 0.062785 0.396054 0.007998
v 0.062785 0.401599 -0.007998
v 0.056606 0.318417 -0.007998
v 0.056606 0.384963 -0.007998
v 0.056606 0.396054 -0.007998
v 0.062785 0.329508 0.007998
v 0.062785 0.384963 0.007998
v 0.062785 0.390508 -0.007998
v 0.056606 0.390508 0.007998
v 0.056606 0.379417 0.007998
v 0.062785 0.379417 -0.007998
v 0.056606 0.362781 -0.007998
v 0.056606 0.373872 -0.007998
v 0.062785 0.362781 0.007998
v 0.062785 0.368326 -0.007998
v 0.056606 0.368326 0.007998
v 0.056606 0.357235 0.007998
v 0.062785 0.351690 0.007998
v 0.062785 0.357235 -0.007998
v 0.056606 0.340599 -0.007998
v 0.056606 0.351690 -0.007998
v 0.062785 0.340599 0.007998
v 0.062785 0.346144 -0.007998
v 0.056606 0.346144 0.007998
v 0.056606 0.335053 0.007998
v 0.062785 0.335053 -0.007998
v 0.056606 0.329508 -0.007998
v 0.062785 0.107689 0.007998
v 0.062785 0.318417 0.007998
v 0.062785 0.323962 -0.007998
v 0.056606 0.323962 0.007998
v 0.056606 0.312871 0.007998
v 0.062785 0.307326 0.007998
v 0.062785 0.312871 -0.007998
v 0.056606 0.296235 -0.007998
v 0.056606 0.307326 -0.007998
v 0.062785 0.240780 0.007998
v 0.062785 0.296235 0.007998
v 0.062785 0.301780 -0.007998
v 0.056606 0.301780 0.007998
v 0.056606 0.290689 0.007998
v 0.062785 0.290690 -0.007998
v 0.056606 0.274053 -0.007998
v 0.056606 0.285144 -0.007998
v 0.062785 0.196416 0.007998
v 0.062785 0.274053 0.007998
v 0.062785 0.279599 -0.007998
v 0.056606 0.279599 0.007998
v 0.056606 0.268508 0.007998
v 0.062785 0.262962 0.007998
v 0.062785 0.268508 -0.007998
v 0.056606 0.229689 -0.007998
v 0.056606 0.251871 -0.007998
v 0.056606 0.262962 -0.007998
v 0.062785 0.251871 0.007998
v 0.062785 0.257417 -0.007998
v 0.056606 0.257417 0.007998
v 0.056606 0.246326 0.007998
v 0.062785 0.246326 -0.007998
v 0.056606 0.240780 -0.007998
v 0.062785 0.229689 0.007998
v 0.062785 0.235235 -0.007998
v 0.056606 0.235235 0.007998
v 0.056606 0.224144 0.007998
v 0.062785 0.218598 0.007998
v 0.062785 0.224144 -0.007998
v 0.056606 0.207507 -0.007998
v 0.056606 0.218598 -0.007998
v 0.062785 0.152052 0.007998
v 0.062785 0.207507 0.007998
v 0.062785 0.213053 -0.007998
v 0.056606 0.213053 0.007998
v 0.056606 0.201962 0.007998
v 0.062785 0.201962 -0.007998
v 0.056606 0.185325 -0.007998
v 0.056606 0.196416 -0.007998
v 0.062785 0.185325 0.007998
v 0.062785 0.190871 -0.007998
v 0.056606 0.190871 0.007998
v 0.056606 0.179780 0.007998
v 0.062785 0.174234 0.007998
v 0.062785 0.179780 -0.007998
v 0.056606 0.163143 -0.007998
v 0.056606 0.174234 -0.007998
v 0.062785 0.163143 0.007998
v 0.062785 0.168689 -0.007998
v 0.056606 0.168689 0.007998
v 0.056606 0.157598 0.007998
v 0.062785 0.157598 -0.007998
v 0.056606 0.152052 -0.007998
v 0.056606 0.140961 -0.007998
v 0.062785 0.140961 0.007998
v 0.062785 0.146507 -0.007998
v 0.056606 0.146507 0.007998
v 0.056606 0.135416 0.007998
v 0.062785 0.129871 0.007998
v 0.062785 0.135416 -0.007998
v 0.056606 0.118780 -0.007998
v 0.056606 0.129871 -0.007998
v 0.062785 0.063325 0.007998
v 0.062785 0.118780 0.007998
v 0.062785 0.124325 -0.007998
v 0.056606 0.124325 0.007998
v 0.056606 0.113234 0.007998
v 0.062785 0.113234 -0.007998
v 0.056606 0.096598 -0.007998
v 0.056606 0.107689 -0.007998
v 0.062785 0.096598 0.007998
v 0.062785 0.102143 -0.007998
v 0.056606 0.102143 0.007998
v 0.056606 0.091052 0.007998
v 0.062785 0.085507 0.007998
v 0.062785 0.091052 -0.007998
v 0.056606 0.052234 -0.007998
v 0.056606 0.074416 -0.007998
v 0.056606 0.085507 -0.007998
v 0.062785 0.074416 0.007998
v 0.062785 0.079961 -0.007998
v 0.056606 0.079961 0.007998
v 0.056606 0.068870 0.007998
v 0.062785 0.068870 -0.007998
v 0.056606 0.063325 -0.007998
v 0.062785 0.052234 0.007998
v 0.062785 0.057779 -0.007998
v 0.056606 0.057779 0.007998
v 0.056606 0.046688 0.007998
v 0.056606 0.041143 0.007998
v 0.062785 0.046688 -0.007998
v 0.056606 0.041143 -0.007998
v 0.033005 0.499735 -0.007902
v 0.034291 0.500288 -0.007929
v 0.041722 0.503384 -0.007950
v 0.041722 0.503384 0.007950
v 0.034291 0.500288 0.007928
v 0.033005 0.499735 0.007902
v 0.050486 0.499782 -0.007986
v 0.050485 0.499781 0.007985
v 0.029451 0.491018 -0.007830
v 0.029451 0.491018 0.007830
v 0.054126 0.491018 0.007998
v 0.054126 0.491018 -0.007998
v 0.048599 0.037415 0.003792
v 0.048599 0.037415 -0.003792
v 0.051259 0.038654 0.004370
v 0.029440 0.037415 -0.007844
v 0.054126 0.039988 -0.007998
v 0.051259 0.038654 -0.004370
v 0.029440 0.037415 0.007844
v 0.054126 0.039988 0.007998
v 0.032951 0.028645 0.007998
v 0.030910 0.033812 0.007873
v 0.031281 0.032738 0.007967
v 0.031667 0.031746 0.007998
v 0.030910 0.033812 -0.007873
v 0.031281 0.032738 -0.007967
v 0.031667 0.031746 -0.007998
v 0.046562 0.036467 0.003435
v 0.046562 0.032576 0.003785
v 0.032951 0.028645 -0.007998
v 0.046562 0.036467 -0.003435
v 0.046562 0.032576 -0.003785
v 0.046562 0.029883 -0.004370
v 0.046562 0.029883 0.004370
v 0.041722 0.025012 0.007998
v 0.046562 0.027016 0.007998
v 0.046562 0.027016 -0.007998
v 0.041722 0.025012 -0.007998
vn -0.0000 0.0755 0.9971
vn 0.4134 0.4134 0.8113
vn -0.0000 0.5846 0.8113
vn 0.5549 0.5549 0.6199
vn -0.0000 -0.0755 0.9971
vn -0.0000 -0.5846 0.8113
vn 0.4134 -0.4134 0.8113
vn 0.3091 -0.7463 0.5895
vn 0.5521 -0.5577 0.6199
vn 0.5526 0.1157 0.8254
vn 0.7463 0.3091 0.5895
vn 0.5526 -0.1157 0.8254
vn 0.7765 -0.1441 0.6134
vn -0.1187 0.1812 0.9763
vn -0.3091 0.7463 0.5895
vn -0.1887 0.4555 0.8700
vn -0.2114 0.0876 0.9735
vn -0.2122 0.0120 0.9771
vn -0.4134 -0.4134 0.8113
vn -0.0010 -0.7847 0.6199
vn -0.5526 -0.1157 0.8254
vn -0.5554 -0.5543 0.6199
vn -0.4627 -0.0000 0.8865
vn -0.0000 0.0755 -0.9971
vn -0.0000 0.5846 -0.8113
vn 0.4134 0.4134 -0.8113
vn 0.5549 0.5549 -0.6199
vn -0.0000 -0.0755 -0.9971
vn 0.4134 -0.4134 -0.8113
vn -0.0000 -0.5846 -0.8113
vn 0.5521 -0.5577 -0.6199
vn 0.3091 -0.7463 -0.5895
vn 0.5526 0.1157 -0.8254
vn 0.7463 0.3091 -0.5895
vn 0.5526 -0.1157 -0.8254
vn 0.7765 -0.1441 -0.6134
vn -0.1187 0.1812 -0.9763
vn -0.3091 0.7463 -0.5895
vn -0.0000 0.7847 -0.6199
vn -0.2122 0.0120 -0.9771
vn -0.2114 0.0876 -0.9735
vn -0.4134 -0.4134 -0.8113
vn -0.0010 -0.7847 -0.6199
vn -0.5554 -0.5543 -0.6199
vn -0.5526 -0.1157 -0.8254
vn -0.7766 -0.1435 -0.6135
vn -0.4627 -0.0000 -0.8865
vn -0.8089 -0.5879 -0.0000
vn -0.9793 -0.0657 0.1914
vn -0.7980 -0.5834 0.1514
vn -0.9978 -0.0666 -0.0000
vn -0.8823 0.4303 0.1908
vn -0.8987 0.4386 -0.0000
vn -0.6623 0.7256 0.1869
vn -0.4331 -0.8994 0.0585
vn -0.4257 -0.9049 -0.0000
vn -0.5577 0.8301 -0.0000
vn -0.6744 0.7384 -0.0000
vn -0.1294 0.0104 0.9915
vn -0.2264 0.0056 0.9740
vn -0.2449 0.0163 0.9694
vn -0.0210 0.0512 0.9985
vn -0.0195 0.4204 0.9071
vn -0.0210 0.0511 0.9985
vn -0.9933 0.1153 -0.0000
vn -0.3713 0.0776 0.9253
vn -0.9806 0.1962 -0.0000
vn -1.0000 -0.0001 -0.0000
vn -0.3822 0.0449 0.9230
vn -0.9921 -0.1252 -0.0000
vn -0.3875 -0.0007 0.9219
vn -0.2332 -0.1255 0.9643
vn -0.3734 -0.0480 0.9264
vn -0.8873 -0.4611 -0.0000
vn -0.1817 -0.1174 0.9763
vn -0.8359 -0.5488 -0.0000
vn -0.1837 -0.0823 0.9795
vn -0.9029 -0.4299 -0.0000
vn -0.1960 -0.0518 0.9792
vn -0.9616 -0.2745 -0.0000
vn -0.2109 -0.0185 0.9773
vn -0.9953 -0.0970 -0.0000
vn -0.9998 0.0204 -0.0000
vn 0.2347 0.9721 -0.0000
vn -0.0019 0.3034 0.9529
vn 0.0639 0.3217 0.9447
vn -0.1325 0.9912 -0.0000
vn 0.0514 0.9987 -0.0000
vn -0.3432 0.9393 -0.0000
vn -0.0544 0.2968 0.9534
vn -0.4518 0.8921 -0.0000
vn -0.1204 0.2985 0.9468
vn 0.3316 0.9434 -0.0000
vn 0.1213 0.3470 0.9300
vn -0.9973 0.0730 -0.0000
vn -0.2779 0.0362 0.9599
vn -0.9977 0.0684 -0.0000
vn -0.9983 0.0582 -0.0000
vn -0.1990 -0.9800 -0.0000
vn -0.2048 -0.9788 -0.0000
vn 0.0378 0.1101 0.9932
vn 0.0378 0.1102 0.9932
vn -0.2477 0.0308 0.9683
vn -0.2368 0.0512 0.9702
vn -0.2565 -0.0006 0.9665
vn -0.1779 -0.0677 0.9817
vn -0.1098 -0.0701 0.9915
vn -0.1059 -0.0453 0.9933
vn -0.1083 -0.0279 0.9937
vn -0.1128 -0.0097 0.9936
vn -0.1194 0.0036 0.9928
vn -0.1550 0.0437 0.9870
vn -0.0110 0.1262 0.9919
vn -0.0374 0.1390 0.9896
vn -0.0984 0.1732 0.9800
vn -0.1649 0.3077 0.9371
vn -0.3634 0.1050 0.9257
vn -0.1934 0.1048 0.9755
vn -0.1933 0.1047 0.9755
vn -0.7096 -0.7046 -0.0000
vn -0.0050 -1.0000 -0.0000
vn -0.9809 -0.1946 -0.0000
vn -0.0205 -0.0000 0.9998
vn -0.0204 -0.0001 0.9998
vn -0.0204 -0.0000 0.9998
vn -0.0135 -0.0000 0.9999
vn -0.0160 0.5294 0.8482
vn -0.0195 0.4206 0.9071
vn -0.6021 0.5893 0.5386
vn -0.6022 0.5893 0.5386
vn -0.0135 -0.0000 -0.9999
vn -0.0010 -0.0000 -1.0000
vn -0.0065 -1.0000 -0.0000
vn 0.8644 -0.5028 -0.0000
vn -0.0065 1.0000 -0.0000
vn -0.8677 0.4972 -0.0000
vn -0.8676 0.4972 -0.0000
vn 0.8644 0.5028 -0.0000
vn -0.8677 -0.4972 -0.0000
vn -0.8676 -0.4972 -0.0000
vn 0.7046 0.7096 -0.0000
vn -0.0049 1.0000 -0.0000
vn -0.0050 1.0000 -0.0000
vn 0.7046 -0.7096 -0.0000
vn 1.0000 -0.0000 -0.0000
vn 0.9807 0.1956 -0.0000
vn 0.9807 -0.1956 -0.0000
vn -0.7096 0.7046 -0.0000
vn -0.9809 0.1946 -0.0000
vn -1.0000 -0.0000 -0.0000
vn -0.2075 -0.9782 0.0001
vn -0.2045 -0.9789 -0.0006
vn -0.9793 -0.0657 -0.1914
vn -0.7980 -0.5834 -0.1514
vn -0.8823 0.4303 -0.1907
vn -0.6623 0.7255 -0.1869
vn -0.4330 -0.8995 -0.0585
vn -0.1294 0.0104 -0.9915
vn -0.2264 0.0057 -0.9740
vn -0.1194 0.0036 -0.9928
vn -0.0209 0.0512 -0.9985
vn -0.0195 0.4204 -0.9071
vn -0.0195 0.4206 -0.9071
vn -0.3713 0.0776 -0.9253
vn -0.3822 0.0448 -0.9230
vn -0.3875 -0.0007 -0.9219
vn -0.2332 -0.1255 -0.9643
vn -0.1817 -0.1174 -0.9763
vn -0.1837 -0.0824 -0.9795
vn -0.1960 -0.0519 -0.9792
vn -0.2109 -0.0185 -0.9773
vn -0.2449 0.0163 -0.9694
vn -0.0018 0.3034 -0.9529
vn -0.0544 0.2968 -0.9534
vn -0.1204 0.2986 -0.9468
vn 0.0639 0.3217 -0.9447
vn -0.2779 0.0362 -0.9599
vn 0.0378 0.1101 -0.9932
vn 0.0378 0.1102 -0.9932
vn 0.0228 0.1144 -0.9932
vn -0.2477 0.0308 -0.9683
vn -0.2565 -0.0006 -0.9665
vn -0.2368 0.0512 -0.9702
vn -0.3734 -0.0480 -0.9264
vn -0.2355 -0.0343 -0.9713
vn -0.1778 -0.0677 -0.9817
vn -0.1098 -0.0701 -0.9915
vn -0.1085 -0.0281 -0.9937
vn -0.1128 -0.0097 -0.9936
vn -0.1550 0.0437 -0.9870
vn -0.0110 0.1262 -0.9919
vn -0.0374 0.1390 -0.9896
vn -0.0780 0.1613 -0.9838
vn -0.0984 0.1732 -0.9800
vn -0.1933 0.1047 -0.9755
vn -0.3634 0.1050 -0.9257
vn -0.0205 -0.0003 -0.9998
vn -0.0210 0.0510 -0.9985
vn -0.0204 -0.0000 -0.9998
vn -0.0160 0.5294 -0.8482
vn -0.6021 0.5893 -0.5386
vn -0.6022 0.5893 -0.5386
vn 0.9618 0.2737 0.0008
vn 1.0000 -0.0021 0.0013
vn 0.9619 0.2736 0.0013
vn 0.3106 -0.9506 -0.0000
vn 0.9926 0.1216 -0.0000
vn 0.9920 0.1260 -0.0000
vn 0.9930 0.1180 -0.0000
vn 0.9923 0.1235 -0.0000
vn 0.9923 0.1242 -0.0000
vn 0.9922 0.1246 -0.0000
vn 0.9912 0.1320 -0.0000
vn 0.9942 0.1076 -0.0000
vn 0.3623 0.2155 0.9068
vn 0.3387 0.2977 0.8926
vn 0.3634 0.2115 0.9073
vn 0.3918 -0.1611 -0.9058
vn 0.3675 -0.0596 -0.9281
vn 0.3980 -0.1987 -0.8956
vn 0.3675 -0.0596 0.9281
vn 0.3918 -0.1611 0.9058
vn 0.3980 -0.1987 0.8956
vn 0.3646 -0.0492 -0.9299
vn 0.3498 0.0225 -0.9365
vn 0.3498 0.0224 0.9365
vn 0.3646 -0.0492 0.9299
vn 0.4183 -0.3537 -0.8366
vn 0.4183 -0.3537 0.8366
vn 0.4251 -0.4657 0.7761
vn 0.3491 0.0309 -0.9366
vn 0.3504 0.0898 -0.9323
vn 0.3504 0.0898 0.9323
vn 0.3491 0.0309 0.9366
vn 0.3639 0.1318 -0.9221
vn 0.3666 0.1349 -0.9205
vn 0.3639 0.1318 0.9221
vn 0.3499 0.0858 0.9328
vn 0.3634 0.2115 -0.9073
vn 0.3623 0.2155 -0.9068
vn 0.3666 0.1349 0.9205
vn 0.3387 0.2977 -0.8926
vn 0.8460 0.5332 0.0012
vn 0.6468 0.7206 0.2498
vn 0.6468 -0.7206 0.2498
vn 0.6468 0.7206 -0.2498
vn 0.6468 -0.7206 -0.2498
vn 0.6113 -0.7837 0.1103
vn 0.9721 -0.2216 0.0768
vn 0.8432 -0.5376 -0.0000
vn 0.4251 -0.4657 -0.7761
vn -0.0005 -0.0000 1.0000
vn -0.0011 -0.0000 1.0000
vn -0.0000 0.0003 -1.0000
vn -0.7847 -0.0000 -0.6199
vn -0.7847 -0.0000 0.6199
vn -0.7766 -0.1435 0.6135
vn -0.0000 0.0003 1.0000
vn 0.8363 -0.5483 -0.0000
vn 0.4220 -0.9066 -0.0000
vn -0.2045 -0.9789 0.0006
vn -0.2075 -0.9782 -0.0001
vn 0.0228 0.1144 0.9932
vn 0.1213 0.3470 -0.9300
vn -0.0000 0.7847 0.6199
vn 0.7765 0.1441 0.6134
vn 0.7765 0.1441 -0.6134
vn -0.1887 0.4555 -0.8700
vn -0.5483 0.8161 0.1825
vn -0.2355 -0.0343 0.9713
vn -0.0780 0.1613 0.9838
vn -0.0203 -0.0001 0.9998
vn -0.0160 0.5293 0.8483
vn -0.0012 0.0001 -1.0000
vn -0.0011 -0.0000 -1.0000
vn -0.0004 0.0002 -1.0000
vn -0.0132 -0.0000 -0.9999
vn -0.5483 0.8161 -0.1825
vn -0.1649 0.3077 -0.9371
vn -0.1059 -0.0453 -0.9933
vn -0.1934 0.1048 -0.9755
vn -0.0205 -0.0007 -0.9998
vn -0.0203 -0.0001 -0.9998
vn -0.0160 0.5293 -0.8483
vn 1.0000 -0.0022 0.0013
vn 0.3499 0.0858 -0.9328
vn -0.0132 -0.0000 0.9999
vn -0.0010 -0.0001 1.0000
vn -0.0010 -0.0000 1.0000
vn -0.0012 -0.0000 1.0000
vn -0.0009 -0.0000 1.0000
vn -0.0000 -0.0000 -1.0000
vn -0.0000 0.0001 -1.0000
vn -0.0000 0.0001 1.0000
vn -0.0207 -0.0000 0.9998
vn -0.0207 -0.0000 -0.9998
vn -0.0205 -0.0000 -0.9998
vt 0.664170 0.836998
vt 0.671952 0.843709
vt 0.664864 0.846916
vt 0.675428 0.847104
vt 0.664195 0.366024
vt 0.664272 0.356263
vt 0.671620 0.359042
vt 0.673460 0.354853
vt 0.675001 0.355821
vt 0.674844 0.836993
vt 0.677310 0.843642
vt 0.674859 0.365985
vt 0.679684 0.365918
vt 0.659113 0.842463
vt 0.659693 0.850575
vt 0.659450 0.845494
vt 0.658833 0.838122
vt 0.656518 0.837083
vt 0.656874 0.359088
vt 0.664092 0.351563
vt 0.653531 0.365965
vt 0.653346 0.355702
vt 0.653495 0.835772
vt 0.132701 0.743248
vt 0.132007 0.753166
vt 0.124919 0.749959
vt 0.121443 0.753354
vt 0.132676 0.272274
vt 0.125251 0.265292
vt 0.132599 0.262513
vt 0.121870 0.262071
vt 0.123411 0.261103
vt 0.122027 0.743243
vt 0.119072 0.748785
vt 0.118642 0.747579
vt 0.122012 0.272235
vt 0.117188 0.272168
vt 0.137759 0.748713
vt 0.137178 0.756825
vt 0.131210 0.757809
vt 0.140353 0.743333
vt 0.138038 0.744372
vt 0.139997 0.265339
vt 0.132780 0.257812
vt 0.143526 0.261951
vt 0.143340 0.272215
vt 0.148393 0.272146
vt 0.143376 0.742022
vt 0.269530 0.891645
vt 0.281246 0.885491
vt 0.281243 0.892030
vt 0.269580 0.885491
vt 0.281192 0.879864
vt 0.269623 0.880132
vt 0.281096 0.874098
vt 0.280700 0.899767
vt 0.269462 0.900097
vt 0.269697 0.871001
vt 0.269668 0.874577
vt 0.037060 0.740376
vt 0.062961 0.671806
vt 0.063371 0.741704
vt 0.357666 0.292581
vt 0.443308 0.292819
vt 0.442920 0.293952
vt 0.064580 0.265940
vt 0.062102 0.232615
vt 0.064395 0.232647
vt 0.064799 0.305554
vt 0.062365 0.265941
vt 0.065019 0.345318
vt 0.062580 0.305567
vt 0.062875 0.380704
vt 0.062732 0.345469
vt 0.065220 0.381598
vt 0.062458 0.434402
vt 0.065512 0.434421
vt 0.062422 0.483200
vt 0.065783 0.483236
vt 0.062389 0.532452
vt 0.066055 0.532522
vt 0.062500 0.596250
vt 0.066408 0.596280
vt 0.066826 0.671864
vt 0.063415 0.055600
vt 0.058496 0.085530
vt 0.057615 0.055249
vt 0.063856 0.135295
vt 0.063580 0.085439
vt 0.064136 0.185745
vt 0.059660 0.135609
vt 0.060685 0.186271
vt 0.063300 0.034811
vt 0.057059 0.034205
vt 0.067553 0.803315
vt 0.063660 0.790361
vt 0.067482 0.790443
vt 0.067212 0.741682
vt 0.274330 0.928199
vt 0.269224 0.929684
vt 0.264142 0.928156
vt 0.040936 0.038465
vt 0.049820 0.031399
vt 0.052156 0.265459
vt 0.050028 0.232347
vt 0.052336 0.305632
vt 0.048408 0.374113
vt 0.038043 0.433218
vt 0.032319 0.481962
vt 0.032262 0.531020
vt 0.031250 0.595787
vt 0.035278 0.670677
vt 0.042742 0.789013
vt 0.036486 0.086696
vt 0.039719 0.139513
vt 0.063548 0.803558
vt 0.055447 0.804684
vt 0.051780 0.800084
vt 0.335980 0.446670
vt 0.350905 0.460934
vt 0.336175 0.460862
vt 0.335938 0.432479
vt 0.351232 0.446744
vt 0.367683 0.303015
vt 0.441389 0.297739
vt 0.381703 0.705535
vt 0.385872 0.715568
vt 0.267563 0.723910
vt 0.446681 0.852759
vt 0.405209 0.732209
vt 0.410149 0.705527
vt 0.357334 0.289645
vt 0.357045 0.291058
vt 0.354859 0.287386
vt 0.290434 0.037866
vt 0.297495 0.042773
vt 0.295658 0.056592
vt 0.734371 0.031324
vt 0.729163 0.046723
vt 0.729163 0.031398
vt 0.718748 0.031324
vt 0.713540 0.046871
vt 0.713540 0.031250
vt 0.723956 0.031398
vt 0.718748 0.046797
vt 0.708333 0.031250
vt 0.703125 0.046797
vt 0.703125 0.031324
vt 0.708333 0.046871
vt 0.336828 0.376398
vt 0.351233 0.390659
vt 0.336500 0.390587
vt 0.437546 0.214788
vt 0.452738 0.226559
vt 0.437714 0.226500
vt 0.438221 0.144524
vt 0.452693 0.156292
vt 0.438265 0.156235
vt 0.337002 0.362208
vt 0.351038 0.376467
vt 0.351058 0.348763
vt 0.350996 0.362276
vt 0.337024 0.334504
vt 0.337065 0.348695
vt 0.336829 0.320312
vt 0.351232 0.334573
vt 0.336174 0.404776
vt 0.351470 0.419042
vt 0.336000 0.418966
vt 0.437500 0.203077
vt 0.452991 0.214849
vt 0.437629 0.191366
vt 0.453121 0.203138
vt 0.437882 0.179656
vt 0.453076 0.191427
vt 0.452739 0.168003
vt 0.438136 0.167946
vt 0.351406 0.432555
vt 0.452908 0.179715
vt 0.723956 0.046724
vt 0.281079 0.859477
vt 0.280872 0.869319
vt 0.280553 0.918900
vt 0.278006 0.920323
vt 0.257915 0.885386
vt 0.257812 0.891924
vt 0.258060 0.879759
vt 0.258249 0.873995
vt 0.258230 0.899665
vt 0.097348 0.740042
vt 0.070691 0.671764
vt 0.098360 0.670327
vt 0.201360 0.598038
vt 0.286999 0.597809
vt 0.200738 0.599560
vt 0.066688 0.232589
vt 0.066794 0.265916
vt 0.067018 0.305542
vt 0.067555 0.380678
vt 0.068567 0.434368
vt 0.069142 0.483163
vt 0.069721 0.532412
vt 0.070316 0.596206
vt 0.071054 0.741661
vt 0.068665 0.085473
vt 0.068056 0.135563
vt 0.067592 0.186233
vt 0.069211 0.055185
vt 0.071304 0.790319
vt 0.352864 0.288755
vt 0.085703 0.038217
vt 0.093867 0.042088
vt 0.091150 0.050418
vt 0.076997 0.265322
vt 0.077262 0.305493
vt 0.078758 0.232188
vt 0.067308 0.345444
vt 0.077871 0.346685
vt 0.081948 0.373927
vt 0.092967 0.432913
vt 0.099830 0.530645
vt 0.101559 0.595397
vt 0.092205 0.788739
vt 0.090687 0.086396
vt 0.088038 0.139245
vt 0.082463 0.191254
vt 0.083290 0.799909
vt 0.071561 0.803514
vt 0.211377 0.587605
vt 0.286611 0.596676
vt 0.242013 0.158409
vt 0.242011 0.162406
vt 0.229613 0.175051
vt 0.253887 0.185094
vt 0.249726 0.175058
vt 0.248948 0.162408
vt 0.201028 0.600974
vt 0.196557 0.601863
vt 0.493726 0.052220
vt 0.515150 0.042077
vt 0.514716 0.052346
vt 0.198552 0.603232
vt 0.499801 0.031250
vt 0.508856 0.031293
vt 0.338867 0.490874
vt 0.351559 0.486929
vt 0.348498 0.491002
vt 0.345857 0.498093
vt 0.345091 0.506905
vt 0.341280 0.498032
vt 0.344668 0.519118
vt 0.341765 0.506861
vt 0.344558 0.530559
vt 0.341798 0.519080
vt 0.344668 0.540027
vt 0.340268 0.548731
vt 0.341130 0.539980
vt 0.341543 0.530519
vt 0.346961 0.554684
vt 0.345251 0.548797
vt 0.038071 0.825512
vt 0.053826 0.822656
vt 0.054552 0.828609
vt 0.797119 0.753534
vt 0.816494 0.752676
vt 0.809526 0.759469
vt 0.034993 0.877615
vt 0.054328 0.878550
vt 0.041918 0.884431
vt 0.796934 0.744830
vt 0.820309 0.738235
vt 0.031250 0.863168
vt 0.054552 0.869853
vt 0.797917 0.760870
vt 0.053499 0.885877
vt 0.052386 0.890621
vt 0.796875 0.732799
vt 0.819178 0.717662
vt 0.032470 0.842614
vt 0.054664 0.857830
vt 0.796997 0.712209
vt 0.815694 0.706494
vt 0.054635 0.837254
vt 0.054684 0.846571
vt 0.797119 0.703558
vt 0.813644 0.700526
vt 0.035998 0.831468
vt 0.797873 0.697604
vt 0.514659 0.060626
vt 0.514577 0.066468
vt 0.492188 0.068785
vt 0.493652 0.060352
vt 0.496430 0.076585
vt 0.518704 0.074617
vt 0.516956 0.083289
vt 0.494479 0.084927
vt 0.498295 0.092860
vt 0.520664 0.091548
vt 0.518492 0.100135
vt 0.495977 0.101175
vt 0.499455 0.109242
vt 0.521886 0.108438
vt 0.519409 0.116934
vt 0.496887 0.117550
vt 0.500134 0.125715
vt 0.522599 0.125251
vt 0.519929 0.133676
vt 0.497411 0.134023
vt 0.500513 0.142252
vt 0.522996 0.141996
vt 0.520210 0.150374
vt 0.497698 0.150562
vt 0.500716 0.158830
vt 0.523208 0.158694
vt 0.520358 0.167043
vt 0.497850 0.167141
vt 0.500822 0.175432
vt 0.523318 0.175361
vt 0.520434 0.183694
vt 0.497929 0.183745
vt 0.500876 0.192047
vt 0.523375 0.192011
vt 0.520473 0.200335
vt 0.497969 0.200361
vt 0.500903 0.208670
vt 0.523404 0.208651
vt 0.520492 0.216971
vt 0.497990 0.216985
vt 0.500917 0.225296
vt 0.523418 0.225287
vt 0.520503 0.233605
vt 0.498000 0.233611
vt 0.500925 0.241925
vt 0.523426 0.241920
vt 0.520508 0.250237
vt 0.498006 0.250240
vt 0.500928 0.258554
vt 0.523430 0.258552
vt 0.520510 0.266868
vt 0.498009 0.266870
vt 0.500930 0.275184
vt 0.523432 0.275183
vt 0.520512 0.283499
vt 0.498010 0.283500
vt 0.500931 0.291815
vt 0.523433 0.291814
vt 0.520512 0.300129
vt 0.498011 0.300130
vt 0.500932 0.308445
vt 0.523433 0.308445
vt 0.520513 0.316760
vt 0.498011 0.316760
vt 0.500932 0.325075
vt 0.523434 0.325075
vt 0.520513 0.333391
vt 0.498011 0.333391
vt 0.500932 0.341706
vt 0.523434 0.341706
vt 0.520513 0.350021
vt 0.498011 0.350021
vt 0.500932 0.358336
vt 0.523434 0.358336
vt 0.520513 0.366652
vt 0.498011 0.366652
vt 0.500932 0.374967
vt 0.523434 0.374967
vt 0.520513 0.383282
vt 0.498011 0.383282
vt 0.500932 0.391597
vt 0.523433 0.391597
vt 0.520513 0.399913
vt 0.498011 0.399913
vt 0.500932 0.408228
vt 0.523433 0.408228
vt 0.520513 0.416543
vt 0.498011 0.416543
vt 0.500932 0.424858
vt 0.523433 0.424858
vt 0.520512 0.433174
vt 0.498011 0.433174
vt 0.500931 0.441489
vt 0.523433 0.441489
vt 0.520512 0.449804
vt 0.498011 0.449804
vt 0.500931 0.458119
vt 0.523433 0.458119
vt 0.520512 0.466435
vt 0.498010 0.466434
vt 0.500931 0.474750
vt 0.523433 0.474750
vt 0.520512 0.483065
vt 0.498010 0.483065
vt 0.500930 0.491380
vt 0.523432 0.491381
vt 0.520511 0.499696
vt 0.498009 0.499695
vt 0.500929 0.508010
vt 0.523431 0.508012
vt 0.520509 0.516327
vt 0.498007 0.516325
vt 0.500927 0.524640
vt 0.523428 0.524643
vt 0.520506 0.532959
vt 0.498004 0.532954
vt 0.500922 0.541269
vt 0.523423 0.541275
vt 0.520499 0.549591
vt 0.497997 0.549582
vt 0.500913 0.557897
vt 0.523414 0.557909
vt 0.520486 0.566224
vt 0.497984 0.566209
vt 0.500896 0.574524
vt 0.523396 0.574544
vt 0.520464 0.582860
vt 0.497960 0.582833
vt 0.500865 0.591148
vt 0.523365 0.591184
vt 0.520423 0.599499
vt 0.497919 0.599452
vt 0.500812 0.607767
vt 0.523311 0.607828
vt 0.520354 0.616143
vt 0.497849 0.616065
vt 0.500724 0.624381
vt 0.523220 0.624480
vt 0.520241 0.632794
vt 0.497734 0.632668
vt 0.500582 0.640987
vt 0.523075 0.641142
vt 0.520063 0.649453
vt 0.497554 0.649261
vt 0.500362 0.657582
vt 0.522852 0.657816
vt 0.519793 0.666121
vt 0.497283 0.665838
vt 0.500037 0.674165
vt 0.522522 0.674503
vt 0.519401 0.682800
vt 0.496891 0.682399
vt 0.499574 0.690734
vt 0.522052 0.691204
vt 0.518852 0.699489
vt 0.496344 0.698941
vt 0.498940 0.707287
vt 0.521409 0.707917
vt 0.518113 0.716184
vt 0.495610 0.715463
vt 0.498102 0.723823
vt 0.520559 0.724639
vt 0.517153 0.732885
vt 0.494655 0.731963
vt 0.497022 0.740341
vt 0.517897 0.738654
vt 0.799011 0.765621
vt 0.467474 0.773110
vt 0.469820 0.551563
vt 0.469833 0.563186
vt 0.335938 0.486721
vt 0.350614 0.478680
vt 0.343912 0.476562
vt 0.337145 0.478501
vt 0.351428 0.404851
vt 0.438052 0.132812
vt 0.452822 0.144582
vt 0.225041 0.623658
vt 0.288775 0.602089
vt 0.303324 0.640046
vt 0.148434 0.740633
vt 0.648438 0.834383
vt 0.648478 0.365896
vt 0.382608 0.272708
vt 0.381351 0.266964
vt 0.445085 0.288540
vt 0.519554 0.796857
vt 0.498563 0.760832
vt 0.519554 0.760750
vt 0.513278 0.750761
vt 0.503591 0.748942
vt 0.513522 0.748336
vt 0.503303 0.757857
vt 0.504031 0.755115
vt 0.514762 0.757764
vt 0.504234 0.751177
vt 0.502529 0.746023
vt 0.513923 0.745175
vt 0.518263 0.741502
vt 0.497379 0.743154
vt 0.260592 0.920243
vt 0.258069 0.918797
vt 0.413849 0.639623
vt 0.441571 0.773126
vt 0.192530 0.275781
vt 0.221692 0.250985
vt 0.226941 0.263648
vt 0.258550 0.869218
vt 0.258502 0.859375
vt 0.035624 0.050726
vt 0.032815 0.042427
vt 0.069534 0.034136
vt 0.076741 0.031250
vt 0.665661 0.851559
vt 0.678229 0.841329
vt 0.679684 0.837033
vt 0.677799 0.842535
vt 0.117188 0.743283
vt 0.119561 0.749892
vt 0.137422 0.751744
vt 0.052183 0.346827
vt 0.045870 0.191457
vt 0.395931 0.719723
vt 0.398270 0.728215
vt 0.401738 0.726216
vt 0.398271 0.732211
vt 0.275891 0.698501
vt 0.405207 0.728213
vt 0.405987 0.715563
vt 0.265625 0.764537
vt 0.401740 0.734208
vt 0.362314 0.859185
vt 0.312627 0.850253
vt 0.275305 0.834803
vt 0.266999 0.804192
vt 0.413169 0.859371
vt 0.413854 0.652674
vt 0.408602 0.665337
vt 0.348800 0.614835
vt 0.377964 0.652684
vt 0.318810 0.656444
vt 0.383225 0.665344
vt 0.385866 0.695499
vt 0.395915 0.670585
vt 0.395921 0.691340
vt 0.405980 0.695493
vt 0.443720 0.291780
vt 0.313828 0.112434
vt 0.320309 0.118253
vt 0.311217 0.117518
vt 0.313814 0.124056
vt 0.320294 0.129876
vt 0.313799 0.135678
vt 0.320279 0.141498
vt 0.313784 0.147300
vt 0.320264 0.153120
vt 0.313769 0.158923
vt 0.320249 0.164742
vt 0.313754 0.170545
vt 0.320234 0.176364
vt 0.313739 0.182167
vt 0.320219 0.187986
vt 0.313724 0.193789
vt 0.320205 0.199608
vt 0.313709 0.205411
vt 0.320190 0.211231
vt 0.313695 0.217033
vt 0.320175 0.222853
vt 0.313680 0.228656
vt 0.320160 0.234475
vt 0.313665 0.240278
vt 0.320145 0.246097
vt 0.313650 0.251900
vt 0.320130 0.257719
vt 0.313635 0.263522
vt 0.320115 0.269341
vt 0.313620 0.275144
vt 0.320100 0.280964
vt 0.313605 0.286766
vt 0.320086 0.292586
vt 0.313590 0.298389
vt 0.320071 0.304208
vt 0.313576 0.310011
vt 0.320056 0.315830
vt 0.313561 0.321633
vt 0.320041 0.327452
vt 0.313546 0.333255
vt 0.320026 0.339074
vt 0.313531 0.344877
vt 0.320011 0.350697
vt 0.313516 0.356499
vt 0.319996 0.362319
vt 0.313501 0.368122
vt 0.319981 0.373941
vt 0.313486 0.379744
vt 0.319967 0.385563
vt 0.313472 0.391366
vt 0.319952 0.397185
vt 0.313457 0.402988
vt 0.319937 0.408807
vt 0.313442 0.414610
vt 0.319922 0.420430
vt 0.313427 0.426232
vt 0.319907 0.432052
vt 0.313412 0.437855
vt 0.319892 0.443674
vt 0.313397 0.449477
vt 0.319877 0.455296
vt 0.313382 0.461099
vt 0.319863 0.466918
vt 0.313367 0.472721
vt 0.319848 0.478540
vt 0.313353 0.484343
vt 0.319833 0.490163
vt 0.313338 0.495965
vt 0.319818 0.501785
vt 0.313323 0.507588
vt 0.319803 0.513407
vt 0.313308 0.519210
vt 0.319788 0.525029
vt 0.313293 0.530832
vt 0.319773 0.536651
vt 0.313278 0.542454
vt 0.319758 0.548273
vt 0.313263 0.554076
vt 0.319744 0.559896
vt 0.313249 0.565698
vt 0.319729 0.571518
vt 0.313234 0.577321
vt 0.319714 0.583140
vt 0.313219 0.588943
vt 0.310613 0.590149
vt 0.309441 0.105430
vt 0.307407 0.108329
vt 0.306366 0.090719
vt 0.309457 0.095089
vt 0.298208 0.104543
vt 0.303730 0.085464
vt 0.290404 0.107784
vt 0.299132 0.075572
vt 0.734371 0.046797
vt 0.351559 0.320384
vt 0.099230 0.481591
vt 0.079674 0.804549
vt 0.285080 0.592889
vt 0.245479 0.164405
vt 0.239671 0.170897
vt 0.225443 0.185084
vt 0.111308 0.166696
vt 0.119633 0.192106
vt 0.245482 0.156412
vt 0.206071 0.031431
vt 0.109375 0.126068
vt 0.110753 0.086413
vt 0.156385 0.040357
vt 0.119062 0.055803
vt 0.256924 0.031250
vt 0.257580 0.250999
vt 0.257586 0.237949
vt 0.252336 0.225285
vt 0.226959 0.225275
vt 0.221698 0.237934
vt 0.162546 0.234168
vt 0.239650 0.220035
vt 0.229604 0.195120
vt 0.239658 0.199281
vt 0.249717 0.195128
vt 0.248950 0.158412
vt 0.287410 0.598849
vt 0.493377 0.041977
vt 0.338371 0.554569
vt 0.040556 0.820312
vt 0.796906 0.721532
vt 0.811177 0.695313
vt 0.446658 0.782841
vt 0.451907 0.834033
vt 0.454463 0.786083
vt 0.459982 0.805163
vt 0.455383 0.815054
vt 0.453743 0.847853
vt 0.466922 0.300482
vt 0.469806 0.539941
vt 0.469528 0.301689
vt 0.469535 0.307500
vt 0.476030 0.313303
vt 0.469549 0.319122
vt 0.469562 0.330744
vt 0.476043 0.324925
vt 0.476057 0.336547
vt 0.469576 0.342366
vt 0.476071 0.348169
vt 0.469589 0.353988
vt 0.476084 0.359792
vt 0.469603 0.365610
vt 0.476098 0.371414
vt 0.469617 0.377232
vt 0.476111 0.383036
vt 0.469630 0.388854
vt 0.476125 0.394658
vt 0.469644 0.400476
vt 0.476138 0.406280
vt 0.469657 0.412098
vt 0.476152 0.417902
vt 0.469671 0.423720
vt 0.476165 0.429524
vt 0.469684 0.435343
vt 0.476179 0.441146
vt 0.469698 0.446965
vt 0.476193 0.452768
vt 0.469711 0.458587
vt 0.476206 0.464390
vt 0.469725 0.470209
vt 0.476220 0.476012
vt 0.469739 0.481831
vt 0.476233 0.487634
vt 0.469752 0.493453
vt 0.476247 0.499257
vt 0.469766 0.505075
vt 0.476260 0.510879
vt 0.469779 0.516697
vt 0.476274 0.522501
vt 0.469793 0.528319
vt 0.476287 0.534123
vt 0.476301 0.545745
vt 0.476315 0.557367
vt 0.476328 0.568989
vt 0.469847 0.574808
vt 0.476342 0.580611
vt 0.469861 0.586430
vt 0.476355 0.592233
vt 0.469874 0.598052
vt 0.476369 0.603855
vt 0.469888 0.609674
vt 0.476382 0.615477
vt 0.469901 0.621296
vt 0.476396 0.627099
vt 0.469915 0.632918
vt 0.476409 0.638722
vt 0.469928 0.644540
vt 0.476423 0.650344
vt 0.469942 0.656162
vt 0.476437 0.661966
vt 0.469956 0.667784
vt 0.476450 0.673588
vt 0.469969 0.679406
vt 0.476464 0.685210
vt 0.469983 0.691028
vt 0.476477 0.696832
vt 0.469996 0.702650
vt 0.476491 0.708454
vt 0.470010 0.714273
vt 0.476504 0.720076
vt 0.470023 0.725895
vt 0.476518 0.731698
vt 0.470037 0.737517
vt 0.476532 0.743320
vt 0.470050 0.749139
vt 0.476545 0.754942
vt 0.470064 0.760761
vt 0.476559 0.766564
vt 0.470078 0.772383
vt 0.470084 0.778194
vt 0.465651 0.785197
vt 0.463661 0.782297
vt 0.465711 0.795539
vt 0.462619 0.799908
vt 0.453075 0.132872
vt 0.217154 0.607212
vt 0.226298 0.617914
vt 0.223843 0.611571
vt 0.298006 0.605824
vt 0.303073 0.603682
vt 0.217441 0.640621
vt 0.217368 0.630929
vt 0.221339 0.628293
vt 0.459639 0.250585
vt 0.459383 0.286948
vt 0.454317 0.284806
vt 0.373462 0.283408
vt 0.373678 0.259692
vt 0.373753 0.250000
vt 0.377650 0.262329
vt 0.380151 0.279050
vt 0.498563 0.796871
vt 0.513910 0.754908
vt 0.377960 0.639634
vt 0.383211 0.626971
vt 0.368656 0.566811
vt 0.395898 0.621723
vt 0.384220 0.500126
vt 0.408589 0.626964
vt 0.381660 0.422175
vt 0.376515 0.351582
vt 0.445307 0.782261
vt 0.289052 0.108364
vt 0.285316 0.117498
vt 0.220214 0.539038
vt 0.225368 0.468446
vt 0.252318 0.263659
vt 0.227936 0.390494
vt 0.212380 0.323807
vt 0.239627 0.268898
s 1
usemtl Sochete-1
f 1/1/1 3/2/2 7/3/3
f 407/4/4 7/3/3 3/2/2
f 4/5/5 8/6/6 6/7/7
f 6/7/7 391/8/8 392/9/9
f 1/1/1 2/10/10 3/2/2
f 410/11/11 407/4/4 3/2/2
f 4/5/5 6/7/7 5/12/12
f 6/7/7 396/13/13 5/12/12
f 7/3/3 415/14/14 1/1/1
f 7/3/3 422/15/15 420/16/16
f 1/1/1 414/17/17 399/18/18
f 4/5/5 10/19/19 8/6/6
f 10/19/19 390/20/20 8/6/6
f 4/5/5 9/21/21 10/19/19
f 9/21/21 394/22/22 10/19/19
f 5/12/12 1/1/1 4/5/5
f 396/13/13 2/10/10 5/12/12
f 1/1/1 399/18/18 401/23/23
f 11/24/24 17/25/25 13/26/26
f 17/25/25 416/27/27 13/26/26
f 14/28/28 16/29/29 18/30/30
f 16/29/29 387/31/31 388/32/32
f 11/24/24 13/26/26 12/33/33
f 412/34/34 411/35/34 13/26/26
f 14/28/28 15/36/35 16/29/29
f 16/29/29 395/37/36 387/31/31
f 418/38/37 17/25/25 11/24/24
f 17/25/25 423/39/38 424/40/39
f 11/24/24 400/41/40 417/42/41
f 14/28/28 18/30/30 20/43/42
f 20/43/42 389/44/43 393/45/44
f 14/28/28 20/43/42 19/46/45
f 19/46/45 393/45/44 398/47/46
f 11/24/24 15/36/35 14/28/28
f 12/33/33 395/37/36 15/36/35
f 404/48/47 11/24/24 14/28/28
f 23/49/48 35/50/49 32/51/50
f 22/52/51 37/53/52 35/50/49
f 25/54/53 36/55/54 37/53/52
f 23/49/48 31/56/55 21/57/56
f 26/58/57 36/55/54 24/59/58
f 41/60/59 81/61/60 82/62/61
f 39/63/62 409/64/63 408/65/64
f 67/66/65 86/67/66 59/68/67
f 57/69/68 73/70/69 67/66/65
f 58/71/70 74/72/71 57/69/68
f 58/71/70 76/73/72 75/74/73
f 61/75/74 77/76/75 76/73/72
f 60/77/76 78/78/77 77/76/75
f 63/79/78 79/80/79 78/78/77
f 56/81/80 80/82/81 79/80/79
f 65/83/82 81/61/60 80/82/81
f 62/84/83 82/62/61 81/61/60
f 70/85/84 83/86/85 87/87/86
f 66/88/87 83/86/85 68/89/88
f 64/90/89 84/91/90 66/88/87
f 59/68/91 85/92/92 64/90/89
f 27/93/93 87/87/86 72/94/94
f 69/95/95 89/96/96 71/97/97
f 28/98/98 89/96/96 82/62/61
f 88/99/99 69/100/100 169/101/99
f 119/102/101 118/103/102 72/94/94
f 74/72/71 50/104/103 73/70/69
f 73/70/69 51/105/104 86/67/66
f 75/74/73 49/106/105 74/72/71
f 47/107/106 75/74/73 76/73/72
f 77/76/75 47/107/106 76/73/72
f 46/108/107 78/78/77 45/109/108
f 78/78/77 44/110/109 45/109/108
f 79/80/79 43/111/110 44/110/109
f 42/112/111 80/82/81 81/61/60
f 40/113/112 82/62/61 89/96/96
f 54/114/113 84/91/90 53/115/114
f 54/114/113 87/87/86 83/86/85
f 85/92/92 53/115/114 84/91/90
f 51/105/115 85/92/92 86/67/116
f 88/116/117 55/117/118 39/118/119
f 180/119/120 98/120/121 179/121/121
f 183/122/122 99/123/120 180/119/120
f 40/124/123 408/65/64 405/125/124
f 94/126/125 92/127/125 48/128/125
f 38/129/126 113/130/125 93/131/125
f 116/132/127 409/64/63 115/133/128
f 114/134/129 116/132/130 115/133/130
f 135/135/131 198/136/132 201/137/132
f 189/138/133 111/139/134 192/140/134
f 190/141/135 110/142/136 191/143/137
f 193/144/138 109/145/135 190/141/135
f 194/146/139 108/147/133 189/148/133
f 191/143/137 113/149/140 194/146/139
f 188/150/141 106/151/142 187/152/143
f 172/153/120 90/154/121 171/155/121
f 173/156/144 94/157/145 175/158/145
f 186/159/146 107/160/141 188/150/141
f 186/159/146 101/161/147 105/162/146
f 181/163/144 101/161/147 182/164/147
f 179/165/121 100/166/144 181/163/144
f 185/167/148 103/168/149 184/169/149
f 174/170/150 91/171/120 172/153/120
f 177/172/148 93/173/150 174/170/150
f 176/174/143 96/175/148 177/172/148
f 175/158/145 97/176/141 178/177/141
f 183/122/122 103/168/149 102/178/122
f 178/177/141 95/179/143 176/174/143
f 192/140/134 112/180/138 193/144/138
f 33/181/150 34/182/150 26/58/150
f 114/183/151 55/184/152 21/57/56
f 169/101/99 55/184/152 88/99/99
f 132/185/153 23/49/48 129/186/154
f 134/187/155 22/52/51 132/185/153
f 133/188/156 25/54/53 134/187/155
f 128/189/157 23/49/48 21/57/56
f 133/188/156 26/58/57 24/59/58
f 138/190/158 162/191/159 139/192/160
f 136/193/161 412/194/162 196/195/163
f 167/196/164 67/66/65 59/68/67
f 154/197/165 57/69/68 67/66/65
f 155/198/166 58/71/70 57/69/68
f 58/71/70 157/199/167 61/75/74
f 61/75/74 158/200/168 60/77/76
f 60/77/76 159/201/169 63/79/78
f 63/79/78 160/202/170 56/81/80
f 56/81/80 161/203/171 65/83/82
f 65/83/82 162/191/159 62/84/83
f 62/84/83 163/204/172 28/98/98
f 70/85/84 164/205/173 68/89/88
f 164/205/173 66/88/87 68/89/88
f 165/206/174 64/90/89 66/88/87
f 166/207/175 59/68/91 64/90/89
f 27/93/93 168/208/176 70/85/84
f 170/209/177 69/95/95 71/97/97
f 28/98/98 170/209/177 71/97/97
f 115/133/130 39/63/130 55/210/129
f 200/211/178 198/212/179 135/213/180
f 155/198/166 147/214/181 146/215/182
f 154/197/165 148/216/183 147/214/181
f 156/217/184 146/215/182 145/218/185
f 144/219/186 156/217/184 145/218/185
f 158/200/168 144/219/186 143/220/187
f 143/220/187 159/201/169 158/200/168
f 159/201/169 141/221/188 160/202/170
f 160/202/170 140/222/189 161/203/171
f 161/203/171 139/192/160 162/191/159
f 163/204/172 137/223/190 170/209/177
f 165/206/174 151/224/191 150/225/192
f 151/224/191 168/208/176 135/213/180
f 166/207/175 150/225/192 149/226/193
f 148/216/194 166/207/175 149/226/193
f 136/227/195 169/228/196 170/209/177
f 137/229/197 411/230/198 136/193/161
f 192/231/199 193/232/199 173/233/199
f 174/234/199 172/235/199 191/236/199
f 412/194/162 197/237/200 196/195/163
f 152/238/201 136/193/202 196/195/202
f 127/239/203 30/240/204 220/241/205
f 195/242/201 152/238/201 196/195/202
f 196/195/202 197/237/202 195/242/201
f 55/210/129 114/134/129 115/133/130
f 30/240/206 125/243/206 205/244/206
f 209/245/207 118/246/208 208/247/207
f 210/248/209 209/245/207 208/247/207
f 206/249/210 211/250/209 210/248/209
f 212/251/211 207/252/210 206/249/210
f 214/253/212 213/254/211 212/251/211
f 219/255/213 217/256/207 218/257/213
f 219/255/213 215/258/212 214/253/212
f 205/259/214 217/256/207 216/260/207
f 122/261/215 205/262/216 216/263/217
f 211/264/218 198/265/219 200/266/220
f 117/267/221 210/268/222 119/269/223
f 207/270/224 201/271/225 198/265/219
f 120/272/226 206/273/227 117/267/221
f 209/274/228 211/264/218 200/266/220
f 119/269/223 208/275/229 118/276/230
f 213/277/231 202/278/232 201/271/225
f 121/279/233 212/280/234 120/272/226
f 202/278/232 218/281/235 204/282/236
f 121/279/233 219/283/237 214/284/238
f 204/282/236 217/285/239 203/286/240
f 123/287/241 216/263/217 219/283/237
f 125/288/242 203/286/240 217/285/239
f 221/289/243 127/239/203 220/241/205
s 0
f 226/290/244 225/291/244 222/292/244
f 228/293/245 225/291/245 226/290/245
f 224/294/246 228/293/246 226/290/246
f 224/294/247 232/295/247 228/293/247
f 232/295/244 231/296/244 228/293/244
f 227/297/245 231/296/245 232/295/245
f 230/298/246 227/297/246 232/295/246
f 230/298/247 233/299/247 227/297/247
f 233/299/244 234/300/244 227/297/244
f 236/301/245 234/300/245 233/299/245
f 223/302/246 236/301/246 233/299/246
f 223/302/247 240/303/247 236/301/247
f 240/303/244 239/304/244 236/301/244
f 235/305/245 239/304/245 240/303/245
f 238/306/246 235/305/246 240/303/246
f 238/306/247 241/307/247 235/305/247
f 241/307/244 243/308/244 235/305/244
f 246/309/245 243/308/245 241/307/245
f 242/310/246 246/309/246 241/307/246
f 242/310/247 249/311/247 246/309/247
f 249/311/244 248/312/244 246/309/244
f 245/313/245 248/312/245 249/311/245
f 247/314/246 245/313/246 249/311/246
f 247/314/247 250/315/247 245/313/247
f 250/315/244 251/316/244 245/313/244
f 252/317/245 251/316/245 250/315/245
f 229/318/246 252/317/246 250/315/246
f 229/318/247 256/319/247 252/317/247
f 256/319/244 255/320/244 252/317/244
f 244/321/245 255/320/245 256/319/245
f 254/322/246 244/321/246 256/319/246
f 254/322/247 257/323/247 244/321/247
f 257/323/244 259/324/244 244/321/244
f 262/325/245 259/324/245 257/323/245
f 258/326/246 262/325/246 257/323/246
f 258/326/247 266/327/247 262/325/247
f 266/327/244 265/328/244 262/325/244
f 261/329/245 265/328/245 266/327/245
f 264/330/246 261/329/246 266/327/246
f 264/330/247 267/331/247 261/329/247
f 267/331/244 268/332/244 261/329/244
f 270/333/245 268/332/245 267/331/245
f 237/334/246 270/333/246 267/331/246
f 237/334/247 273/335/247 270/333/247
f 273/335/244 272/336/244 270/333/244
f 269/337/245 272/336/245 273/335/245
f 271/338/246 269/337/246 273/335/246
f 271/338/247 274/339/247 269/337/247
f 274/339/244 276/340/244 269/337/244
f 278/341/245 276/340/245 274/339/245
f 275/342/246 278/341/246 274/339/246
f 275/342/247 281/343/247 278/341/247
f 281/343/244 280/344/244 278/341/244
f 277/345/245 280/344/245 281/343/245
f 279/346/246 277/345/246 281/343/246
f 279/346/247 282/347/247 277/345/247
f 282/347/244 283/348/244 277/345/244
f 284/349/245 283/348/245 282/347/245
f 263/350/246 284/349/246 282/347/246
f 263/350/247 288/351/247 284/349/247
f 288/351/244 287/352/244 284/349/244
f 260/353/245 287/352/245 288/351/245
f 286/354/246 260/353/246 288/351/246
f 286/354/247 289/355/247 260/353/247
f 289/355/244 291/356/244 260/353/244
f 293/357/245 291/356/245 289/355/245
f 290/358/246 293/357/246 289/355/246
f 290/358/247 297/359/247 293/357/247
f 297/359/244 296/360/244 293/357/244
f 292/361/245 296/360/245 297/359/245
f 295/362/246 292/361/246 297/359/246
f 295/362/247 298/363/247 292/361/247
f 298/363/244 299/364/244 292/361/244
f 301/365/245 299/364/245 298/363/245
f 253/366/246 301/365/246 298/363/246
f 253/366/247 305/367/247 301/365/247
f 305/367/244 304/368/244 301/365/244
f 300/369/245 304/368/245 305/367/245
f 303/370/246 300/369/246 305/367/246
f 303/370/247 306/371/247 300/369/247
f 306/371/244 308/372/244 300/369/244
f 311/373/245 308/372/245 306/371/245
f 307/374/246 311/373/246 306/371/246
f 307/374/247 314/375/247 311/373/247
f 314/375/244 313/376/244 311/373/244
f 310/377/245 313/376/245 314/375/245
f 312/378/246 310/377/246 314/375/246
f 312/378/247 315/379/247 310/377/247
f 315/379/244 316/380/244 310/377/244
f 317/381/245 316/380/245 315/379/245
f 294/382/246 317/381/246 315/379/246
f 294/382/247 320/383/247 317/381/247
f 320/383/244 319/384/244 317/381/244
f 309/385/245 319/384/245 320/383/245
f 318/386/246 309/385/246 320/383/246
f 318/386/247 321/387/247 309/385/247
f 321/387/244 323/388/244 309/385/244
f 325/389/245 323/388/245 321/387/245
f 322/390/246 325/389/246 321/387/246
f 322/390/247 329/391/247 325/389/247
f 329/391/244 328/392/244 325/389/244
f 324/393/245 328/392/245 329/391/245
f 327/394/246 324/393/246 329/391/246
f 327/394/247 330/395/247 324/393/247
f 330/395/244 331/396/244 324/393/244
f 333/397/245 331/396/245 330/395/245
f 302/398/246 333/397/246 330/395/246
f 302/398/247 336/399/247 333/397/247
f 336/399/244 335/400/244 333/397/244
f 332/401/245 335/400/245 336/399/245
f 334/402/246 332/401/246 336/399/246
f 334/402/247 337/403/247 332/401/247
f 337/403/244 339/404/244 332/401/244
f 341/405/245 339/404/245 337/403/245
f 338/406/246 341/405/246 337/403/246
f 338/406/247 344/407/247 341/405/247
f 344/407/244 343/408/244 341/405/244
f 340/409/245 343/408/245 344/407/245
f 342/410/246 340/409/246 344/407/246
f 342/410/247 345/411/247 340/409/247
f 345/411/244 346/412/244 340/409/244
f 347/413/245 346/412/245 345/411/245
f 326/414/246 347/413/246 345/411/246
f 326/414/247 351/415/247 347/413/247
f 351/415/244 350/416/244 347/413/244
f 348/417/245 350/416/245 351/415/245
f 349/418/246 348/417/246 351/415/246
f 349/418/247 352/419/247 348/417/247
f 352/419/244 354/420/244 348/417/244
f 356/421/245 354/420/245 352/419/245
f 353/422/246 356/421/246 352/419/246
f 353/422/247 360/423/247 356/421/247
f 360/423/244 359/424/244 356/421/244
f 355/425/245 359/424/245 360/423/245
f 358/426/246 355/425/246 360/423/246
f 358/426/247 361/427/247 355/425/247
f 361/427/244 362/428/244 355/425/244
f 364/429/245 362/428/245 361/427/245
f 285/430/246 364/429/246 361/427/246
f 285/430/247 367/431/247 364/429/247
f 367/431/244 366/432/244 364/429/244
f 363/433/245 366/432/245 367/431/245
f 365/434/246 363/433/246 367/431/246
f 365/434/247 368/435/247 363/433/247
f 368/435/244 370/436/244 363/433/244
f 373/437/245 370/436/245 368/435/245
f 369/438/246 373/437/246 368/435/246
f 369/438/247 376/439/247 373/437/247
f 376/439/244 375/440/244 373/437/244
f 372/441/245 375/440/245 376/439/245
f 374/442/246 372/441/246 376/439/246
f 374/442/247 377/443/247 372/441/247
f 377/443/244 378/444/244 372/441/244
f 379/445/245 378/444/245 377/443/245
f 357/446/246 379/445/246 377/443/246
f 357/446/247 382/447/247 379/445/247
f 382/447/244 381/448/244 379/445/244
f 371/449/245 381/448/245 382/447/245
f 380/450/246 371/449/246 382/447/246
f 380/450/247 383/451/247 371/449/247
f 383/451/244 385/452/244 371/449/244
s 1
f 386/453/248 385/452/245 383/451/249
f 384/454/250 386/453/248 383/451/249
s 0
f 221/289/145 226/290/145 222/292/145
s 1
f 119/269/223 210/268/222 208/275/229
f 199/455/251 209/274/228 200/266/220
f 397/456/252 305/457/253 298/458/253
f 199/459/208 72/460/208 118/246/208
f 27/461/208 72/460/208 153/462/208
f 187/152/143 104/463/148 185/167/148
f 171/464/121 92/465/144 173/156/144
f 134/466/254 416/467/254 124/468/254
f 19/46/45 403/469/255 404/48/47
f 9/21/21 406/470/256 397/471/257
f 35/472/258 37/473/258 407/474/258
f 29/475/145 423/476/145 422/477/145
f 414/478/259 400/479/260 399/480/260
f 419/481/145 422/477/145 423/476/145
f 418/482/145 420/483/145 419/481/145
f 414/478/259 418/482/145 417/484/259
f 399/480/260 404/485/260 401/486/260
f 406/487/260 404/485/260 403/488/260
f 406/487/260 386/453/248 384/454/250
f 18/30/30 388/32/32 389/44/43
f 8/6/6 391/8/8 6/7/7
f 55/184/152 152/489/261 21/57/56
f 152/489/261 195/490/262 21/57/56
f 195/490/262 128/189/157 21/57/56
f 21/57/56 31/56/55 114/183/151
f 103/491/125 396/492/125 38/129/126
f 142/493/199 186/494/199 188/495/199
f 26/58/150 131/496/150 130/497/150
f 130/497/150 33/181/150 26/58/150
f 1/1/1 415/14/14 414/17/17
f 418/38/37 11/24/24 417/42/41
f 72/94/94 87/87/86 119/102/101
f 87/87/86 38/498/263 119/102/101
f 38/498/263 117/499/102 119/102/101
f 135/213/180 168/208/176 200/211/178
f 168/208/176 153/500/264 200/211/178
f 153/500/264 199/501/179 200/211/178
f 407/4/4 421/502/265 7/3/3
f 3/2/2 2/10/10 408/503/11
f 2/10/10 405/504/266 408/503/11
f 408/503/11 409/505/11 3/2/2
f 409/505/11 410/11/11 3/2/2
f 6/7/7 392/9/9 396/13/13
f 7/3/3 420/16/16 415/14/14
f 7/3/3 421/502/265 422/15/15
f 10/19/19 394/22/22 390/20/20
f 9/21/21 397/471/257 394/22/22
f 5/12/12 2/10/10 1/1/1
f 396/13/13 405/504/266 2/10/10
f 401/23/23 9/21/21 4/5/5
f 4/5/5 1/1/1 401/23/23
f 17/25/25 424/40/39 416/27/27
f 402/506/267 12/33/33 411/35/34
f 12/33/33 13/26/26 411/35/34
f 13/26/26 416/27/27 413/507/34
f 413/507/34 412/34/34 13/26/26
f 16/29/29 15/36/35 395/37/36
f 418/38/37 419/508/268 17/25/25
f 17/25/25 419/508/268 423/39/38
f 20/43/42 18/30/30 389/44/43
f 19/46/45 20/43/42 393/45/44
f 11/24/24 12/33/33 15/36/35
f 12/33/33 402/506/267 395/37/36
f 14/28/28 19/46/45 404/48/47
f 404/48/47 400/41/40 11/24/24
f 23/49/48 22/52/51 35/50/49
f 22/52/51 25/54/53 37/53/52
f 25/54/53 24/59/58 36/55/54
f 23/49/48 32/51/50 31/56/55
f 26/58/57 34/182/269 36/55/54
f 41/60/59 42/112/111 81/61/60
f 39/63/62 115/133/128 409/64/63
f 67/66/65 73/70/69 86/67/66
f 57/69/68 74/72/71 73/70/69
f 58/71/70 75/74/73 74/72/71
f 58/71/70 61/75/74 76/73/72
f 61/75/74 60/77/76 77/76/75
f 60/77/76 63/79/78 78/78/77
f 63/79/78 56/81/80 79/80/79
f 56/81/80 65/83/82 80/82/81
f 65/83/82 62/84/83 81/61/60
f 62/84/83 28/98/98 82/62/61
f 70/85/84 68/89/88 83/86/85
f 66/88/87 84/91/90 83/86/85
f 64/90/89 85/92/92 84/91/90
f 59/68/91 86/67/116 85/92/92
f 27/93/93 70/85/84 87/87/86
f 69/95/95 88/116/117 89/96/96
f 28/98/98 71/97/97 89/96/96
f 74/72/71 49/106/105 50/104/103
f 73/70/69 50/104/103 51/105/104
f 75/74/73 48/509/270 49/106/105
f 47/107/106 48/509/270 75/74/73
f 77/76/75 46/108/107 47/107/106
f 46/108/107 77/76/75 78/78/77
f 78/78/77 79/80/79 44/110/109
f 79/80/79 80/82/81 43/111/110
f 42/112/111 43/111/110 80/82/81
f 40/113/112 41/60/59 82/62/61
f 54/114/113 83/86/85 84/91/90
f 54/114/113 38/498/263 87/87/86
f 85/92/92 52/510/271 53/115/114
f 51/105/115 52/510/271 85/92/92
f 39/118/119 40/113/112 89/96/96
f 89/96/96 88/116/117 39/118/119
f 180/119/120 99/123/120 98/120/121
f 183/122/122 102/178/122 99/123/120
f 40/124/123 39/63/62 408/65/64
f 92/127/125 90/511/125 112/512/125
f 90/511/125 109/513/125 112/512/125
f 112/512/125 111/514/125 92/127/125
f 111/514/125 48/128/125 92/127/125
f 47/515/125 94/126/125 48/128/125
f 110/516/125 109/513/125 91/517/125
f 109/513/125 90/511/125 91/517/125
f 113/130/125 110/516/125 93/131/125
f 110/516/125 91/517/125 93/131/125
f 48/128/125 111/514/125 49/518/125
f 111/514/125 108/519/125 53/520/125
f 49/518/125 111/514/125 52/521/272
f 52/521/272 111/514/125 53/520/125
f 51/522/125 50/523/272 52/521/272
f 50/523/272 49/518/125 52/521/272
f 53/520/125 108/519/125 54/524/125
f 38/129/126 54/524/125 108/519/125
f 38/129/126 108/519/125 113/130/125
f 102/525/125 103/491/125 38/129/126
f 99/526/125 102/525/125 93/131/125
f 102/525/125 38/129/126 93/131/125
f 45/527/125 101/528/125 46/529/125
f 101/528/125 100/530/125 46/529/125
f 94/126/125 47/515/125 46/529/125
f 46/529/125 100/530/125 97/531/125
f 100/530/125 98/532/125 97/531/125
f 97/531/125 98/532/125 95/533/125
f 97/531/125 94/126/125 46/529/125
f 96/534/125 95/533/125 98/532/125
f 93/131/125 96/534/125 99/526/125
f 96/534/125 98/532/125 99/526/125
f 116/132/127 410/535/273 409/64/63
f 222/536/274 225/537/275 398/538/276
f 225/537/275 228/539/275 398/538/276
f 228/539/275 231/540/275 227/541/275
f 227/541/275 234/542/275 236/543/275
f 236/543/275 239/544/275 235/545/275
f 235/545/275 243/546/275 246/547/275
f 246/547/275 248/548/275 245/549/275
f 245/549/275 251/550/275 252/551/275
f 252/551/275 255/552/275 244/553/275
f 244/553/275 259/554/275 262/555/275
f 262/555/275 265/556/275 261/557/275
f 261/557/275 268/558/275 270/559/275
f 270/559/275 272/560/275 269/561/275
f 269/561/275 276/562/275 278/563/275
f 278/563/275 280/564/275 277/565/275
f 277/565/275 283/566/275 284/567/275
f 284/567/275 287/568/275 260/569/275
f 260/569/275 291/570/275 293/571/275
f 293/571/275 296/572/275 292/573/275
f 292/573/275 299/574/275 301/575/275
f 301/575/275 304/576/275 300/577/275
f 300/577/275 308/578/275 311/579/275
f 311/579/275 313/580/275 310/581/275
f 310/581/275 316/582/275 317/583/275
f 317/583/275 319/584/275 309/585/275
f 309/585/275 323/586/275 325/587/275
f 325/587/275 328/588/275 324/589/275
f 324/589/275 331/590/275 333/591/275
f 333/591/275 335/592/275 332/593/275
f 332/593/275 339/594/275 341/595/275
f 341/595/275 343/596/275 340/597/275
f 340/597/275 346/598/275 347/599/275
f 347/599/275 350/600/275 348/601/275
f 348/601/275 354/602/275 356/603/275
f 356/603/275 359/604/275 355/605/275
f 355/605/275 362/606/275 364/607/275
f 364/607/275 366/608/275 363/609/275
f 363/609/275 370/610/275 373/611/275
f 373/611/275 375/612/275 372/613/275
f 372/613/275 378/614/275 379/615/275
f 379/615/275 381/616/275 371/617/275
f 371/617/275 385/618/275 386/619/275
f 386/619/275 403/620/275 371/617/275
f 403/620/275 398/538/276 311/579/275
f 371/617/275 403/620/275 379/615/275
f 379/615/275 403/620/275 372/613/275
f 372/613/275 403/620/275 373/611/275
f 373/611/275 403/620/275 363/609/275
f 363/609/275 403/620/275 364/607/275
f 364/607/275 403/620/275 355/605/275
f 355/605/275 403/620/275 356/603/275
f 356/603/275 403/620/275 348/601/275
f 348/601/275 403/620/275 347/599/275
f 347/599/275 403/620/275 340/597/275
f 340/597/275 403/620/275 341/595/275
f 341/595/275 403/620/275 332/593/275
f 332/593/275 403/620/275 333/591/275
f 333/591/275 403/620/275 324/589/275
f 324/589/275 403/620/275 325/587/275
f 325/587/275 403/620/275 309/585/275
f 309/585/275 403/620/275 317/583/275
f 317/583/275 403/620/275 310/581/275
f 310/581/275 403/620/275 311/579/275
f 300/577/275 311/579/275 398/538/276
f 301/575/275 300/577/275 398/538/276
f 292/573/275 301/575/275 398/538/276
f 293/571/275 292/573/275 398/538/276
f 260/569/275 293/571/275 398/538/276
f 284/567/275 260/569/275 398/538/276
f 277/565/275 284/567/275 398/538/276
f 278/563/275 277/565/275 398/538/276
f 269/561/275 278/563/275 398/538/276
f 270/559/275 269/561/275 398/538/276
f 261/557/275 270/559/275 398/538/276
f 262/555/275 261/557/275 398/538/276
f 244/553/275 262/555/275 398/538/276
f 252/551/275 244/553/275 398/538/276
f 245/549/275 252/551/275 398/538/276
f 246/547/275 245/549/275 398/538/276
f 235/545/275 246/547/275 398/538/276
f 236/543/275 235/545/275 398/538/276
f 227/541/275 236/543/275 398/538/276
f 127/621/132 222/536/274 393/622/132
f 228/539/275 227/541/275 398/538/276
f 222/536/274 398/538/276 393/622/132
f 203/623/132 126/624/132 389/625/132
f 126/624/132 127/621/132 389/625/132
f 204/626/132 203/623/132 389/625/132
f 389/625/132 388/627/277 204/626/132
f 388/627/277 135/135/131 201/137/132
f 202/628/132 388/627/277 201/137/132
f 127/621/132 393/622/132 389/625/132
f 202/628/132 204/626/132 388/627/277
f 189/138/133 108/629/133 111/139/134
f 190/141/135 109/145/135 110/142/136
f 193/144/138 112/180/138 109/145/135
f 194/146/139 113/149/140 108/147/133
f 191/143/137 110/142/136 113/149/140
f 188/150/141 107/160/141 106/151/142
f 172/153/120 91/171/120 90/154/121
f 173/156/144 92/465/144 94/157/145
f 186/159/146 105/162/146 107/160/141
f 186/159/146 182/164/147 101/161/147
f 181/163/144 100/166/144 101/161/147
f 179/165/121 98/630/121 100/166/144
f 185/167/148 104/463/148 103/168/149
f 174/170/150 93/173/150 91/171/120
f 177/172/148 96/175/148 93/173/150
f 176/174/143 95/179/143 96/175/148
f 175/158/145 94/157/145 97/176/141
f 183/122/122 184/169/149 103/168/149
f 178/177/141 97/176/141 95/179/143
f 192/140/134 111/139/134 112/180/138
f 169/101/99 152/489/261 55/184/152
f 132/185/153 22/52/51 23/49/48
f 134/187/155 25/54/53 22/52/51
f 133/188/156 24/59/58 25/54/53
f 128/189/157 129/186/154 23/49/48
f 133/188/156 131/496/278 26/58/57
f 138/190/158 163/204/172 162/191/159
f 136/193/161 411/230/198 412/194/162
f 167/196/164 154/197/165 67/66/65
f 154/197/165 155/198/166 57/69/68
f 155/198/166 156/217/184 58/71/70
f 58/71/70 156/217/184 157/199/167
f 61/75/74 157/199/167 158/200/168
f 60/77/76 158/200/168 159/201/169
f 63/79/78 159/201/169 160/202/170
f 56/81/80 160/202/170 161/203/171
f 65/83/82 161/203/171 162/191/159
f 62/84/83 162/191/159 163/204/172
f 70/85/84 168/208/176 164/205/173
f 164/205/173 165/206/174 66/88/87
f 165/206/174 166/207/175 64/90/89
f 166/207/175 167/196/279 59/68/91
f 27/93/93 153/500/264 168/208/176
f 170/209/177 169/228/196 69/95/95
f 28/98/98 163/204/172 170/209/177
f 155/198/166 154/197/165 147/214/181
f 154/197/165 167/196/164 148/216/183
f 156/217/184 155/198/166 146/215/182
f 144/219/186 157/199/167 156/217/184
f 158/200/168 157/199/167 144/219/186
f 143/220/187 142/631/280 159/201/169
f 159/201/169 142/631/280 141/221/188
f 160/202/170 141/221/188 140/222/189
f 161/203/171 140/222/189 139/192/160
f 163/204/172 138/190/158 137/223/190
f 165/206/174 164/205/173 151/224/191
f 151/224/191 164/205/173 168/208/176
f 166/207/175 165/206/174 150/225/192
f 148/216/194 167/196/279 166/207/175
f 170/209/177 137/223/190 136/227/195
f 136/227/195 152/632/281 169/228/196
f 137/229/197 402/633/282 411/230/198
f 190/634/199 171/635/199 193/232/199
f 171/635/199 173/233/199 193/232/199
f 173/233/199 175/636/199 145/637/199
f 175/636/199 144/638/199 145/637/199
f 145/637/199 192/231/199 173/233/199
f 189/639/199 192/231/199 150/640/199
f 192/231/199 145/637/199 146/641/199
f 146/641/199 147/642/283 149/643/283
f 192/231/199 149/643/283 150/640/199
f 147/642/283 148/644/199 149/643/283
f 150/640/199 151/645/199 189/639/199
f 135/135/131 184/646/199 183/647/199
f 135/135/131 183/647/199 174/234/199
f 183/647/199 180/648/199 174/234/199
f 151/645/199 135/135/131 189/639/199
f 149/643/283 192/231/199 146/641/199
f 181/649/199 182/650/199 143/651/199
f 182/650/199 142/493/199 143/651/199
f 143/651/199 144/638/199 175/636/199
f 179/652/199 181/649/199 178/653/199
f 181/649/199 143/651/199 178/653/199
f 179/652/199 178/653/199 176/654/199
f 143/651/199 175/636/199 178/653/199
f 179/652/199 176/654/199 177/655/199
f 194/656/199 189/639/199 135/135/131
f 180/648/199 179/652/199 177/655/199
f 180/648/199 177/655/199 174/234/199
f 191/236/199 194/656/199 174/234/199
f 194/656/199 135/135/131 174/234/199
f 171/635/199 190/634/199 172/235/199
f 190/634/199 191/236/199 172/235/199
f 412/194/162 413/657/284 197/237/200
f 127/239/203 126/658/285 30/240/204
f 30/240/206 126/658/206 125/243/206
f 209/245/207 199/459/208 118/246/208
f 210/248/209 211/250/209 209/245/207
f 206/249/210 207/252/210 211/250/209
f 212/251/211 213/254/211 207/252/210
f 214/253/212 215/258/212 213/254/211
f 219/255/213 216/260/207 217/256/207
f 219/255/213 218/257/213 215/258/212
f 205/259/214 125/659/214 217/256/207
f 122/261/215 30/660/216 205/262/216
f 211/264/218 207/270/224 198/265/219
f 117/267/221 206/273/227 210/268/222
f 207/270/224 213/277/231 201/271/225
f 120/272/226 212/280/234 206/273/227
f 213/277/231 215/661/286 202/278/232
f 121/279/233 214/284/238 212/280/234
f 202/278/232 215/661/286 218/281/235
f 121/279/233 123/287/241 219/283/237
f 204/282/236 218/281/235 217/285/239
f 123/287/241 122/261/215 216/263/217
f 125/288/242 126/662/242 203/286/240
f 221/289/243 222/292/243 127/239/203
f 38/129/126 391/663/287 120/664/288
f 391/663/287 390/665/289 123/666/289
f 121/667/289 391/663/287 123/666/289
f 120/664/288 117/668/289 38/129/126
f 121/667/289 120/664/288 391/663/287
f 397/456/252 406/669/252 306/670/253
f 406/669/252 384/671/253 383/672/253
f 383/672/253 380/673/253 382/674/253
f 406/669/252 383/672/253 382/674/253
f 406/669/252 382/674/253 377/675/253
f 382/674/253 357/676/253 377/675/253
f 377/675/253 374/677/253 376/678/253
f 376/678/253 369/679/253 368/680/253
f 368/680/253 365/681/253 367/682/253
f 367/682/253 285/683/253 361/684/253
f 361/684/253 358/685/253 360/686/253
f 360/686/253 353/687/253 352/688/253
f 352/688/253 349/689/253 351/690/253
f 351/690/253 326/691/253 345/692/253
f 345/692/253 342/693/253 344/694/253
f 344/694/253 338/695/253 337/696/253
f 337/696/253 334/697/253 336/698/253
f 336/698/253 302/699/253 330/700/253
f 330/700/253 327/701/253 329/702/253
f 329/702/253 322/703/253 321/704/253
f 321/704/253 318/705/253 320/706/253
f 320/706/253 294/707/253 315/708/253
f 315/708/253 312/709/253 314/710/253
f 314/710/253 307/711/253 306/670/253
f 306/670/253 303/712/253 305/457/253
f 305/457/253 253/713/253 298/458/253
f 298/458/253 295/714/253 297/715/253
f 297/715/253 290/716/253 289/717/253
f 289/717/253 286/718/253 288/719/253
f 288/719/253 263/720/253 282/721/253
f 282/721/253 279/722/253 281/723/253
f 281/723/253 275/724/253 274/725/253
f 274/725/253 271/726/253 273/727/253
f 273/727/253 237/728/253 267/729/253
f 267/729/253 264/730/253 266/731/253
f 266/731/253 258/732/253 257/733/253
f 257/733/253 254/734/253 256/735/253
f 256/735/253 229/736/253 250/737/253
f 250/737/253 247/738/253 249/739/253
f 249/739/253 242/740/253 241/741/253
f 241/741/253 238/742/253 240/743/253
f 240/743/253 223/744/253 233/745/253
f 233/745/253 230/746/253 232/747/253
f 232/747/253 224/748/253 226/749/253
f 226/749/253 221/750/253 397/456/252
f 221/750/290 220/751/289 394/752/289
f 397/456/291 221/750/290 394/752/289
f 220/751/289 30/753/289 390/665/289
f 30/753/289 122/754/289 390/665/289
f 122/754/289 123/666/289 390/665/289
f 232/747/253 226/749/253 397/456/252
f 390/665/289 394/752/289 220/751/289
f 406/669/252 377/675/253 376/678/253
f 406/669/252 376/678/253 368/680/253
f 406/669/252 368/680/253 367/682/253
f 233/745/253 232/747/253 397/456/252
f 406/669/252 367/682/253 361/684/253
f 406/669/252 361/684/253 360/686/253
f 240/743/253 233/745/253 397/456/252
f 241/741/253 240/743/253 397/456/252
f 406/669/252 360/686/253 352/688/253
f 406/669/252 352/688/253 351/690/253
f 249/739/253 241/741/253 397/456/252
f 250/737/253 249/739/253 397/456/252
f 406/669/252 351/690/253 345/692/253
f 406/669/252 345/692/253 344/694/253
f 256/735/253 250/737/253 397/456/252
f 257/733/253 256/735/253 397/456/252
f 406/669/252 344/694/253 337/696/253
f 406/669/252 337/696/253 336/698/253
f 266/731/253 257/733/253 397/456/252
f 267/729/253 266/731/253 397/456/252
f 406/669/252 336/698/253 330/700/253
f 406/669/252 330/700/253 329/702/253
f 273/727/253 267/729/253 397/456/252
f 274/725/253 273/727/253 397/456/252
f 406/669/252 329/702/253 321/704/253
f 406/669/252 321/704/253 320/706/253
f 281/723/253 274/725/253 397/456/252
f 282/721/253 281/723/253 397/456/252
f 406/669/252 320/706/253 315/708/253
f 406/669/252 315/708/253 314/710/253
f 288/719/253 282/721/253 397/456/252
f 289/717/253 288/719/253 397/456/252
f 406/669/252 314/710/253 306/670/253
f 297/715/253 289/717/253 397/456/252
f 298/458/253 297/715/253 397/456/252
f 397/456/252 306/670/253 305/457/253
f 199/459/208 153/462/208 72/460/208
f 187/152/143 106/151/142 104/463/148
f 171/464/121 90/755/121 92/465/144
f 197/237/292 413/657/293 128/756/293
f 413/657/293 416/467/254 132/757/254
f 128/756/293 413/657/293 129/758/254
f 424/759/254 423/760/254 124/468/254
f 416/467/254 424/759/254 124/468/254
f 128/756/293 195/242/293 197/237/292
f 129/758/254 413/657/293 132/757/254
f 124/468/254 130/761/254 134/466/254
f 130/761/254 131/762/254 133/763/254
f 130/761/254 133/763/254 134/466/254
f 132/757/254 416/467/254 134/466/254
f 19/46/45 398/47/46 403/469/255
f 9/21/21 401/23/23 406/470/256
f 29/764/258 422/765/258 421/766/258
f 407/474/258 410/535/294 35/472/258
f 410/535/294 116/132/294 31/767/294
f 29/764/258 421/766/258 407/474/258
f 34/768/258 33/769/258 36/770/258
f 33/769/258 29/764/258 37/473/258
f 36/770/258 33/769/258 37/473/258
f 410/535/294 31/767/294 32/771/258
f 116/132/294 114/134/294 31/767/294
f 29/764/258 407/474/258 37/473/258
f 410/535/294 32/771/258 35/472/258
f 29/475/145 124/772/145 423/476/145
f 414/478/259 417/484/259 400/479/260
f 419/481/145 420/483/145 422/477/145
f 418/482/145 415/773/145 420/483/145
f 414/478/259 415/773/145 418/482/145
f 399/480/260 400/479/260 404/485/260
f 406/487/260 401/486/260 404/485/260
f 406/487/260 403/488/260 386/453/248
f 18/30/30 16/29/29 388/32/32
f 8/6/6 390/20/20 391/8/8
f 105/774/125 101/528/125 45/527/125
f 105/774/125 45/527/125 107/775/125
f 45/527/125 44/776/125 107/775/125
f 107/775/125 44/776/125 106/777/125
f 44/776/125 43/778/125 104/779/125
f 106/777/125 44/776/125 104/779/125
f 43/778/125 42/780/123 405/125/124
f 104/779/125 43/778/125 103/491/125
f 41/781/295 40/124/123 405/125/124
f 43/778/125 405/125/124 103/491/125
f 42/780/123 41/781/295 405/125/124
f 405/125/124 396/492/125 103/491/125
f 392/782/125 391/663/287 38/129/126
f 396/492/125 392/782/125 38/129/126
f 135/135/131 388/627/277 387/783/199
f 135/135/131 387/783/199 395/784/199
f 184/646/199 135/135/131 395/784/199
f 402/633/282 137/229/197 138/785/296
f 402/633/282 138/785/296 139/786/297
f 184/646/199 395/784/199 402/633/282
f 185/787/199 184/646/199 140/788/199
f 184/646/199 402/633/282 140/788/199
f 402/633/282 139/786/297 140/788/199
f 141/789/199 142/493/199 188/495/199
f 142/493/199 182/650/199 186/494/199
f 140/788/199 141/789/199 185/787/199
f 187/790/199 185/787/199 141/789/199
f 188/495/199 187/790/199 141/789/199
o Grip_low
v -0.030311 -0.285634 0.047010
v -0.040030 -0.283845 0.037095
v -0.037183 -0.284369 0.044085
v -0.022626 -0.106231 0.032035
v -0.012779 -0.105688 0.041883
v -0.019742 -0.106072 0.039005
v -0.020708 -0.169140 0.033828
v -0.010839 -0.169314 0.043696
v -0.017817 -0.169191 0.040803
v -0.014391 -0.223284 0.045233
v -0.024169 -0.221729 0.035326
v -0.021305 -0.222184 0.042313
v -0.032332 -0.303238 0.047511
v -0.042256 -0.303238 0.037648
v -0.039349 -0.303238 0.044622
v 0.063843 -0.317642 0.047922
v 0.064139 -0.322631 0.043064
v -0.003966 -0.317645 0.028774
v 0.068851 -0.317640 0.042920
v 0.001491 -0.317645 0.034230
v 0.021253 -0.317645 0.039525
v 0.046257 -0.015411 0.039353
v 0.041016 -0.317645 0.034230
v 0.051252 -0.015178 0.034344
v -0.029117 -0.322631 0.043064
v -0.030679 -0.317642 0.047922
v -0.035030 -0.322631 0.037200
v -0.040602 -0.317645 0.038058
v -0.033305 -0.322631 0.041340
v -0.037696 -0.317643 0.045033
v -0.025092 -0.013752 0.028454
v -0.029688 -0.018971 0.029591
v -0.019246 -0.013478 0.034298
v -0.019835 -0.018509 0.039441
v -0.026802 -0.018836 0.036562
v 0.042755 -0.076004 0.044719
v 0.042213 -0.066937 0.044460
v 0.041310 -0.051824 0.044030
v 0.040767 -0.042757 0.043772
v 0.039867 -0.027644 0.043341
v 0.054150 -0.293650 0.050919
v 0.039325 -0.018577 0.043083
v 0.043648 -0.091118 0.045149
v 0.044186 -0.100185 0.045408
v 0.045080 -0.115299 0.045838
v 0.045619 -0.124366 0.046096
v 0.046511 -0.139423 0.046525
v 0.047048 -0.148490 0.046784
v 0.047945 -0.163662 0.047216
v 0.048489 -0.172730 0.047474
v 0.049387 -0.187844 0.047905
v 0.049897 -0.196913 0.048163
v 0.050683 -0.212030 0.048594
v 0.051110 -0.221100 0.048852
v 0.051815 -0.236216 0.049283
v 0.052187 -0.245286 0.049541
v 0.052818 -0.260401 0.049972
v 0.053165 -0.269468 0.050230
v 0.053798 -0.284583 0.050661
v -0.000039 -0.212901 0.048619
v -0.010883 -0.054103 0.044095
v 0.000497 -0.197876 0.048191
v -0.011658 -0.045126 0.043839
v 0.000158 -0.188880 0.047934
v -0.012949 -0.030166 0.043413
v -0.013880 -0.293907 0.050927
v -0.001073 -0.173898 0.047508
v -0.013720 -0.021191 0.043157
v -0.001870 -0.164907 0.047252
v -0.003066 -0.149868 0.046823
v -0.003764 -0.140880 0.046567
v -0.012106 -0.284921 0.050671
v -0.004967 -0.125961 0.046142
v -0.009085 -0.269937 0.050244
v -0.005692 -0.116975 0.045886
v -0.007233 -0.260948 0.049988
v -0.006890 -0.102000 0.045459
v -0.004194 -0.245951 0.049560
v -0.007604 -0.093016 0.045203
v -0.002683 -0.236940 0.049304
v -0.008831 -0.078047 0.044777
v -0.000820 -0.221921 0.048876
v -0.009590 -0.069066 0.044521
v 0.044012 -0.076459 0.041050
v 0.043415 -0.066382 0.040763
v 0.042583 -0.052273 0.040361
v 0.041985 -0.042197 0.040074
v 0.041155 -0.028088 0.039672
v 0.055791 -0.294148 0.047252
v 0.040558 -0.018011 0.039385
v 0.044838 -0.090569 0.041452
v 0.045432 -0.100645 0.041739
v 0.046259 -0.114755 0.042141
v 0.046854 -0.124832 0.042429
v 0.047679 -0.138903 0.042829
v 0.048272 -0.148980 0.043116
v 0.049101 -0.163129 0.043520
v 0.049699 -0.173206 0.043807
v 0.050530 -0.187316 0.044209
v 0.051102 -0.197393 0.044496
v 0.051866 -0.211505 0.044898
v 0.052371 -0.221584 0.045185
v 0.053090 -0.235695 0.045587
v 0.053551 -0.245774 0.045874
v 0.054227 -0.259884 0.046276
v 0.054667 -0.269961 0.046563
v 0.055346 -0.284071 0.046965
v -0.001203 -0.212421 0.044924
v -0.012083 -0.054656 0.040429
v -0.000661 -0.198399 0.044524
v -0.012950 -0.044683 0.040145
v -0.001032 -0.188405 0.044240
v -0.014163 -0.030725 0.039747
v -0.015600 -0.294412 0.047260
v -0.002209 -0.174425 0.043841
v -0.015026 -0.020754 0.039463
v -0.003101 -0.164437 0.043557
v -0.004218 -0.150420 0.043158
v -0.004999 -0.140435 0.042873
v -0.013575 -0.284430 0.046975
v -0.006131 -0.126498 0.042476
v -0.010672 -0.270448 0.046577
v -0.006941 -0.116515 0.042192
v -0.008558 -0.260461 0.046293
v -0.008066 -0.102543 0.041794
v -0.005621 -0.246468 0.045894
v -0.008865 -0.092562 0.041509
v -0.003896 -0.236456 0.045609
v -0.010017 -0.078594 0.041111
v -0.002100 -0.222442 0.045209
v -0.010866 -0.068618 0.040827
v 0.055568 -0.289110 0.051199
v -0.014587 -0.289421 0.051208
v 0.058757 -0.289096 0.047108
v -0.017776 -0.289435 0.047118
v 0.054447 -0.264923 0.050510
v -0.009615 -0.265454 0.050525
v 0.057359 -0.264898 0.046419
v -0.012527 -0.265479 0.046435
v 0.053321 -0.240734 0.049821
v -0.004758 -0.241462 0.049842
v 0.055961 -0.240701 0.045730
v -0.007398 -0.241495 0.045752
v 0.052118 -0.216544 0.049132
v -0.001652 -0.217432 0.049157
v 0.054563 -0.216504 0.045040
v -0.004096 -0.217472 0.045068
v 0.050816 -0.192355 0.048443
v -0.000847 -0.193402 0.048472
v 0.053164 -0.192307 0.044351
v -0.003195 -0.193450 0.044383
v 0.049400 -0.168167 0.047753
v -0.002655 -0.169431 0.047789
v 0.051766 -0.168110 0.043661
v -0.005021 -0.169489 0.043701
v 0.047969 -0.143826 0.047060
v -0.004617 -0.145313 0.047102
v 0.050359 -0.143759 0.042968
v -0.007008 -0.145380 0.043014
v 0.046556 -0.119794 0.046375
v -0.006536 -0.121507 0.046424
v 0.048970 -0.119716 0.042283
v -0.008949 -0.121584 0.042336
v 0.045135 -0.095607 0.045686
v -0.008465 -0.097552 0.045742
v 0.047571 -0.095519 0.041593
v -0.010902 -0.097641 0.041654
v 0.043713 -0.071421 0.044997
v -0.010441 -0.073606 0.045059
v 0.046173 -0.071322 0.040904
v -0.012903 -0.073705 0.040972
v 0.042284 -0.047235 0.044308
v -0.012516 -0.049670 0.044377
v 0.044775 -0.047124 0.040215
v -0.015007 -0.049780 0.040290
v 0.040856 -0.023050 0.043619
v -0.014594 -0.025740 0.043696
v 0.043377 -0.022927 0.039525
v -0.017115 -0.025862 0.039609
v 0.004172 -0.270337 0.050664
v 0.005718 -0.260330 0.050379
v 0.004017 -0.271337 0.046602
v 0.005872 -0.259330 0.046260
v 0.004945 -0.265334 0.051340
v 0.000619 -0.294352 0.051348
v 0.002095 -0.284349 0.051063
v 0.000472 -0.295352 0.047287
v 0.002243 -0.283349 0.046945
v 0.001357 -0.289350 0.052024
v 0.007822 -0.246310 0.049980
v 0.009061 -0.236283 0.049694
v 0.007698 -0.247312 0.045918
v 0.009185 -0.235281 0.045575
v 0.008441 -0.241297 0.050655
v 0.010862 -0.212213 0.049008
v 0.010276 -0.222247 0.049294
v 0.010920 -0.211210 0.044889
v 0.010218 -0.223250 0.045232
v 0.010569 -0.217230 0.049969
v 0.011103 -0.198170 0.048608
v 0.010687 -0.188158 0.048323
v 0.011145 -0.199172 0.044546
v 0.010645 -0.187157 0.044204
v 0.010895 -0.193164 0.049284
v 0.009589 -0.174148 0.047924
v 0.008762 -0.164140 0.047639
v 0.009672 -0.175149 0.043862
v 0.008680 -0.163139 0.043520
v 0.009176 -0.169144 0.048599
v 0.007712 -0.150092 0.047238
v 0.006973 -0.140087 0.046953
v 0.007788 -0.151131 0.043178
v 0.006902 -0.139125 0.042836
v 0.007334 -0.144975 0.047911
v 0.005912 -0.126119 0.046555
v 0.005149 -0.116115 0.046270
v 0.005988 -0.127120 0.042494
v 0.005073 -0.115115 0.042152
v 0.005531 -0.121117 0.047231
v 0.004093 -0.102111 0.045871
v 0.003340 -0.092109 0.045587
v 0.004169 -0.103112 0.041810
v 0.003265 -0.091109 0.041468
v 0.003717 -0.097110 0.046547
v 0.002263 -0.078109 0.045188
v 0.001470 -0.068110 0.044903
v 0.002342 -0.079108 0.041126
v 0.001390 -0.067110 0.040784
v 0.001866 -0.073109 0.045863
v 0.000342 -0.054114 0.044504
v -0.000465 -0.044118 0.044219
v 0.000422 -0.055114 0.040442
v -0.000546 -0.043119 0.040101
v -0.000062 -0.049116 0.045180
v 0.030158 -0.052815 0.044467
v 0.029501 -0.042762 0.044181
v 0.030224 -0.053820 0.040405
v 0.029435 -0.041756 0.040062
v 0.029829 -0.047788 0.045142
v -0.001590 -0.030125 0.043821
v -0.001510 -0.031125 0.039759
v -0.002394 -0.020131 0.043536
v -0.002474 -0.019132 0.039417
v -0.001992 -0.025128 0.044496
v 0.027926 -0.018635 0.043493
v 0.027860 -0.017629 0.039374
v 0.028582 -0.028687 0.043780
v 0.028648 -0.029693 0.039718
v 0.028254 -0.023661 0.044455
v 0.031738 -0.076944 0.045155
v 0.031085 -0.066890 0.044868
v 0.031803 -0.077950 0.041093
v 0.031020 -0.065885 0.040749
v 0.031411 -0.071917 0.045829
v 0.033273 -0.101077 0.045842
v 0.032633 -0.091021 0.045556
v 0.033337 -0.102082 0.041780
v 0.032569 -0.090016 0.041437
v 0.032953 -0.096049 0.046517
v 0.034811 -0.125211 0.046530
v 0.034169 -0.115155 0.046243
v 0.034876 -0.126217 0.042468
v 0.034104 -0.114149 0.042124
v 0.034490 -0.120183 0.047204
v 0.036342 -0.149308 0.047216
v 0.035707 -0.139251 0.046930
v 0.036408 -0.150352 0.043156
v 0.035646 -0.138284 0.042812
v 0.036017 -0.144164 0.047888
v 0.037901 -0.173483 0.047905
v 0.037237 -0.163426 0.047618
v 0.037968 -0.174489 0.043843
v 0.037171 -0.162420 0.043499
v 0.037569 -0.168455 0.048580
v 0.039338 -0.197622 0.048593
v 0.038811 -0.187563 0.048306
v 0.039391 -0.198628 0.044531
v 0.038758 -0.186557 0.044187
v 0.039075 -0.192593 0.049267
v 0.039801 -0.211713 0.048994
v 0.039995 -0.221779 0.049281
v 0.039782 -0.210707 0.044875
v 0.040014 -0.222786 0.045219
v 0.039898 -0.216746 0.049955
v 0.040109 -0.245931 0.049969
v 0.040133 -0.235868 0.049682
v 0.040106 -0.246938 0.045907
v 0.040136 -0.234862 0.045563
v 0.040121 -0.240900 0.050644
v 0.039824 -0.270072 0.050657
v 0.039951 -0.260015 0.050370
v 0.039811 -0.271078 0.046595
v 0.039964 -0.259009 0.046251
v 0.039888 -0.265043 0.051331
v 0.039572 -0.294208 0.051344
v 0.039676 -0.284153 0.051058
v 0.039562 -0.295214 0.047283
v 0.039686 -0.283147 0.046939
v 0.039624 -0.289180 0.052019
v -0.014749 -0.310641 0.047722
v -0.014749 -0.303472 0.047518
v -0.020957 -0.299887 0.047416
v -0.027165 -0.303472 0.047518
v -0.027165 -0.310641 0.047722
v -0.020957 -0.314225 0.047824
v 0.068851 -0.317640 0.013154
v -0.040602 -0.317645 0.013154
v 0.061151 -0.185313 0.013154
v 0.064139 -0.322631 0.013154
v 0.063843 -0.317642 0.013154
v 0.056149 -0.185416 0.013154
v 0.057254 -0.322631 0.013154
v -0.003966 -0.322631 0.028774
v 0.001491 -0.322631 0.034230
v 0.041016 -0.322631 0.034230
v 0.055483 -0.322631 0.019763
v 0.021253 -0.322631 0.039525
v 0.057254 -0.317645 0.013154
v 0.055483 -0.317645 0.019763
v -0.035030 -0.322631 0.015530
v -0.030311 -0.285634 -0.047010
v -0.040030 -0.283845 -0.037095
v -0.037183 -0.284369 -0.044085
v -0.022626 -0.106231 -0.032035
v -0.012779 -0.105688 -0.041883
v -0.019742 -0.106072 -0.039005
v -0.020708 -0.169140 -0.033828
v -0.010839 -0.169314 -0.043696
v -0.017817 -0.169191 -0.040803
v -0.014391 -0.223284 -0.045233
v -0.024169 -0.221729 -0.035326
v -0.021305 -0.222184 -0.042313
v -0.032332 -0.303238 -0.047511
v -0.042256 -0.303238 -0.037648
v -0.039349 -0.303238 -0.044622
v 0.063843 -0.317642 -0.047922
v 0.064139 -0.322631 -0.043064
v -0.003966 -0.317645 -0.028774
v 0.068851 -0.317640 -0.042919
v 0.001491 -0.317645 -0.034230
v 0.021253 -0.317645 -0.039525
v 0.046257 -0.015411 -0.039353
v 0.041016 -0.317645 -0.034230
v 0.051252 -0.015178 -0.034344
v 0.045969 -0.010420 -0.034211
v -0.029117 -0.322631 -0.043064
v -0.030679 -0.317642 -0.047922
v -0.035030 -0.322631 -0.037200
v -0.040602 -0.317645 -0.038058
v -0.033305 -0.322631 -0.041340
v -0.037696 -0.317643 -0.045033
v -0.025092 -0.013752 -0.028454
v -0.029688 -0.018971 -0.029591
v -0.019246 -0.013478 -0.034298
v -0.019835 -0.018509 -0.039441
v -0.023380 -0.013671 -0.032589
v -0.026802 -0.018836 -0.036562
v 0.039624 -0.289180 -0.051987
v 0.039686 -0.283147 -0.046907
v 0.039562 -0.295214 -0.047250
v 0.039676 -0.284153 -0.051026
v 0.039572 -0.294208 -0.051312
v 0.039888 -0.265043 -0.051299
v 0.039964 -0.259009 -0.046219
v 0.039811 -0.271078 -0.046563
v 0.039951 -0.260015 -0.050338
v 0.039824 -0.270072 -0.050624
v 0.040121 -0.240900 -0.050611
v 0.040136 -0.234862 -0.045531
v 0.040106 -0.246938 -0.045875
v 0.040133 -0.235868 -0.049650
v 0.040109 -0.245931 -0.049937
v 0.039898 -0.216746 -0.049923
v 0.040014 -0.222786 -0.045187
v 0.039782 -0.210706 -0.044843
v 0.039995 -0.221779 -0.049249
v 0.039801 -0.211713 -0.048962
v 0.039075 -0.192593 -0.049235
v 0.038758 -0.186557 -0.044155
v 0.039391 -0.198628 -0.044499
v 0.038811 -0.187563 -0.048274
v 0.039338 -0.197622 -0.048560
v 0.037569 -0.168455 -0.048547
v 0.037171 -0.162420 -0.043467
v 0.037968 -0.174489 -0.043811
v 0.037237 -0.163426 -0.047586
v 0.037901 -0.173483 -0.047873
v 0.036017 -0.144164 -0.047855
v 0.035646 -0.138284 -0.042779
v 0.036408 -0.150352 -0.043123
v 0.035707 -0.139251 -0.046897
v 0.036342 -0.149308 -0.047184
v 0.034490 -0.120183 -0.047172
v 0.034104 -0.114149 -0.042092
v 0.034876 -0.126217 -0.042436
v 0.034169 -0.115155 -0.046211
v 0.034811 -0.125211 -0.046497
v 0.032953 -0.096049 -0.046485
v 0.032569 -0.090016 -0.041404
v 0.033337 -0.102082 -0.041748
v 0.032633 -0.091021 -0.045523
v 0.033273 -0.101077 -0.045810
v 0.031411 -0.071917 -0.045797
v 0.031020 -0.065885 -0.040717
v 0.031803 -0.077950 -0.041061
v 0.031085 -0.066890 -0.044836
v 0.031738 -0.076944 -0.045122
v 0.028254 -0.023661 -0.044422
v 0.028648 -0.029693 -0.039686
v 0.028582 -0.028687 -0.043747
v 0.027860 -0.017629 -0.039342
v 0.027926 -0.018635 -0.043461
v -0.001992 -0.025128 -0.044464
v -0.002474 -0.019132 -0.039385
v -0.002394 -0.020131 -0.043504
v -0.001510 -0.031125 -0.039727
v -0.001590 -0.030125 -0.043788
v 0.029829 -0.047788 -0.045110
v 0.029435 -0.041756 -0.040029
v 0.030224 -0.053820 -0.040373
v 0.029501 -0.042762 -0.044148
v 0.030158 -0.052815 -0.044435
v -0.000062 -0.049116 -0.045147
v -0.000546 -0.043119 -0.040068
v 0.000422 -0.055114 -0.040410
v -0.000465 -0.044118 -0.044187
v 0.000342 -0.054114 -0.044472
v 0.001866 -0.073109 -0.045831
v 0.001390 -0.067110 -0.040752
v 0.002342 -0.079108 -0.041094
v 0.001470 -0.068110 -0.044871
v 0.002263 -0.078109 -0.045155
v 0.003717 -0.097110 -0.046515
v 0.003265 -0.091109 -0.041435
v 0.004169 -0.103112 -0.041777
v 0.003340 -0.092109 -0.045554
v 0.004093 -0.102111 -0.045839
v 0.005531 -0.121117 -0.047199
v 0.005073 -0.115115 -0.042119
v 0.005988 -0.127119 -0.042461
v 0.005149 -0.116115 -0.046238
v 0.005912 -0.126119 -0.046523
v 0.007334 -0.144975 -0.047878
v 0.006902 -0.139125 -0.042803
v 0.007788 -0.151131 -0.043145
v 0.006973 -0.140087 -0.046921
v 0.007712 -0.150092 -0.047206
v 0.009176 -0.169144 -0.048567
v 0.008680 -0.163139 -0.043488
v 0.009672 -0.175149 -0.043830
v 0.008762 -0.164140 -0.047606
v 0.009589 -0.174148 -0.047892
v 0.010895 -0.193164 -0.049251
v 0.010645 -0.187157 -0.044172
v 0.011145 -0.199172 -0.044514
v 0.010687 -0.188158 -0.048291
v 0.011103 -0.198170 -0.048576
v 0.010569 -0.217230 -0.049937
v 0.010218 -0.223250 -0.045200
v 0.010920 -0.211210 -0.044857
v 0.010276 -0.222247 -0.049262
v 0.010862 -0.212213 -0.048976
v 0.008441 -0.241297 -0.050623
v 0.009185 -0.235281 -0.045543
v 0.007698 -0.247312 -0.045886
v 0.009061 -0.236283 -0.049662
v 0.007822 -0.246310 -0.049947
v 0.001357 -0.289350 -0.051992
v 0.002243 -0.283349 -0.046912
v 0.000472 -0.295352 -0.047254
v 0.002095 -0.284349 -0.051031
v 0.000619 -0.294352 -0.051316
v 0.004945 -0.265334 -0.051307
v 0.005872 -0.259330 -0.046228
v 0.004017 -0.271337 -0.046570
v 0.005718 -0.260330 -0.050347
v 0.004172 -0.270337 -0.050632
v -0.017115 -0.025862 -0.039577
v 0.043377 -0.022927 -0.039493
v -0.014594 -0.025740 -0.043663
v 0.040856 -0.023050 -0.043587
v -0.015007 -0.049780 -0.040258
v 0.044775 -0.047124 -0.040182
v -0.012516 -0.049670 -0.044345
v 0.042284 -0.047235 -0.044276
v -0.012903 -0.073705 -0.040940
v 0.046173 -0.071322 -0.040872
v -0.010441 -0.073606 -0.045027
v 0.043713 -0.071421 -0.044965
v -0.010902 -0.097641 -0.041622
v 0.047571 -0.095519 -0.041561
v -0.008465 -0.097552 -0.045709
v 0.045135 -0.095607 -0.045654
v -0.008949 -0.121584 -0.042304
v 0.048970 -0.119716 -0.042250
v -0.006536 -0.121507 -0.046392
v 0.046556 -0.119794 -0.046343
v -0.007008 -0.145380 -0.042982
v 0.050359 -0.143759 -0.042935
v -0.004617 -0.145313 -0.047070
v 0.047969 -0.143826 -0.047028
v -0.005021 -0.169489 -0.043668
v 0.051766 -0.168110 -0.043629
v -0.002655 -0.169431 -0.047757
v 0.049400 -0.168167 -0.047721
v -0.003195 -0.193450 -0.044351
v 0.053164 -0.192307 -0.044319
v -0.000847 -0.193402 -0.048440
v 0.050816 -0.192355 -0.048410
v -0.004096 -0.217472 -0.045036
v 0.054563 -0.216504 -0.045008
v -0.001652 -0.217432 -0.049125
v 0.052118 -0.216544 -0.049099
v -0.007398 -0.241495 -0.045720
v 0.055961 -0.240701 -0.045697
v -0.004758 -0.241462 -0.049809
v 0.053321 -0.240734 -0.049789
v -0.012527 -0.265479 -0.046403
v 0.057359 -0.264898 -0.046387
v -0.009615 -0.265454 -0.050493
v 0.054447 -0.264923 -0.050478
v -0.017776 -0.289435 -0.047086
v 0.058757 -0.289095 -0.047076
v -0.014587 -0.289421 -0.051176
v 0.055568 -0.289110 -0.051167
v -0.010866 -0.068618 -0.040795
v -0.002100 -0.222442 -0.045177
v -0.010017 -0.078594 -0.041079
v -0.003896 -0.236456 -0.045576
v -0.008865 -0.092562 -0.041477
v -0.005621 -0.246468 -0.045862
v -0.008066 -0.102543 -0.041761
v -0.008558 -0.260461 -0.046260
v -0.006941 -0.116515 -0.042159
v -0.010672 -0.270447 -0.046545
v -0.006131 -0.126498 -0.042444
v -0.013575 -0.284430 -0.046943
v -0.004999 -0.140435 -0.042841
v -0.004218 -0.150420 -0.043125
v -0.003101 -0.164437 -0.043525
v -0.015026 -0.020754 -0.039431
v -0.002209 -0.174425 -0.043809
v -0.015600 -0.294412 -0.047228
v -0.014163 -0.030725 -0.039715
v -0.001032 -0.188405 -0.044207
v -0.012950 -0.044683 -0.040113
v -0.000661 -0.198399 -0.044492
v -0.012083 -0.054656 -0.040397
v -0.001203 -0.212421 -0.044892
v 0.055346 -0.284071 -0.046933
v 0.054667 -0.269961 -0.046531
v 0.054227 -0.259884 -0.046244
v 0.053551 -0.245774 -0.045842
v 0.053090 -0.235695 -0.045555
v 0.052371 -0.221584 -0.045153
v 0.051866 -0.211505 -0.044866
v 0.051102 -0.197393 -0.044463
v 0.050530 -0.187316 -0.044176
v 0.049699 -0.173206 -0.043774
v 0.049101 -0.163129 -0.043487
v 0.048272 -0.148980 -0.043084
v 0.047679 -0.138903 -0.042797
v 0.046854 -0.124832 -0.042396
v 0.046259 -0.114755 -0.042109
v 0.045432 -0.100645 -0.041707
v 0.044838 -0.090569 -0.041420
v 0.040558 -0.018011 -0.039353
v 0.055791 -0.294148 -0.047220
v 0.041155 -0.028088 -0.039640
v 0.041985 -0.042197 -0.040042
v 0.042583 -0.052273 -0.040329
v 0.043415 -0.066382 -0.040731
v 0.044012 -0.076459 -0.041018
v -0.009590 -0.069066 -0.044489
v -0.000820 -0.221921 -0.048844
v -0.008831 -0.078047 -0.044745
v -0.002683 -0.236940 -0.049271
v -0.007604 -0.093016 -0.045171
v -0.004194 -0.245951 -0.049528
v -0.006890 -0.102000 -0.045427
v -0.007233 -0.260948 -0.049955
v -0.005692 -0.116975 -0.045854
v -0.009085 -0.269937 -0.050211
v -0.004967 -0.125961 -0.046110
v -0.012106 -0.284921 -0.050638
v -0.003764 -0.140880 -0.046535
v -0.003066 -0.149868 -0.046791
v -0.001870 -0.164907 -0.047219
v -0.013720 -0.021191 -0.043125
v -0.001073 -0.173898 -0.047475
v -0.013880 -0.293907 -0.050894
v -0.012949 -0.030166 -0.043381
v 0.000158 -0.188880 -0.047902
v -0.011658 -0.045126 -0.043807
v 0.000497 -0.197876 -0.048159
v -0.010883 -0.054103 -0.044062
v -0.000039 -0.212901 -0.048587
v 0.053798 -0.284583 -0.050629
v 0.053165 -0.269468 -0.050198
v 0.052818 -0.260401 -0.049940
v 0.052187 -0.245286 -0.049509
v 0.051815 -0.236216 -0.049251
v 0.051110 -0.221100 -0.048820
v 0.050683 -0.212030 -0.048562
v 0.049897 -0.196913 -0.048131
v 0.049387 -0.187844 -0.047873
v 0.048489 -0.172730 -0.047442
v 0.047945 -0.163662 -0.047184
v 0.047048 -0.148490 -0.046751
v 0.046511 -0.139423 -0.046493
v 0.045619 -0.124366 -0.046064
v 0.045080 -0.115299 -0.045806
v 0.044186 -0.100185 -0.045375
v 0.043648 -0.091118 -0.045117
v 0.039325 -0.018577 -0.043050
v 0.054150 -0.293650 -0.050887
v 0.039867 -0.027644 -0.043309
v 0.040767 -0.042757 -0.043739
v 0.041310 -0.051824 -0.043998
v 0.042213 -0.066937 -0.044428
v 0.042755 -0.076004 -0.044686
v -0.014749 -0.310641 -0.047722
v -0.014749 -0.303472 -0.047518
v -0.020957 -0.299887 -0.047416
v -0.027165 -0.303472 -0.047518
v -0.027165 -0.310641 -0.047722
v -0.020957 -0.314225 -0.047824
v 0.068851 -0.317640 -0.013154
v -0.040602 -0.317645 -0.013154
v 0.061151 -0.185313 -0.013154
v 0.064139 -0.322631 -0.013154
v 0.063843 -0.317642 -0.013154
v 0.056149 -0.185416 -0.013154
v 0.057254 -0.322631 -0.013154
v -0.003966 -0.322631 -0.028774
v 0.001491 -0.322631 -0.034230
v 0.041016 -0.322631 -0.034230
v 0.055483 -0.322631 -0.019763
v 0.021253 -0.322631 -0.039525
v 0.057254 -0.317645 -0.013154
v 0.055483 -0.317645 -0.019763
v -0.035030 -0.322631 -0.015530
v 0.045969 -0.010420 0.034211
v -0.023380 -0.013671 0.032589
v 0.056143 -0.185313 -0.044170
v 0.061151 -0.185313 -0.039168
v 0.056143 -0.185313 0.044170
v 0.061151 -0.185313 0.039168
vn -0.0089 0.0285 0.9996
vn -0.6889 0.1734 0.7038
vn -0.7086 0.0310 0.7050
vn -0.9992 0.0172 0.0353
vn -0.9991 0.0156 0.0393
vn -0.7060 -0.0222 0.7078
vn -0.9975 -0.0577 0.0413
vn -0.7051 0.0297 0.7084
vn -0.0382 0.0260 0.9989
vn -0.9849 0.1689 0.0375
vn -0.6932 0.1367 0.7077
vn -0.0157 0.0286 0.9995
vn -0.0206 0.0330 0.9992
vn -0.0289 0.0332 0.9990
vn 0.0543 -0.0073 0.9985
vn 0.0771 -0.9704 0.2289
vn 0.9886 0.0261 0.1481
vn 0.0721 0.0615 0.9955
vn 0.9944 0.0855 0.0628
vn 0.0220 0.9976 0.0659
vn -0.0264 -0.9993 0.0265
vn -0.0047 -0.0145 0.9999
vn -0.6759 -0.2836 0.6802
vn -0.9751 -0.2181 0.0392
vn -0.0901 -0.9959 0.0073
vn -0.1347 0.9869 0.0885
vn -0.9987 -0.0286 0.0419
vn -0.7073 0.0102 0.7069
vn -0.0248 0.0579 0.9980
vn -0.0489 0.9964 0.0697
vn -0.0059 -0.9681 0.2506
vn -0.2707 0.6094 0.7452
vn -0.0148 0.0274 0.9995
vn -0.0495 0.6429 0.7643
vn -0.0379 0.6528 0.7566
vn 0.0041 0.9776 0.2105
vn -0.0610 0.9757 0.2103
vn -0.0117 0.0291 0.9995
vn -0.1926 0.6538 0.7318
vn -0.2481 0.0753 0.9658
vn -0.0128 0.0292 0.9995
vn -0.2118 0.6539 0.7263
vn -0.2701 0.0817 0.9594
vn -0.0141 0.0291 0.9995
vn -0.2350 0.6474 0.7250
vn -0.2958 0.0755 0.9523
vn 0.0058 -0.9754 0.2205
vn -0.3466 -0.6363 0.6892
vn -0.5430 -0.7531 0.3714
vn -0.0153 0.0286 0.9995
vn -0.2563 0.6347 0.7291
vn -0.3175 0.0536 0.9467
vn -0.0159 0.0277 0.9995
vn -0.4071 0.6214 0.6694
vn -0.3289 0.0144 0.9443
vn -0.0158 0.0273 0.9995
vn -0.4183 0.6118 0.6713
vn -0.3263 -0.0018 0.9453
vn 0.0152 0.0296 0.9994
vn 0.0026 -0.6186 0.7857
vn 0.0429 -0.6156 0.7869
vn -0.0156 0.0274 0.9995
vn -0.4125 0.6189 0.6684
vn -0.3233 0.0019 0.9463
vn -0.0154 0.0274 0.9995
vn -0.4148 0.6131 0.6723
vn -0.3204 0.0012 0.9473
vn -0.0335 0.6437 0.7645
vn 0.0138 0.9758 0.2183
vn -0.0550 0.9744 0.2180
vn -0.0153 0.0274 0.9995
vn -0.4138 0.6132 0.6729
vn -0.3176 0.0018 0.9482
vn 0.0128 0.0271 0.9996
vn -0.0223 0.6443 0.7645
vn -0.0150 0.0274 0.9995
vn -0.4140 0.6122 0.6736
vn -0.3145 0.0006 0.9492
vn 0.2249 0.6300 0.7433
vn 0.0184 0.9757 0.2183
vn 0.0101 0.6418 0.7668
vn 0.0420 -0.9744 0.2211
vn -0.0108 -0.6199 0.7846
vn -0.0198 -0.9751 0.2209
vn -0.0149 0.0274 0.9995
vn -0.2711 0.6092 0.7452
vn -0.3111 0.0004 0.9504
vn 0.0486 -0.9740 0.2213
vn -0.0098 -0.6194 0.7850
vn -0.0181 -0.9751 0.2210
vn 0.0759 -0.9723 0.2213
vn 0.4105 -0.5946 0.6913
vn 0.0476 -0.6153 0.7869
vn -0.5732 -0.7325 0.3672
vn -0.3760 -0.6227 0.6862
vn 0.0120 0.6423 0.7664
vn -0.0300 0.9757 0.2171
vn -0.0183 0.6444 0.7645
vn 0.5317 0.7607 0.3724
vn 0.3114 0.0459 0.9492
vn 0.8892 0.0673 0.4525
vn -0.0426 0.6433 0.7644
vn -0.0030 0.9758 0.2185
vn -0.0692 0.9735 0.2182
vn 0.0542 -0.9737 0.2213
vn 0.4136 -0.5967 0.6877
vn 0.0334 -0.6168 0.7864
vn -0.5551 -0.7495 0.3606
vn -0.3616 -0.6315 0.6859
vn 0.5157 0.7503 0.4136
vn 0.2488 0.0361 0.9679
vn 0.8376 0.0448 0.5444
vn 0.0687 -0.9728 0.2213
vn 0.4123 -0.5950 0.6899
vn -0.5569 -0.7439 0.3695
vn -0.3625 -0.6265 0.6900
vn -0.6091 0.6978 0.3769
vn -0.8944 -0.0450 0.4450
vn -0.0798 0.9726 0.2181
vn 0.2430 -0.5952 0.7659
vn 0.0259 -0.6204 0.7838
vn -0.5509 -0.7496 0.3670
vn -0.3554 -0.6331 0.6877
vn -0.5200 0.7781 0.3525
vn -0.8739 0.1258 0.4695
vn 0.5280 0.7618 0.3753
vn 0.3080 0.0456 0.9503
vn 0.8869 0.0681 0.4569
vn 0.0794 -0.9720 0.2213
vn 0.4094 -0.5946 0.6920
vn 0.0500 -0.6151 0.7868
vn -0.0000 0.0285 0.9996
vn -0.5479 -0.7504 0.3697
vn -0.3518 -0.6343 0.6885
vn 0.5388 0.7583 0.3670
vn 0.3178 0.0459 0.9470
vn 0.8934 0.0654 0.4445
vn 0.0147 0.0296 0.9995
vn 0.0289 -0.9749 0.2209
vn 0.1994 -0.6027 0.7727
vn 0.0176 -0.6208 0.7837
vn -0.3077 0.0008 0.9515
vn -0.5352 -0.7559 0.3771
vn -0.3373 -0.6393 0.6910
vn 0.5421 0.7571 0.3646
vn 0.3206 0.0461 0.9461
vn 0.8952 0.0647 0.4410
vn 0.0723 -0.9725 0.2213
vn 0.4118 -0.5947 0.6905
vn 0.0453 -0.6154 0.7869
vn -0.0472 0.6431 0.7643
vn -0.0115 0.9758 0.2185
vn -0.0763 0.9729 0.2181
vn 0.0581 -0.9735 0.2214
vn 0.4146 -0.5954 0.6881
vn 0.0359 -0.6157 0.7871
vn 0.5435 0.7594 0.3577
vn 0.3234 0.0462 0.9451
vn 0.8966 0.0697 0.4374
vn 0.0150 0.0296 0.9994
vn 0.4002 -0.6024 0.6906
vn 0.0301 -0.6189 0.7849
vn 0.0102 -0.9753 0.2205
vn -0.3418 -0.6380 0.6901
vn -0.5388 -0.7548 0.3741
vn 0.5485 0.7549 0.3597
vn 0.3264 0.0467 0.9441
vn 0.8987 0.0636 0.4339
vn 0.4159 -0.5903 0.6918
vn 0.0155 0.0296 0.9994
vn 0.0382 -0.6060 0.7945
vn 0.3700 0.6451 0.6685
vn 0.0157 0.0292 0.9994
vn 0.3288 0.0452 0.9433
vn 0.0627 -0.9713 0.2294
vn 0.5523 0.7530 0.3578
vn 0.9002 0.0606 0.4312
vn -0.2326 -0.5806 0.7802
vn -0.6165 -0.6621 0.4261
vn -0.5917 -0.6549 0.4701
vn -0.1977 -0.5863 0.7856
vn 0.5504 0.7510 0.3648
vn 0.3174 0.0411 0.9474
vn 0.8937 0.0542 0.4454
vn 0.2069 0.6317 0.7471
vn 0.0196 0.9757 0.2181
vn 0.0110 0.6420 0.7667
vn -0.0158 0.9757 0.2185
vn 0.5419 0.7503 0.3786
vn 0.2961 0.0381 0.9544
vn 0.8795 0.0495 0.4734
vn -0.6102 -0.6501 0.4529
vn -0.2140 -0.5811 0.7852
vn -0.5546 0.7540 0.3520
vn -0.8929 0.0743 0.4441
vn 0.2707 0.0365 0.9620
vn 0.0651 -0.9730 0.2213
vn 0.4129 -0.5952 0.6894
vn 0.0405 -0.6157 0.7869
vn 0.5290 0.7502 0.3966
vn 0.8590 0.0463 0.5099
vn -0.0657 0.9737 0.2182
vn -0.6092 0.6982 0.3759
vn 0.0348 -0.9747 0.2209
vn 0.2193 -0.6000 0.7694
vn 0.0215 -0.6212 0.7834
vn -0.6053 -0.6903 0.3965
vn -0.3962 -0.6037 0.6918
vn -0.4942 0.7894 0.3641
vn -0.8514 0.1430 0.5047
vn 0.5355 0.7595 0.3694
vn 0.3149 0.0459 0.9480
vn 0.8916 0.0664 0.4480
vn 0.0145 -0.9753 0.2205
vn 0.0091 0.6426 0.7661
vn -0.0496 0.9748 0.2176
vn -0.0304 0.6433 0.7650
vn 0.0015 -0.9754 0.2205
vn -0.0128 -0.6202 0.7843
vn -0.0224 -0.9751 0.2206
vn -0.0118 -0.6204 0.7842
vn -0.0212 -0.9751 0.2206
vn 0.3655 0.6470 0.6692
vn 0.0096 0.9758 0.2184
vn 0.0046 0.6451 0.7640
vn 0.5567 -0.7044 0.4403
vn -0.0357 0.6436 0.7645
vn -0.0587 0.9741 0.2183
vn 0.5743 -0.7022 0.4208
vn 0.2209 0.6359 0.7395
vn -0.0072 0.9758 0.2185
vn -0.0062 0.6448 0.7643
vn 0.5931 -0.6984 0.4006
vn 0.0141 0.0273 0.9995
vn 0.6082 -0.6941 0.3851
vn 0.0152 0.0280 0.9995
vn 0.6180 -0.6898 0.3772
vn -0.0084 -0.6191 0.7853
vn 0.6194 -0.6879 0.3782
vn 0.0116 0.0273 0.9996
vn 0.0154 0.0296 0.9994
vn 0.6209 -0.6834 0.3840
vn 0.0082 -0.6185 0.7858
vn -0.0090 0.6448 0.7643
vn 0.6197 -0.6864 0.3807
vn 0.6199 -0.6855 0.3819
vn 0.6202 -0.6845 0.3831
vn -0.0035 0.6448 0.7643
vn 0.6201 -0.6837 0.3849
vn -0.4813 0.7884 0.3832
vn 0.0054 -0.6185 0.7857
vn 0.3541 0.6510 0.6714
vn 0.6200 -0.6828 0.3865
vn 0.0111 -0.6183 0.7858
vn -0.6066 0.7038 0.3697
vn -0.0362 0.9755 0.2170
vn 0.0073 0.6445 0.7646
vn -0.6106 0.6954 0.3790
vn 0.0660 0.0321 0.9973
vn 0.0013 0.6542 0.7563
vn 0.2156 0.6365 0.7405
vn -0.5965 0.7147 0.3653
vn 0.2106 0.6371 0.7415
vn -0.6111 0.6971 0.3750
vn 0.3591 0.6530 0.6668
vn 0.0209 0.9757 0.2181
vn 0.1913 0.6338 0.7495
vn 0.0157 0.0297 0.9994
vn -0.8961 -0.0454 0.4415
vn 0.3579 0.6497 0.6707
vn 0.0012 0.9758 0.2184
vn -0.0008 0.6449 0.7642
vn -0.6109 0.6941 0.3808
vn -0.8900 -0.0505 0.4531
vn -0.0728 0.9732 0.2182
vn -0.0432 0.9752 0.2172
vn 0.0148 0.0296 0.9995
vn 0.0168 0.9757 0.2184
vn 0.3653 0.6449 0.6713
vn -0.0027 -0.9754 0.2205
vn -0.0082 -0.9735 0.2285
vn -0.0111 -0.9753 0.2205
vn -0.0155 -0.9753 0.2205
vn -0.6106 0.6935 0.3824
vn -0.8878 -0.0507 0.4575
vn -0.0035 -0.6089 0.7932
vn 0.0220 0.9976 -0.0659
vn -0.0490 0.9964 -0.0697
vn -0.8621 0.5068 -0.0000
vn -0.0000 1.0000 -0.0000
vn 0.8621 0.5068 -0.0000
vn 0.8699 -0.4932 -0.0000
vn -0.0000 -1.0000 -0.0000
vn -0.8699 -0.4932 -0.0000
vn -0.0403 0.6434 0.7645
vn -0.0002 -0.6187 0.7857
vn -0.0057 -0.6187 0.7856
vn -0.0449 0.6432 0.7644
vn -0.0266 0.6437 0.7648
vn 0.0945 -0.9955 0.0001
vn -0.0118 0.6447 0.7644
vn 0.0952 -0.9950 -0.0303
vn 0.0148 -0.7154 0.6985
vn 0.0144 -0.6986 -0.7154
vn 0.0148 -0.7154 -0.6985
vn -0.9992 0.0172 -0.0354
vn -0.9784 -0.2069 -0.0000
vn -0.8660 -0.0000 -0.5000
vn -0.9659 -0.0000 -0.2588
vn -0.0000 -0.0000 -1.0000
vn 0.5000 -0.0000 -0.8660
vn -0.5000 -0.0000 -0.8660
vn 0.3922 -0.0000 -0.9199
vn 0.5598 -0.0000 -0.8286
vn 0.9944 0.0855 -0.0627
vn -0.0744 -0.9972 -0.0000
vn -0.9756 0.2167 -0.0364
vn -0.9849 0.1689 -0.0375
vn -0.9991 0.0155 -0.0392
vn -0.9987 -0.0286 -0.0419
vn -0.6444 0.7644 0.0221
vn -0.6444 0.7643 -0.0221
vn 0.9983 0.0581 -0.0000
vn -0.9975 -0.0577 -0.0413
vn -0.0089 0.0286 -0.9996
vn -0.6889 0.1734 -0.7038
vn -0.0206 0.0330 -0.9992
vn -0.7086 0.0310 -0.7050
vn -0.7060 -0.0222 -0.7078
vn -0.0382 0.0260 -0.9989
vn -0.7051 0.0297 -0.7085
vn -0.0157 0.0285 -0.9995
vn -0.6932 0.1367 -0.7077
vn 0.0543 -0.0073 -0.9985
vn 0.9886 0.0261 -0.1480
vn 0.0771 -0.9704 -0.2289
vn 0.0720 0.0616 -0.9955
vn -0.0264 -0.9993 -0.0265
vn -0.0047 -0.0145 -0.9999
vn -0.0059 -0.9681 -0.2506
vn -0.9751 -0.2181 -0.0392
vn -0.0901 -0.9959 -0.0073
vn -0.1347 0.9869 -0.0885
vn -0.0248 0.0579 -0.9980
vn -0.6759 -0.2836 -0.6802
vn -0.7073 0.0102 -0.7069
vn -0.6742 0.2469 -0.6961
vn -0.6289 0.6803 -0.3764
vn -0.4865 0.6201 -0.6154
vn 0.0644 -0.9731 -0.2213
vn -0.0108 -0.6635 -0.7481
vn 0.4178 -0.6154 -0.6684
vn -0.0167 0.0244 -0.9996
vn -0.4755 0.5648 -0.6744
vn 0.0073 0.6942 -0.7197
vn 0.0223 -0.9751 -0.2205
vn 0.0157 -0.7172 -0.6967
vn 0.1283 -0.6593 -0.7409
vn 0.3731 0.4963 -0.7839
vn 0.8028 0.0420 -0.5947
vn 0.0313 0.0308 -0.9990
vn -0.0033 -0.9754 -0.2205
vn -0.5789 -0.7321 -0.3591
vn -0.4081 -0.5897 -0.6969
vn 0.0278 -0.9749 -0.2209
vn 0.5488 -0.6278 -0.5519
vn 0.5974 -0.6839 -0.4189
vn 0.0180 -0.9752 -0.2205
vn -0.4164 -0.6486 -0.6371
vn -0.0081 -0.6188 -0.7855
vn 0.0461 -0.9741 -0.2213
vn 0.4886 -0.6010 -0.6326
vn 0.6393 -0.6710 -0.3756
vn -0.8947 -0.0411 -0.4449
vn -0.0183 0.0183 -0.9997
vn -0.4761 0.5581 -0.6796
vn 0.0057 0.6904 -0.7234
vn 0.0265 0.6417 -0.7665
vn -0.0154 0.7345 -0.6784
vn -0.0358 0.9755 -0.2172
vn 0.5731 0.7341 -0.3643
vn 0.8937 0.0534 -0.4454
vn 0.4747 -0.2343 -0.8484
vn 0.4022 0.6076 -0.6849
vn 0.8048 0.0616 -0.5904
vn 0.0326 0.0353 -0.9988
vn -0.4703 -0.6138 -0.6341
vn -0.3181 0.1114 -0.9415
vn -0.0153 0.0296 -0.9994
vn -0.6303 0.6779 -0.3785
vn -0.0652 0.9737 -0.2181
vn 0.0361 0.0314 -0.9989
vn 0.0484 -0.6589 -0.7507
vn -0.0355 0.0313 -0.9989
vn -0.0137 -0.9753 -0.2206
vn -0.0845 -0.6658 -0.7413
vn 0.5742 0.7366 -0.3573
vn 0.7890 0.1497 -0.5959
vn 0.4249 0.6661 -0.6130
vn 0.5540 0.7324 -0.3958
vn 0.8590 0.0458 -0.5099
vn 0.7942 -0.0200 -0.6073
vn 0.0506 -0.6147 -0.7871
vn 0.0500 -0.9739 -0.2214
vn 0.2734 0.7743 -0.5707
vn 0.0122 0.9758 -0.2181
vn -0.5704 -0.6290 -0.5282
vn -0.2478 0.2020 -0.9475
vn -0.0117 0.0313 -0.9994
vn -0.5100 0.7705 -0.3823
vn -0.3904 0.7408 -0.5467
vn -0.5235 -0.3268 -0.7868
vn -0.4045 -0.6592 -0.6339
vn -0.0115 -0.6188 -0.7854
vn 0.5505 0.7460 -0.3747
vn 0.6231 -0.2465 -0.7422
vn 0.4632 0.7342 -0.4963
vn -0.0616 0.9740 -0.2181
vn -0.4630 0.5611 -0.6861
vn -0.0509 0.9746 -0.2182
vn -0.0465 0.6426 -0.7648
vn 0.0680 -0.9728 -0.2213
vn 0.4876 -0.5979 -0.6363
vn 0.6420 -0.6641 -0.3831
vn -0.4260 -0.6448 -0.6347
vn -0.3224 -0.0293 -0.9461
vn 0.0607 -0.9733 -0.2213
vn 0.4887 -0.5986 -0.6348
vn 0.6416 -0.6662 -0.3802
vn 0.6296 -0.6757 -0.3834
vn 0.4618 -0.5521 -0.6942
vn 0.0136 -0.9753 -0.2205
vn 0.3239 0.0397 -0.9453
vn 0.8966 0.0695 -0.4374
vn 0.6431 -0.6635 -0.3823
vn -0.0032 0.9776 -0.2105
vn 0.5649 0.7438 -0.3572
vn 0.4419 0.6481 -0.6202
vn 0.3574 0.6573 -0.6636
vn 0.0155 0.0275 -0.9995
vn -0.0028 0.7332 -0.6800
vn -0.0000 0.0285 -0.9996
vn -0.0292 0.9757 -0.2169
vn 0.0192 0.6416 -0.7668
vn -0.6304 0.6800 -0.3745
vn 0.4638 0.7109 -0.5287
vn 0.0117 0.0283 -0.9995
vn 0.0195 0.6419 -0.7665
vn 0.2143 0.7167 -0.6636
vn 0.0152 0.0275 -0.9995
vn -0.0089 0.7330 -0.6802
vn 0.4903 -0.5995 -0.6326
vn 0.6409 -0.6689 -0.3766
vn 0.0192 0.0372 -0.9991
vn -0.0327 0.7287 -0.6841
vn -0.0336 0.0258 -0.9991
vn -0.0666 0.6417 -0.7640
vn -0.0153 -0.9753 -0.2206
vn -0.0207 -0.6198 -0.7845
vn -0.0001 -0.9736 -0.2285
vn -0.5813 -0.7258 -0.3679
vn -0.6167 0.6975 -0.3649
vn -0.4770 0.6302 -0.6126
vn -0.6747 0.2655 -0.6887
vn 0.4144 -0.5881 -0.6945
vn 0.5787 0.3490 -0.7371
vn 0.0224 0.0354 -0.9991
vn -0.0089 0.7316 -0.6817
vn -0.8067 -0.0189 -0.5907
vn -0.8926 -0.0449 -0.4486
vn 0.0595 -0.6145 -0.7866
vn -0.0840 -0.6706 -0.7371
vn 0.0480 -0.6051 -0.7947
vn 0.0221 -0.9750 -0.2209
vn 0.5289 -0.6331 -0.5652
vn 0.5810 -0.6859 -0.4381
vn -0.0433 0.7330 -0.6788
vn 0.0340 0.6459 -0.7627
vn -0.5777 0.7367 -0.3516
vn -0.5023 0.6965 -0.5124
vn -0.0147 0.9757 -0.2185
vn 0.5578 0.7435 -0.3689
vn -0.0535 0.9762 -0.2102
vn -0.0188 0.7359 -0.6769
vn -0.2865 0.5705 -0.7697
vn -0.3402 -0.1904 -0.9209
vn -0.6255 0.6873 -0.3692
vn 0.0138 0.9758 -0.2181
vn -0.2060 0.7194 -0.6634
vn -0.5216 0.7719 -0.3634
vn -0.0350 0.0289 -0.9990
vn -0.0339 0.0173 -0.9993
vn 0.3935 0.3290 -0.8584
vn 0.0541 -0.7146 -0.6974
vn 0.0265 0.0385 -0.9989
vn 0.8953 0.0624 -0.4411
vn 0.6413 -0.6671 -0.3790
vn -0.8072 -0.0140 -0.5901
vn -0.8964 -0.0410 -0.4414
vn -0.6288 0.6809 -0.3754
vn -0.0659 0.7305 -0.6797
vn -0.0190 0.9757 -0.2185
vn -0.0131 0.7327 -0.6804
vn -0.4161 0.6245 -0.6610
vn -0.0580 0.9742 -0.2181
vn -0.0224 -0.6630 -0.7483
vn -0.5925 -0.6096 -0.5266
vn -0.2700 0.0822 -0.9594
vn -0.4405 -0.6386 -0.6310
vn 0.0062 0.9759 -0.2183
vn 0.5611 0.7422 -0.3665
vn -0.5631 -0.7377 -0.3725
vn 0.3813 0.6743 -0.6324
vn 0.0020 0.9759 -0.2184
vn 0.5704 0.7387 -0.3592
vn 0.0971 -0.6701 -0.7359
vn -0.0217 -0.7087 -0.7051
vn 0.0235 0.0429 -0.9988
vn -0.8540 0.1249 -0.5050
vn 0.2452 -0.6935 -0.6774
vn 0.0571 -0.9735 -0.2213
vn -0.0157 -0.6633 -0.7482
vn 0.4311 0.3142 -0.8458
vn 0.6421 -0.6651 -0.3814
vn 0.4194 0.5990 -0.6821
vn -0.6294 -0.6329 -0.4508
vn -0.0583 0.6424 -0.7641
vn -0.5747 -0.7322 -0.3654
vn 0.0250 0.0381 -0.9990
vn 0.0185 0.6421 -0.7664
vn -0.0233 0.9756 -0.2185
vn -0.0103 -0.9752 -0.2210
vn -0.0235 -0.6189 -0.7851
vn -0.0180 0.0185 -0.9997
vn -0.4830 0.4242 -0.7660
vn 0.0154 -0.7158 -0.6981
vn -0.0473 0.9748 -0.2179
vn -0.0159 0.0206 -0.9997
vn -0.0604 0.6490 -0.7584
vn 0.0051 -0.9754 -0.2205
vn -0.0739 -0.6753 -0.7339
vn 0.0093 -0.9753 -0.2205
vn -0.5719 -0.7331 -0.3681
vn -0.4004 -0.5916 -0.6998
vn 0.0290 0.0195 -0.9994
vn 0.0519 -0.6569 -0.7522
vn -0.0350 0.0307 -0.9989
vn -0.0340 0.0304 -0.9990
vn 0.5656 0.7329 -0.3780
vn 0.5541 0.7448 -0.3719
vn 0.8893 0.0659 -0.4526
vn 0.4767 -0.2326 -0.8477
vn 0.0090 0.9758 -0.2184
vn 0.0134 0.6451 -0.7640
vn 0.5642 0.7410 -0.3641
vn 0.4104 -0.5888 -0.6963
vn -0.8880 -0.0473 -0.4574
vn -0.6306 0.6757 -0.3818
vn -0.0325 -0.6636 -0.7474
vn -0.8062 -0.0213 -0.5912
vn -0.8903 -0.0467 -0.4530
vn -0.6307 0.6765 -0.3803
vn 0.0319 -0.7139 -0.6995
vn 0.0660 0.0321 -0.9973
vn 0.4172 -0.5838 -0.6965
vn -0.0063 0.9758 -0.2184
vn -0.0076 -0.9754 -0.2205
vn -0.0233 0.9759 -0.2171
vn -0.0420 0.9751 -0.2176
vn -0.4172 -0.6017 -0.6812
vn -0.4182 -0.6517 -0.6327
vn 0.0544 -0.9718 -0.2294
vn 0.0409 -0.9744 -0.2212
vn -0.0609 0.7311 -0.6796
vn -0.0105 0.9758 -0.2185
vn -0.2963 0.1759 -0.9388
vn -0.4197 0.5267 -0.7392
vn -0.5454 0.7607 -0.3520
vn -0.8338 0.1124 -0.5404
vn 0.5251 0.6766 -0.5162
vn 0.0345 -0.9746 -0.2211
vn -0.5596 -0.7388 -0.3755
vn -0.2542 -0.7085 -0.6584
vn 0.8870 0.0670 -0.4569
vn -0.0120 -0.9752 -0.2209
vn 0.9003 0.0582 -0.4313
vn -0.6119 -0.6377 -0.4679
vn -0.1032 0.6928 -0.7137
vn 0.0945 -0.9955 -0.0000
vn 0.9998 0.0190 0.0004
vn -0.9659 -0.0000 0.2588
vn -0.8660 -0.0000 0.5000
vn 0.5000 -0.0000 0.8660
vn -0.0000 -0.0000 1.0000
vn -0.5000 -0.0000 0.8660
vn 0.5598 -0.0000 0.8286
vn 0.3922 -0.0000 0.9199
vn 0.0144 -0.6986 0.7154
vn -0.9756 0.2167 0.0363
vn 0.9945 0.0603 -0.0854
vn 0.9945 0.0603 0.0854
vn 0.9998 0.0190 -0.0000
vn 0.0001 -1.0000 -0.0000
vn 0.0004 -1.0000 -0.0000
vn -0.9019 -0.0134 0.4317
vn -0.8994 -0.0502 0.4343
vn -0.8982 -0.0369 0.4381
vn -0.8923 -0.0489 0.4487
vn -0.8314 0.1306 0.5401
vn -0.0289 0.0332 -0.9990
vn -0.0723 0.9732 -0.2181
vn -0.0687 0.9735 -0.2181
vn -0.5959 -0.7149 -0.3657
vn -0.6258 -0.6727 -0.3948
vn -0.8934 0.0671 -0.4443
vn 0.6248 -0.2408 -0.7428
vn -0.8998 -0.0445 -0.4341
vn 0.0107 0.9758 -0.2183
vn -0.0485 0.6832 -0.7286
vn -0.6360 -0.6447 -0.4242
vn 0.5420 0.7322 -0.4125
vn 0.8377 0.0432 -0.5444
vn -0.8986 -0.0299 -0.4378
vn 0.8935 0.0635 -0.4445
vn 0.0867 -0.6703 -0.7370
vn 0.8795 0.0493 -0.4734
vn 0.6151 -0.6802 -0.3988
vn 0.8989 0.0605 -0.4340
vn -0.8757 0.1118 -0.4698
vn 0.0716 -0.9726 -0.2213
vn 0.6420 -0.6632 -0.3847
vn -0.9020 -0.0113 -0.4316
vn -0.5672 -0.7359 -0.3699
vn 0.8917 0.0647 -0.4480
vt 0.563023 0.138727
vt 0.581602 0.147272
vt 0.562262 0.146201
vt 0.561700 0.153513
vt 0.707606 0.155512
vt 0.775600 0.148866
vt 0.775419 0.156993
vt 0.707692 0.147505
vt 0.775932 0.140744
vt 0.650213 0.153803
vt 0.649688 0.145680
vt 0.707916 0.139534
vt 0.581418 0.139955
vt 0.649217 0.137562
vt 0.562849 0.038560
vt 0.555849 0.036825
vt 0.564181 0.031250
vt 0.867663 0.071242
vt 0.867956 0.063475
vt 0.874996 0.070920
vt 0.539790 0.142693
vt 0.548021 0.136837
vt 0.547806 0.144066
vt 0.546558 0.151440
vt 0.539062 0.150200
vt 0.874996 0.151599
vt 0.867675 0.159316
vt 0.867436 0.151491
vt 0.867492 0.143648
vt 0.874996 0.143878
vt 0.540960 0.134908
vt 0.850475 0.560734
vt 0.855455 0.573199
vt 0.849057 0.572871
vt 0.502517 0.864633
vt 0.507809 0.830773
vt 0.507809 0.865062
vt 0.449091 0.094935
vt 0.454351 0.109520
vt 0.449226 0.112053
vt 0.777199 0.425007
vt 0.782557 0.437955
vt 0.777474 0.440390
vt 0.347506 0.926912
vt 0.352784 0.938489
vt 0.347741 0.940606
vt 0.859441 0.778593
vt 0.866123 0.790389
vt 0.863037 0.793685
vt 0.870961 0.864237
vt 0.876044 0.876085
vt 0.871007 0.877915
vt 0.425730 0.920929
vt 0.430692 0.931856
vt 0.425689 0.933040
vt 0.386734 0.920939
vt 0.391682 0.932048
vt 0.386681 0.933058
vt 0.871193 0.692342
vt 0.877456 0.659234
vt 0.877570 0.692657
vt 0.496261 0.864203
vt 0.501098 0.876649
vt 0.496209 0.877851
vt 0.308607 0.926720
vt 0.313570 0.939175
vt 0.308568 0.940381
vt 0.432127 0.921211
vt 0.437496 0.891252
vt 0.437430 0.921592
vt 0.871077 0.659196
vt 0.866108 0.646751
vt 0.871113 0.645522
vt 0.777303 0.387542
vt 0.783621 0.424230
vt 0.871105 0.778318
vt 0.876076 0.790781
vt 0.871070 0.792007
vt 0.352712 0.881189
vt 0.359371 0.892919
vt 0.354056 0.893236
vt 0.335938 0.893110
vt 0.341183 0.927706
vt 0.335938 0.928162
vt 0.660167 0.918964
vt 0.665141 0.931432
vt 0.660134 0.932669
vt 0.859375 0.830519
vt 0.864615 0.864814
vt 0.859375 0.865261
vt 0.648438 0.885104
vt 0.655057 0.873417
vt 0.653678 0.885473
vt 0.417746 0.934760
vt 0.420758 0.931684
vt 0.455603 0.053319
vt 0.460861 0.094236
vt 0.455509 0.094215
vt 0.668259 0.870205
vt 0.660039 0.872026
vt 0.660136 0.867188
vt 0.864680 0.658809
vt 0.859375 0.692724
vt 0.859375 0.658404
vt 0.414062 0.890860
vt 0.420727 0.880620
vt 0.419300 0.891253
vt 0.378666 0.934546
vt 0.381736 0.931532
vt 0.457819 0.035052
vt 0.449174 0.036361
vt 0.449232 0.031250
vt 0.882809 0.693052
vt 0.876181 0.704666
vt 0.488089 0.879575
vt 0.491153 0.876193
vt 0.863033 0.643370
vt 0.870985 0.640625
vt 0.843750 0.572507
vt 0.342643 0.880994
vt 0.341228 0.893393
vt 0.300552 0.942089
vt 0.303623 0.938739
vt 0.356198 0.941418
vt 0.347874 0.945309
vt 0.847354 0.622003
vt 0.855584 0.620193
vt 0.855488 0.624996
vt 0.867184 0.607054
vt 0.860570 0.618786
vt 0.861942 0.606702
vt 0.563383 0.133572
vt 0.555742 0.133407
vt 0.879132 0.643812
vt 0.876058 0.647139
vt 0.863003 0.707868
vt 0.871204 0.706028
vt 0.871106 0.710934
vt 0.855564 0.606462
vt 0.437500 0.053312
vt 0.444114 0.037950
vt 0.442784 0.053484
vt 0.855485 0.559479
vt 0.863538 0.557827
vt 0.860434 0.561062
vt 0.316677 0.878092
vt 0.308483 0.879936
vt 0.308581 0.875000
vt 0.859375 0.744452
vt 0.865999 0.732811
vt 0.864615 0.744834
vt 0.666565 0.919323
vt 0.671871 0.885341
vt 0.671871 0.919703
vt 0.375000 0.890810
vt 0.381642 0.880607
vt 0.380237 0.891202
vt 0.504202 0.815617
vt 0.496128 0.817466
vt 0.496258 0.812500
vt 0.870991 0.745129
vt 0.866102 0.818711
vt 0.864666 0.830890
vt 0.648504 0.919244
vt 0.655185 0.931063
vt 0.652089 0.934328
vt 0.394794 0.877798
vt 0.386612 0.879443
vt 0.386714 0.875000
vt 0.491041 0.818797
vt 0.496142 0.831125
vt 0.489624 0.830752
vt 0.430751 0.880857
vt 0.425673 0.891583
vt 0.425697 0.879464
vt 0.484375 0.830325
vt 0.433871 0.877815
vt 0.425803 0.875000
vt 0.342747 0.940048
vt 0.339852 0.943368
vt 0.440966 0.114515
vt 0.444219 0.111147
vt 0.879297 0.815640
vt 0.871079 0.817396
vt 0.871190 0.812500
vt 0.782437 0.373742
vt 0.789059 0.387075
vt 0.783729 0.387317
vt 0.843750 0.606877
vt 0.355942 0.878099
vt 0.347634 0.879671
vt 0.347729 0.875000
vt 0.769372 0.443163
vt 0.772454 0.439830
vt 0.879268 0.879322
vt 0.871090 0.882809
vt 0.777309 0.372066
vt 0.296875 0.892854
vt 0.303508 0.881281
vt 0.302113 0.893263
vt 0.785838 0.370658
vt 0.777382 0.367188
vt 0.320309 0.927563
vt 0.316628 0.942590
vt 0.765625 0.387349
vt 0.772269 0.373526
vt 0.770913 0.387543
vt 0.863143 0.880341
vt 0.866078 0.876888
vt 0.786150 0.440858
vt 0.777521 0.445309
vt 0.879188 0.729603
vt 0.870978 0.731436
vt 0.871076 0.726562
vt 0.867116 0.572903
vt 0.877500 0.830925
vt 0.882758 0.864285
vt 0.877400 0.864006
vt 0.882743 0.658911
vt 0.442760 0.095838
vt 0.437500 0.096198
vt 0.770882 0.425931
vt 0.765625 0.426339
vt 0.391669 0.880826
vt 0.398434 0.891293
vt 0.393075 0.891602
vt 0.440723 0.034712
vt 0.393131 0.921400
vt 0.398434 0.921810
vt 0.768970 0.370359
vt 0.876042 0.732913
vt 0.882809 0.744739
vt 0.877453 0.745077
vt 0.339534 0.877812
vt 0.347627 0.893465
vt 0.863093 0.815312
vt 0.871069 0.831083
vt 0.417770 0.877501
vt 0.419353 0.920984
vt 0.378676 0.877513
vt 0.449173 0.053499
vt 0.308489 0.893608
vt 0.488055 0.815345
vt 0.653791 0.918936
vt 0.666516 0.885673
vt 0.300508 0.877868
vt 0.879197 0.708046
vt 0.862967 0.729465
vt 0.864731 0.692382
vt 0.652006 0.870108
vt 0.457980 0.112537
vt 0.864728 0.778278
vt 0.866141 0.704532
vt 0.863639 0.622057
vt 0.861830 0.573205
vt 0.504143 0.880085
vt 0.788978 0.424254
vt 0.432136 0.891572
vt 0.879162 0.794132
vt 0.695133 0.070757
vt 0.502462 0.831120
vt 0.665105 0.873486
vt 0.433749 0.934939
vt 0.850516 0.618752
vt 0.394697 0.935153
vt 0.501074 0.818992
vt 0.460934 0.053113
vt 0.454325 0.038203
vt 0.386610 0.891571
vt 0.308694 0.945309
vt 0.313543 0.881450
vt 0.320309 0.893245
vt 0.314951 0.893590
vt 0.668245 0.934746
vt 0.660264 0.937496
vt 0.882809 0.779094
vt 0.359304 0.926453
vt 0.660055 0.885741
vt 0.882809 0.830568
vt 0.876140 0.818937
vt 0.296939 0.926982
vt 0.484437 0.864460
vt 0.375061 0.921102
vt 0.414062 0.921316
vt 0.847353 0.557459
vt 0.855354 0.554688
vt 0.553118 0.127057
vt 0.489737 0.864127
vt 0.623267 0.373287
vt 0.548699 0.441328
vt 0.548604 0.373287
vt 0.812497 0.812608
vt 0.820309 0.914059
vt 0.812497 0.913950
vt 0.773438 0.812500
vt 0.781249 0.913950
vt 0.773438 0.914059
vt 0.781249 0.812608
vt 0.789061 0.913733
vt 0.796873 0.812934
vt 0.804685 0.913733
vt 0.796873 0.913625
vt 0.315005 0.927141
vt 0.302228 0.926656
vt 0.380350 0.920812
vt 0.877503 0.778699
vt 0.353946 0.926321
vt 0.600253 0.771644
vt 0.632652 0.764490
vt 0.632809 0.771644
vt 0.628957 0.816339
vt 0.623194 0.795742
vt 0.849105 0.606549
vt 0.723980 0.695312
vt 0.769558 0.733975
vt 0.707000 0.733975
vt 0.822906 0.486422
vt 0.828121 0.513734
vt 0.822906 0.513574
vt 0.789061 0.812825
vt 0.561760 0.229262
vt 0.546724 0.205094
vt 0.546724 0.177678
vt 0.808857 0.656246
vt 0.816000 0.651068
vt 0.815981 0.656246
vt 0.766202 0.651068
vt 0.744874 0.656246
vt 0.744874 0.651068
vt 0.787530 0.651068
vt 0.766202 0.656246
vt 0.701627 0.656246
vt 0.736830 0.651068
vt 0.736830 0.656246
vt 0.787530 0.656246
vt 0.822906 0.651068
vt 0.828119 0.651361
vt 0.823114 0.656246
vt 0.548553 0.448737
vt 0.623173 0.441328
vt 0.623318 0.448737
vt 0.539062 0.177678
vt 0.582222 0.228181
vt 0.649801 0.229027
vt 0.707424 0.227404
vt 0.867734 0.223582
vt 0.874996 0.159405
vt 0.874996 0.223477
vt 0.752579 0.945309
vt 0.723980 0.805534
vt 0.752579 0.805534
vt 0.600253 0.626348
vt 0.775474 0.225923
vt 0.563081 0.244026
vt 0.581799 0.235492
vt 0.581513 0.242817
vt 0.562335 0.236563
vt 0.775623 0.234045
vt 0.775928 0.242163
vt 0.707520 0.235402
vt 0.707754 0.243368
vt 0.649371 0.237164
vt 0.562720 0.344248
vt 0.564048 0.351559
vt 0.555718 0.345971
vt 0.867661 0.311648
vt 0.874996 0.311970
vt 0.867954 0.319413
vt 0.539816 0.240055
vt 0.548043 0.245910
vt 0.540979 0.247831
vt 0.546594 0.231324
vt 0.539083 0.232558
vt 0.874996 0.231299
vt 0.867503 0.239251
vt 0.874996 0.239021
vt 0.547843 0.238688
vt 0.867467 0.231408
vt 0.568140 0.254509
vt 0.563430 0.249180
vt 0.871199 0.796871
vt 0.694969 0.312128
vt 0.449143 0.117184
vt 0.553123 0.255698
vt 0.571618 0.771644
vt 0.539219 0.764490
vt 0.571618 0.764490
vt 0.539062 0.771644
vt 0.548678 0.795742
vt 0.542914 0.816339
vt 0.816000 0.348928
vt 0.808857 0.343750
vt 0.815981 0.343750
vt 0.744874 0.343750
vt 0.766202 0.348928
vt 0.744874 0.348928
vt 0.766202 0.343750
vt 0.787530 0.348928
vt 0.736830 0.348928
vt 0.701627 0.343750
vt 0.736830 0.343750
vt 0.787530 0.343750
vt 0.828116 0.486262
vt 0.822906 0.348928
vt 0.828119 0.348636
vt 0.539083 0.205094
vt 0.581889 0.154574
vt 0.621408 0.368974
vt 0.550463 0.368974
vt 0.554965 0.367188
vt 0.804685 0.812825
vt 0.823114 0.343750
vt 0.543303 0.626348
vt 0.695603 0.319413
vt 0.628568 0.626348
vt 0.600253 0.764490
vt 0.695769 0.063475
vt 0.775490 0.739734
vt 0.701069 0.739734
vt 0.781246 0.760589
vt 0.695312 0.760589
vt 0.775490 0.781445
vt 0.701069 0.781445
vt 0.759763 0.796712
vt 0.716796 0.796712
vt 0.723980 0.798581
vt 0.752579 0.798581
vt 0.425804 0.937496
vt 0.386803 0.937496
vt 0.496364 0.882809
vt 0.565369 0.121565
vt 0.557861 0.120943
vt 0.568112 0.128252
vt 0.820309 0.812500
vt 0.632809 0.868834
vt 0.630932 0.873198
vt 0.626426 0.874996
vt 0.623194 0.836935
vt 0.602839 0.874996
vt 0.617254 0.842621
vt 0.600253 0.778819
vt 0.607446 0.780665
vt 0.752579 0.695312
vt 0.808860 0.651068
vt 0.695312 0.651068
vt 0.723980 0.945309
vt 0.571618 0.626348
vt 0.648974 0.245292
vt 0.557854 0.261819
vt 0.565358 0.261202
vt 0.555770 0.249346
vt 0.564425 0.780665
vt 0.571618 0.778819
vt 0.540939 0.873198
vt 0.539062 0.868834
vt 0.545445 0.874996
vt 0.569032 0.874996
vt 0.554617 0.842621
vt 0.548678 0.836935
vt 0.808860 0.348928
vt 0.695312 0.348928
vt 0.616906 0.367188
s 1
usemtl Sochete-1
f 437/791/298 427/792/299 439/793/300
f 427/792/299 438/794/301 439/793/300
f 431/795/302 430/796/303 428/797/304
f 433/798/305 429/799/306 430/796/303
f 435/800/307 433/798/305 431/795/302
f 436/801/308 432/802/309 433/798/305
f 435/800/307 427/792/299 436/801/308
f 436/801/308 425/803/310 434/804/311
f 440/805/312 441/806/313 443/807/314
f 446/808/315 448/809/316 1067/810/317
f 453/811/318 450/812/319 454/813/320
f 453/811/318 452/814/321 451/815/322
f 1068/816/323 456/817/324 459/818/325
f 1068/816/323 458/819/326 457/820/327
f 440/805/312 449/821/328 441/806/313
f 457/820/327 446/808/315 1067/810/317
f 437/791/298 454/813/320 450/812/319
f 439/793/300 452/814/321 454/813/320
f 428/797/304 459/818/325 456/817/324
f 430/796/303 458/819/326 459/818/325
f 492/822/329 668/823/330 666/824/331
f 635/825/332 692/826/333 637/827/334
f 613/828/335 496/829/336 557/830/337
f 608/831/338 500/832/339 561/833/340
f 618/834/341 504/835/342 565/836/343
f 651/837/344 505/838/345 553/839/346
f 623/840/347 484/841/348 569/842/349
f 628/843/350 488/844/351 573/845/352
f 633/846/353 493/847/354 577/848/355
f 683/849/356 644/850/357 679/851/358
f 638/852/359 495/853/360 581/854/361
f 643/855/362 499/856/363 585/857/364
f 625/858/365 702/859/366 627/860/367
f 648/861/368 503/862/369 589/863/370
f 718/864/371 605/865/372 608/831/338
f 653/866/373 507/867/374 593/868/375
f 479/869/376 712/870/377 710/871/378
f 711/872/379 614/873/380 616/874/381
f 658/875/382 487/876/383 597/877/384
f 707/878/385 620/879/386 622/880/387
f 661/881/388 462/882/389 659/883/390
f 573/845/352 534/884/391 486/885/392
f 720/886/393 612/887/394 610/888/395
f 511/889/396 596/890/397 598/891/398
f 645/892/399 682/893/400 647/894/401
f 701/895/402 476/896/403 699/897/404
f 577/848/355 539/898/405 491/899/406
f 531/900/407 556/901/408 558/902/409
f 681/903/410 468/904/411 679/851/358
f 581/854/361 542/905/412 494/906/413
f 589/863/370 551/907/414 591/908/415
f 667/909/416 492/822/329 666/824/331
f 711/872/379 480/910/417 709/911/418
f 585/857/364 545/912/419 497/913/420
f 565/836/343 552/914/421 567/915/422
f 514/916/423 600/917/424 602/918/425
f 672/919/426 464/920/427 671/921/428
f 727/922/429 437/791/298 728/923/429
f 589/863/370 549/924/430 501/925/431
f 515/926/432 588/927/433 590/928/434
f 464/920/427 673/929/435 671/921/428
f 721/930/436 465/931/437 719/932/438
f 601/933/439 537/934/440 489/935/441
f 517/936/442 584/937/443 586/938/444
f 676/939/445 460/940/446 674/941/447
f 655/942/448 662/943/449 657/944/450
f 696/945/451 474/946/452 694/947/453
f 593/868/375 553/839/346 505/838/345
f 519/948/454 580/949/455 582/950/456
f 460/940/446 678/951/457 674/941/447
f 707/878/385 478/952/458 705/953/459
f 656/954/460 485/955/461 533/956/462
f 521/957/463 576/958/464 578/959/465
f 472/960/466 693/961/467 689/962/468
f 475/963/469 703/964/470 572/965/471
f 691/966/472 472/960/466 689/962/468
f 523/967/473 572/965/471 574/968/474
f 616/874/381 502/969/475 550/970/476
f 557/830/337 538/971/477 490/972/478
f 525/973/479 568/974/480 570/975/481
f 597/877/384 533/956/462 485/955/461
f 481/976/482 717/977/483 715/978/484
f 666/824/331 670/979/485 667/909/416
f 527/980/486 564/981/487 566/982/488
f 561/833/340 546/983/489 498/984/490
f 569/842/349 532/985/491 571/986/492
f 481/976/482 718/864/371 560/987/493
f 686/988/494 470/989/495 684/990/496
f 529/991/497 560/987/493 562/992/498
f 565/836/343 550/970/476 502/969/475
f 499/856/363 642/993/499 547/994/500
f 716/995/501 482/996/502 714/997/503
f 569/842/349 554/998/504 506/999/505
f 561/833/340 548/1000/506 563/1001/507
f 509/1002/508 592/1003/509 594/1004/510
f 665/1005/511 489/935/441 537/934/440
f 704/1006/512 621/1007/513 619/1008/514
f 646/1009/515 679/851/358 644/850/357
f 721/930/436 609/1010/516 611/1011/517
f 716/995/501 604/1012/518 606/1013/519
f 473/1014/520 697/1015/521 695/1016/522
f 556/901/408 513/1017/523 558/902/409
f 476/896/403 703/964/470 699/897/404
f 490/972/478 613/828/335 557/830/337
f 630/1018/524 697/1015/521 632/1019/525
f 560/987/493 530/1020/526 562/992/498
f 461/1021/527 677/1022/528 675/1023/529
f 604/1012/518 561/833/340 498/984/490
f 564/981/487 528/1024/530 566/982/488
f 614/873/380 565/836/343 502/969/475
f 618/834/341 709/911/418 713/1025/531
f 568/974/480 526/1026/532 570/975/481
f 506/999/505 623/840/347 569/842/349
f 623/840/347 705/953/459 708/1027/533
f 572/965/471 524/1028/534 574/968/474
f 486/885/392 628/843/350 573/845/352
f 703/964/470 624/1029/535 699/897/404
f 576/958/464 522/1030/536 578/959/465
f 484/841/348 621/1007/513 532/985/491
f 491/899/406 633/846/353 577/848/355
f 465/931/437 723/1031/537 719/932/438
f 470/989/495 688/1032/538 684/990/496
f 580/949/455 520/1033/539 582/950/456
f 494/906/413 638/852/359 581/854/361
f 656/954/460 659/883/390 654/1034/540
f 658/875/382 660/1035/541 655/942/448
f 584/937/443 518/1036/542 586/938/444
f 497/913/420 643/855/362 585/857/364
f 588/927/433 516/1037/543 590/928/434
f 501/925/431 648/861/368 589/863/370
f 592/1003/509 508/1038/544 594/1004/510
f 505/838/345 653/866/373 593/868/375
f 648/861/368 680/1039/545 645/892/399
f 596/890/397 510/1040/546 598/891/398
f 496/829/336 612/887/394 544/1041/547
f 485/955/461 658/875/382 597/877/384
f 678/951/457 649/1042/548 674/941/447
f 467/1043/549 682/893/400 680/1039/545
f 600/917/424 512/1044/550 602/918/425
f 489/935/441 668/823/330 601/933/439
f 673/929/435 664/1045/551 671/921/428
f 611/1011/517 490/972/478 538/971/477
f 495/853/360 637/827/334 543/1046/552
f 503/862/369 647/894/401 551/907/414
f 708/1027/533 619/1008/514 623/840/347
f 500/832/339 607/1047/553 548/1000/506
f 475/963/469 702/859/366 700/1048/554
f 610/888/395 723/1031/537 720/886/393
f 555/1049/555 593/868/375 507/867/374
f 628/843/350 700/1048/554 625/858/365
f 622/880/387 506/999/505 554/998/504
f 468/904/411 683/849/356 679/851/358
f 1071/1050/556 448/809/316 446/808/315
f 633/846/353 695/1016/522 630/1018/524
f 638/852/359 690/1051/557 635/825/332
f 662/943/449 463/1052/558 511/889/396
f 536/1053/559 573/845/352 488/844/351
f 482/996/502 718/864/371 714/997/503
f 466/1054/560 673/929/435 600/917/424
f 670/979/485 466/1054/560 514/916/423
f 541/1055/561 577/848/355 493/847/354
f 692/826/333 471/1056/562 519/948/454
f 722/1057/563 483/1058/564 531/900/407
f 543/1046/552 581/854/361 495/853/360
f 544/1041/547 557/830/337 496/829/336
f 474/946/452 698/1059/565 694/947/453
f 585/857/364 547/994/500 587/1060/566
f 469/1061/567 687/1062/568 685/1063/569
f 597/877/384 535/1064/570 599/1065/571
f 487/876/383 657/944/450 535/1064/570
f 488/844/351 627/860/367 536/1053/559
f 507/867/374 652/1066/572 555/1049/555
f 493/847/354 632/1019/525 541/1055/561
f 504/835/342 617/1067/573 552/914/421
f 480/910/417 713/1025/531 709/911/418
f 478/952/458 708/1027/533 705/953/459
f 462/882/389 663/1068/574 659/883/390
f 706/1069/575 477/1070/576 525/973/479
f 646/1009/515 501/925/431 549/924/430
f 641/1071/577 497/913/420 545/912/419
f 636/1072/578 494/906/413 542/905/412
f 631/1073/579 491/899/406 539/898/405
f 626/1074/580 486/885/392 534/884/391
f 606/1013/519 498/984/490 546/983/489
f 473/1014/520 698/1059/565 576/958/464
f 477/1070/576 708/1027/533 568/974/480
f 479/869/376 713/1025/531 564/981/487
f 461/1021/527 678/951/457 592/1003/509
f 463/1052/558 663/1068/574 596/890/397
f 483/1058/564 723/1031/537 556/901/408
f 601/933/439 540/1075/581 603/1076/582
f 467/1043/549 683/849/356 588/927/433
f 469/1061/567 688/1032/538 584/937/443
f 471/1056/562 693/961/467 580/949/455
f 685/1063/569 643/855/362 688/1032/538
f 450/812/319 440/805/312 729/1077/429
f 636/1072/578 689/962/468 634/1078/583
f 457/1079/327 769/1080/584 778/1081/585
f 1046/1082/586 729/1083/587 724/1084/586
f 1051/1085/587 728/1086/588 729/1087/587
f 1050/1088/588 727/1089/589 728/1086/588
f 1048/1090/590 725/1091/591 726/1092/590
f 608/831/338 714/997/503 718/864/371
f 687/1062/568 640/1093/592 685/1063/569
f 641/1071/577 684/990/496 639/1094/593
f 651/837/344 674/941/447 649/1042/548
f 607/1047/553 715/978/484 717/977/483
f 698/1059/565 629/1095/594 694/947/453
f 631/1073/579 694/947/453 629/1095/594
f 626/1074/580 699/897/404 624/1029/535
f 693/961/467 634/1078/583 689/962/468
f 665/1005/511 671/921/428 664/1045/551
f 663/1068/574 654/1034/540 659/883/390
f 650/1096/595 677/1022/528 652/1066/572
f 719/932/438 613/828/335 609/1010/516
f 713/1025/531 615/1097/596 618/834/341
f 710/871/378 617/1067/573 615/1097/596
f 733/1098/597 443/1099/314 441/1100/313
f 653/866/373 675/1023/529 650/1096/595
f 441/1100/313 741/1101/590 739/1102/590
f 669/1103/598 668/823/330 673/929/435
f 688/1032/538 639/1094/593 684/990/496
f 731/1104/599 762/1105/590 442/1106/590
f 1057/1107/600 732/1108/601 735/1109/602
f 1049/1110/589 726/1092/590 727/1089/589
f 758/1111/603 1053/1112/604 731/1113/604
f 740/1114/605 742/1115/606 736/1116/606
f 445/1117/607 738/1118/608 444/1119/608
f 447/1120/609 741/1121/607 445/1117/607
f 744/1122/610 442/1123/611 737/1124/611
f 447/1120/609 740/1114/605 739/1125/609
f 444/1119/608 737/1124/611 442/1123/611
f 734/1126/607 732/1108/601 730/1127/607
f 736/1116/607 734/1126/607 733/1128/607
f 768/1129/612 1067/1130/317 448/1131/316
f 744/1132/613 452/814/321 731/1113/604
f 746/1133/614 435/800/307 755/1134/615
f 755/1134/615 431/795/302 751/1135/616
f 777/1136/617 455/1137/618 776/1138/619
f 1057/1139/620 734/1140/620 1056/1141/620
f 768/1129/612 448/1131/316 732/1142/620
f 431/795/302 748/1143/621 751/1135/616
f 748/1143/621 456/817/324 777/1136/617
f 757/1144/622 747/1145/623 745/1146/624
f 758/1111/603 747/1145/623 759/1147/625
f 750/1148/626 751/1135/616 748/1143/621
f 749/1149/627 753/1150/628 750/1148/626
f 753/1150/628 755/1134/615 751/1135/616
f 752/1151/629 756/1152/630 753/1150/628
f 755/1134/615 747/1145/623 746/1133/614
f 756/1152/630 745/1146/624 747/1145/623
f 760/1153/631 763/1154/632 761/1155/633
f 766/1156/634 769/1157/584 768/1158/612
f 774/1159/635 771/1160/636 770/1161/637
f 773/1162/638 774/1159/635 772/1163/639
f 780/1164/640 777/1136/617 776/1138/619
f 779/1165/641 780/1164/640 778/1166/585
f 760/1153/631 770/1161/637 771/1160/636
f 766/1156/634 778/1166/585 769/1157/584
f 775/1167/642 757/1144/622 771/1160/636
f 773/1162/638 759/1147/625 775/1167/642
f 781/1168/643 748/1143/621 777/1136/617
f 779/1165/641 750/1148/626 781/1168/643
f 916/863/644 954/907/645 1002/862/646
f 829/939/647 831/941/648 1045/940/649
f 867/852/650 1010/853/651 870/825/652
f 840/1005/653 841/1045/654 834/921/655
f 1026/869/656 941/981/657 792/1025/658
f 874/1073/659 966/898/660 1014/899/661
f 789/995/662 1023/996/663 975/1020/664
f 849/954/665 1020/955/666 851/1034/667
f 804/895/668 1029/896/669 981/1028/670
f 916/863/644 914/908/671 954/907/645
f 852/866/672 998/867/673 855/1096/674
f 795/871/675 890/1097/676 888/1067/677
f 980/973/678 935/975/679 937/974/680
f 1038/1043/681 917/927/682 822/849/683
f 999/999/684 936/842/685 882/840/686
f 998/867/673 950/1049/687 853/1066/688
f 802/964/689 881/1029/690 877/843/691
f 789/995/662 899/1013/692 901/1012/693
f 982/967/694 933/965/695 1030/963/696
f 976/991/697 943/992/698 945/987/699
f 874/1073/659 811/947/700 809/945/701
f 1024/976/702 788/977/703 976/991/697
f 1015/972/704 948/830/705 892/828/706
f 961/1041/707 1009/829/708 948/830/705
f 928/848/709 1014/899/661 966/898/660
f 1000/838/710 852/866/672 856/1042/711
f 991/916/712 905/917/713 1039/1054/714
f 1002/862/646 954/907/645 858/894/715
f 1012/847/716 873/1019/717 875/1018/718
f 844/881/719 1043/882/720 995/1040/721
f 1011/906/722 924/854/723 867/852/650
f 824/903/724 1037/904/725 989/1037/726
f 937/974/680 979/1026/727 1027/952/728
f 854/837/729 1000/838/710 856/1042/711
f 925/949/730 923/950/731 985/1033/732
f 813/826/733 986/948/734 1034/1056/735
f 1036/1061/736 817/1032/737 820/1063/738
f 1048/1169/739 1049/1170/739 745/1146/624
f 898/1047/740 788/977/703 790/978/741
f 964/1055/742 1012/847/716 928/848/709
f 1022/1058/743 782/1031/744 785/886/745
f 1044/1021/746 827/951/747 830/1023/748
f 809/945/701 1031/946/749 983/1030/750
f 1039/1054/714 905/917/713 832/929/751
f 836/1103/752 837/823/753 839/824/754
f 867/852/650 924/854/723 1010/853/651
f 894/1011/755 1015/972/704 896/1010/756
f 869/1072/757 963/905/758 1011/906/722
f 969/1053/759 1017/844/760 932/845/761
f 792/1025/658 890/1097/676 795/871/675
f 1035/989/762 817/1032/737 921/937/763
f 1024/976/702 787/864/764 790/978/741
f 867/852/650 870/825/652 815/1051/765
f 1037/904/725 822/849/683 917/927/682
f 827/951/747 856/1042/711 852/866/672
f 950/1049/687 912/868/766 910/1171/767
f 1037/904/725 826/851/768 822/849/683
f 869/1072/757 871/1078/769 816/962/770
f 784/930/771 1040/931/772 992/1017/773
f 877/843/691 880/858/774 805/1048/775
f 936/842/685 973/985/776 1021/841/777
f 1044/1021/746 828/1022/778 996/1002/779
f 870/825/652 868/827/780 813/826/733
f 895/888/781 785/886/745 782/1031/744
f 1013/822/782 837/823/753 904/933/783
f 1010/853/651 962/1046/784 868/827/780
f 1015/972/704 892/828/706 896/1010/756
f 783/1057/785 1022/1058/743 785/886/745
f 1005/832/786 957/1000/787 898/1047/740
f 820/1063/738 817/1032/737 862/855/788
f 792/1025/658 887/834/789 890/1097/676
f 949/901/790 992/1017/773 1040/931/772
f 1043/882/720 846/883/791 842/1068/792
f 921/937/763 919/938/793 987/1036/794
f 920/857/795 918/1060/796 958/994/797
f 850/942/798 843/943/799 845/1035/800
f 1006/856/801 958/994/797 863/993/802
f 804/895/668 806/897/803 1029/896/669
f 901/1012/693 1007/984/804 944/833/805
f 1019/885/806 932/845/761 877/843/691
f 1030/963/696 803/859/807 982/967/694
f 1026/869/656 792/1025/658 795/871/675
f 917/927/682 989/1037/726 1037/904/725
f 990/926/808 917/927/682 1038/1043/681
f 849/954/665 972/956/809 1020/955/666
f 1032/1014/810 808/1015/811 984/957/812
f 855/1096/674 828/1022/778 830/1023/748
f 870/825/652 813/826/733 815/1051/765
f 887/834/789 796/911/813 891/873/814
f 1034/1056/735 925/949/730 812/961/815
f 944/833/805 942/1001/816 957/1000/787
f 1040/931/772 782/1031/744 949/901/790
f 1025/910/817 796/911/813 792/1025/658
f 819/988/818 821/990/819 1035/989/762
f 913/1003/820 997/1038/821 1045/940/649
f 980/973/678 937/974/680 1028/1070/822
f 944/833/805 1007/984/804 959/983/823
f 832/929/751 841/1045/654 837/823/753
f 1006/856/801 863/993/802 865/1093/824
f 920/857/795 960/912/825 918/1060/796
f 1028/1070/822 797/1027/826 801/1006/827
f 835/979/828 1039/1054/714 836/1103/752
f 883/880/829 999/999/684 885/879/830
f 847/875/831 1018/876/832 850/942/798
f 822/849/683 826/851/768 861/850/833
f 880/858/774 878/860/834 803/859/807
f 813/826/733 1034/1056/735 815/1051/765
f 897/831/835 1005/832/786 900/865/836
f 998/867/673 853/1066/688 855/1096/674
f 864/1071/837 866/1094/838 821/990/819
f 852/866/672 830/1023/748 827/951/747
f 859/1009/839 956/924/840 1004/925/841
f 824/903/724 826/851/768 1037/904/725
f 807/1059/842 876/1095/843 872/846/844
f 822/849/683 861/850/833 857/861/845
f 978/980/846 941/981/657 1026/869/656
f 994/889/847 907/891/848 909/890/849
f 799/1069/850 1028/1070/822 801/1006/827
f 1038/1043/681 822/849/683 825/1039/851
f 988/936/852 921/937/763 1036/1061/736
f 877/843/691 932/845/761 1017/844/760
f 1041/920/853 832/929/751 905/917/713
f 787/864/764 900/865/836 790/978/741
f 904/933/783 902/1076/854 965/1075/855
f 789/995/662 791/997/856 1023/996/663
f 812/961/815 816/962/770 871/1078/769
f 909/890/849 995/1040/721 1043/882/720
f 945/987/699 943/992/698 975/1020/664
f 908/877/857 906/1065/858 970/1064/859
f 1024/976/702 790/978/741 788/977/703
f 1027/952/728 800/953/860 797/1027/826
f 1017/844/760 878/860/834 880/858/774
f 768/1158/612 1069/1172/861 766/1156/634
f 1033/960/862 816/962/770 812/961/815
f 988/936/852 919/938/793 921/937/763
f 818/1062/863 865/1093/824 863/993/802
f 986/948/734 925/949/730 1034/1056/735
f 789/995/662 901/1012/693 791/997/856
f 879/1074/864 1019/885/806 881/1029/690
f 869/1072/757 1011/906/722 871/1078/769
f 785/886/745 893/887/865 783/1057/785
f 1023/996/663 787/864/764 945/987/699
f 801/1006/827 884/1007/866 799/1069/850
f 880/858/774 803/859/807 805/1048/775
f 877/843/691 1017/844/760 880/858/774
f 1016/935/867 837/823/753 841/1045/654
f 1008/913/868 920/857/795 862/855/788
f 1036/1061/736 818/1062/863 988/936/852
f 1016/935/867 904/933/783 837/823/753
f 814/966/869 1033/960/862 985/1033/732
f 798/878/870 1027/952/728 979/1026/727
f 1017/844/760 969/1053/759 878/860/834
f 860/892/871 823/893/872 825/1039/851
f 1028/1070/822 937/974/680 797/1027/826
f 891/873/814 940/836/873 887/834/789
f 1014/899/661 872/846/844 876/1095/843
f 898/1047/740 790/978/741 900/865/836
f 921/937/763 987/1036/794 1035/989/762
f 854/837/729 856/1042/711 831/941/648
f 887/834/789 1001/835/874 890/1097/676
f 798/878/870 885/879/830 800/953/860
f 940/836/873 953/914/875 1001/835/874
f 908/877/857 972/956/809 906/1065/858
f 817/1032/737 821/990/819 866/1094/838
f 1002/862/646 858/894/715 860/892/871
f 849/954/665 846/883/791 844/881/719
f 882/840/686 800/953/860 885/879/830
f 812/961/815 871/1078/769 867/852/650
f 869/1072/757 816/962/770 814/966/869
f 996/1002/779 913/1003/820 1044/1021/746
f 1009/829/708 961/1041/707 893/887/865
f 1025/910/817 792/1025/658 941/981/657
f 961/1041/707 948/830/705 946/1173/876
f 843/943/799 1042/1052/877 845/1035/800
f 794/872/878 796/911/813 1025/910/817
f 771/1160/636 1051/1174/739 760/1153/631
f 904/933/783 1016/935/867 968/934/879
f 891/873/814 1003/969/880 940/836/873
f 991/916/712 903/918/881 905/917/713
f 920/857/795 1008/913/868 960/912/825
f 794/872/878 889/874/882 891/873/814
f 887/834/789 792/1025/658 796/911/813
f 982/967/694 931/968/883 933/965/695
f 798/878/870 800/953/860 1027/952/728
f 948/830/705 1015/972/704 967/971/884
f 986/948/734 923/950/731 925/949/730
f 887/834/789 940/836/873 1001/835/874
f 852/866/672 912/868/766 998/867/673
f 847/875/831 908/877/857 1018/876/832
f 1044/1021/746 830/1023/748 828/1022/778
f 840/1005/653 968/934/879 1016/935/867
f 801/1006/827 886/1008/885 884/1007/866
f 1055/1175/886 763/1176/632 1052/1177/887
f 844/881/719 846/883/791 1043/882/720
f 761/1178/633 1061/1179/590 1063/1180/590
f 897/831/835 944/833/805 1005/832/786
f 1041/920/853 834/921/655 832/929/751
f 1064/1181/888 1062/1182/889 1058/1183/888
f 1060/1184/890 765/1185/891 764/1186/890
f 1063/1187/891 767/1188/892 765/1185/891
f 762/1189/893 1066/1190/894 1059/1191/893
f 1062/1182/889 767/1188/892 1061/1192/892
f 1059/1191/893 764/1186/890 762/1189/893
f 1054/1193/895 1056/1194/891 1052/1195/891
f 1058/1183/891 1056/1194/891 1064/1181/891
f 773/1162/638 1066/1196/613 1053/1112/604
f 758/1111/603 426/1197/896 746/1133/614
f 1068/1198/323 778/1081/585 780/1199/640
f 776/1200/619 1068/1198/323 780/1199/640
f 1047/1201/591 724/1084/586 725/1091/591
f 1055/1202/891 1052/1195/891 1056/1194/891
f 733/1128/607 734/1126/607 730/1127/607
f 1070/1203/897 1052/1177/887 763/1176/632
f 1070/1204/897 760/1153/631 1069/1172/861
f 1072/1205/898 730/1206/899 732/1142/620
f 1072/1207/898 440/805/312 443/807/314
f 429/799/306 432/802/309 1071/1050/556
f 1069/1172/861 752/1151/629 749/1149/627
f 452/814/321 438/794/301 731/1113/604
f 438/794/301 758/1111/603 731/1113/604
f 758/1111/603 773/1162/638 1053/1112/604
f 442/1106/590 764/1208/590 444/1209/590
f 444/1209/590 765/1210/590 445/1211/590
f 445/1211/590 767/1212/590 447/1213/590
f 447/1213/590 1065/1214/590 743/1215/590
f 1065/1214/590 742/1216/900 743/1215/590
f 1064/1217/900 734/1140/901 742/1216/900
f 437/791/298 425/803/310 427/792/299
f 427/792/299 426/1197/896 438/794/301
f 431/795/302 433/798/305 430/796/303
f 433/798/305 432/802/309 429/799/306
f 435/800/307 436/801/308 433/798/305
f 436/801/308 434/804/311 432/802/309
f 435/800/307 426/1197/896 427/792/299
f 436/801/308 427/792/299 425/803/310
f 453/811/318 449/821/328 450/812/319
f 453/811/318 454/813/320 452/814/321
f 1068/816/323 455/1137/618 456/817/324
f 1068/816/323 459/818/325 458/819/326
f 440/805/312 450/812/319 449/821/328
f 457/820/327 458/819/326 446/808/315
f 437/791/298 439/793/300 454/813/320
f 439/793/300 438/794/301 452/814/321
f 428/797/304 430/796/303 459/818/325
f 430/796/303 429/799/306 458/819/326
f 492/822/329 601/933/439 668/823/330
f 635/825/332 690/1051/557 692/826/333
f 613/828/335 610/888/395 496/829/336
f 608/831/338 605/865/372 500/832/339
f 618/834/341 615/1097/596 504/835/342
f 651/837/344 649/1042/548 505/838/345
f 623/840/347 619/1008/514 484/841/348
f 628/843/350 625/858/365 488/844/351
f 633/846/353 630/1018/524 493/847/354
f 683/849/356 648/861/368 644/850/357
f 638/852/359 635/825/332 495/853/360
f 643/855/362 640/1093/592 499/856/363
f 625/858/365 700/1048/554 702/859/366
f 648/861/368 645/892/399 503/862/369
f 718/864/371 715/978/484 605/865/372
f 653/866/373 650/1096/595 507/867/374
f 479/869/376 527/980/486 712/870/377
f 711/872/379 709/911/418 614/873/380
f 658/875/382 655/942/448 487/876/383
f 707/878/385 705/953/459 620/879/386
f 661/881/388 510/1040/546 462/882/389
f 573/845/352 575/1218/902 534/884/391
f 720/886/393 722/1057/563 612/887/394
f 511/889/396 463/1052/558 596/890/397
f 645/892/399 680/1039/545 682/893/400
f 701/895/402 524/1028/534 476/896/403
f 577/848/355 579/1219/903 539/898/405
f 531/900/407 483/1058/564 556/901/408
f 681/903/410 516/1037/543 468/904/411
f 581/854/361 583/1220/904 542/905/412
f 589/863/370 503/862/369 551/907/414
f 667/909/416 540/1075/581 492/822/329
f 711/872/379 528/1024/530 480/910/417
f 585/857/364 587/1060/566 545/912/419
f 565/836/343 504/835/342 552/914/421
f 514/916/423 466/1054/560 600/917/424
f 672/919/426 512/1044/550 464/920/427
f 440/805/312 1071/1050/556 434/804/311
f 1071/1050/556 432/802/309 434/804/311
f 434/804/311 425/803/310 725/1221/429
f 425/803/310 437/791/298 727/922/429
f 725/1221/429 724/1222/429 440/805/312
f 726/1223/429 725/1221/429 425/803/310
f 725/1221/429 440/805/312 434/804/311
f 425/803/310 727/922/429 726/1223/429
f 437/791/298 450/812/319 728/923/429
f 589/863/370 591/908/415 549/924/430
f 515/926/432 467/1043/549 588/927/433
f 464/920/427 600/917/424 673/929/435
f 721/930/436 513/1017/523 465/931/437
f 601/933/439 603/1076/582 537/934/440
f 517/936/442 469/1061/567 584/937/443
f 676/939/445 508/1038/544 460/940/446
f 655/942/448 660/1035/541 662/943/449
f 696/945/451 522/1030/536 474/946/452
f 593/868/375 595/1171/905 553/839/346
f 519/948/454 471/1056/562 580/949/455
f 460/940/446 592/1003/509 678/951/457
f 707/878/385 526/1026/532 478/952/458
f 656/954/460 654/1034/540 485/955/461
f 521/957/463 473/1014/520 576/958/464
f 472/960/466 580/949/455 693/961/467
f 475/963/469 700/1048/554 703/964/470
f 691/966/472 520/1033/539 472/960/466
f 523/967/473 475/963/469 572/965/471
f 616/874/381 614/873/380 502/969/475
f 557/830/337 559/1173/906 538/971/477
f 525/973/479 477/1070/576 568/974/480
f 597/877/384 599/1065/571 533/956/462
f 481/976/482 529/991/497 717/977/483
f 666/824/331 669/1103/598 670/979/485
f 527/980/486 479/869/376 564/981/487
f 561/833/340 563/1001/507 546/983/489
f 569/842/349 484/841/348 532/985/491
f 481/976/482 715/978/484 718/864/371
f 686/988/494 518/1036/542 470/989/495
f 529/991/497 481/976/482 560/987/493
f 565/836/343 567/915/422 550/970/476
f 499/856/363 640/1093/592 642/993/499
f 716/995/501 530/1020/526 482/996/502
f 569/842/349 571/986/492 554/998/504
f 561/833/340 500/832/339 548/1000/506
f 509/1002/508 461/1021/527 592/1003/509
f 665/1005/511 664/1045/551 489/935/441
f 704/1006/512 706/1069/575 621/1007/513
f 646/1009/515 681/903/410 679/851/358
f 721/930/436 719/932/438 609/1010/516
f 716/995/501 714/997/503 604/1012/518
f 473/1014/520 521/957/463 697/1015/521
f 556/901/408 465/931/437 513/1017/523
f 476/896/403 572/965/471 703/964/470
f 490/972/478 609/1010/516 613/828/335
f 630/1018/524 695/1016/522 697/1015/521
f 560/987/493 482/996/502 530/1020/526
f 461/1021/527 509/1002/508 677/1022/528
f 604/1012/518 608/831/338 561/833/340
f 564/981/487 480/910/417 528/1024/530
f 614/873/380 618/834/341 565/836/343
f 618/834/341 614/873/380 709/911/418
f 568/974/480 478/952/458 526/1026/532
f 506/999/505 620/879/386 623/840/347
f 623/840/347 620/879/386 705/953/459
f 572/965/471 476/896/403 524/1028/534
f 486/885/392 624/1029/535 628/843/350
f 703/964/470 628/843/350 624/1029/535
f 576/958/464 474/946/452 522/1030/536
f 484/841/348 619/1008/514 621/1007/513
f 491/899/406 629/1095/594 633/846/353
f 465/931/437 556/901/408 723/1031/537
f 470/989/495 584/937/443 688/1032/538
f 580/949/455 472/960/466 520/1033/539
f 494/906/413 634/1078/583 638/852/359
f 656/954/460 661/881/388 659/883/390
f 658/875/382 663/1068/574 660/1035/541
f 584/937/443 470/989/495 518/1036/542
f 497/913/420 639/1094/593 643/855/362
f 588/927/433 468/904/411 516/1037/543
f 501/925/431 644/850/357 648/861/368
f 592/1003/509 460/940/446 508/1038/544
f 505/838/345 649/1042/548 653/866/373
f 648/861/368 683/849/356 680/1039/545
f 596/890/397 462/882/389 510/1040/546
f 496/829/336 610/888/395 612/887/394
f 485/955/461 654/1034/540 658/875/382
f 678/951/457 653/866/373 649/1042/548
f 467/1043/549 515/926/432 682/893/400
f 600/917/424 464/920/427 512/1044/550
f 489/935/441 664/1045/551 668/823/330
f 673/929/435 668/823/330 664/1045/551
f 611/1011/517 609/1010/516 490/972/478
f 495/853/360 635/825/332 637/827/334
f 503/862/369 645/892/399 647/894/401
f 708/1027/533 704/1006/512 619/1008/514
f 500/832/339 605/865/372 607/1047/553
f 475/963/469 523/967/473 702/859/366
f 610/888/395 613/828/335 723/1031/537
f 555/1049/555 595/1171/905 593/868/375
f 628/843/350 703/964/470 700/1048/554
f 622/880/387 620/879/386 506/999/505
f 468/904/411 588/927/433 683/849/356
f 1071/1050/556 1072/1207/898 448/809/316
f 633/846/353 698/1059/565 695/1016/522
f 638/852/359 693/961/467 690/1051/557
f 662/943/449 660/1035/541 463/1052/558
f 536/1053/559 575/1218/902 573/845/352
f 482/996/502 560/987/493 718/864/371
f 466/1054/560 669/1103/598 673/929/435
f 670/979/485 669/1103/598 466/1054/560
f 541/1055/561 579/1219/903 577/848/355
f 692/826/333 690/1051/557 471/1056/562
f 722/1057/563 720/886/393 483/1058/564
f 543/1046/552 583/1220/904 581/854/361
f 544/1041/547 559/1173/906 557/830/337
f 474/946/452 576/958/464 698/1059/565
f 585/857/364 499/856/363 547/994/500
f 469/1061/567 517/936/442 687/1062/568
f 597/877/384 487/876/383 535/1064/570
f 487/876/383 655/942/448 657/944/450
f 488/844/351 625/858/365 627/860/367
f 507/867/374 650/1096/595 652/1066/572
f 493/847/354 630/1018/524 632/1019/525
f 504/835/342 615/1097/596 617/1067/573
f 480/910/417 564/981/487 713/1025/531
f 478/952/458 568/974/480 708/1027/533
f 462/882/389 596/890/397 663/1068/574
f 706/1069/575 704/1006/512 477/1070/576
f 646/1009/515 644/850/357 501/925/431
f 641/1071/577 639/1094/593 497/913/420
f 636/1072/578 634/1078/583 494/906/413
f 631/1073/579 629/1095/594 491/899/406
f 626/1074/580 624/1029/535 486/885/392
f 606/1013/519 604/1012/518 498/984/490
f 473/1014/520 695/1016/522 698/1059/565
f 477/1070/576 704/1006/512 708/1027/533
f 479/869/376 710/871/378 713/1025/531
f 461/1021/527 675/1023/529 678/951/457
f 463/1052/558 660/1035/541 663/1068/574
f 483/1058/564 720/886/393 723/1031/537
f 601/933/439 492/822/329 540/1075/581
f 467/1043/549 680/1039/545 683/849/356
f 469/1061/567 685/1063/569 688/1032/538
f 471/1056/562 690/1051/557 693/961/467
f 685/1063/569 640/1093/592 643/855/362
f 440/805/312 724/1222/429 729/1077/429
f 729/1077/429 728/923/429 450/812/319
f 636/1072/578 691/966/472 689/962/468
f 457/1079/327 1067/1130/317 769/1080/584
f 1046/1082/586 1051/1224/587 729/1083/587
f 1051/1085/587 1050/1088/588 728/1086/588
f 1050/1088/588 1049/1110/589 727/1089/589
f 1048/1090/590 1047/1201/591 725/1091/591
f 608/831/338 604/1012/518 714/997/503
f 687/1062/568 642/993/499 640/1093/592
f 641/1071/577 686/988/494 684/990/496
f 651/837/344 676/939/445 674/941/447
f 607/1047/553 605/865/372 715/978/484
f 698/1059/565 633/846/353 629/1095/594
f 631/1073/579 696/945/451 694/947/453
f 626/1074/580 701/895/402 699/897/404
f 693/961/467 638/852/359 634/1078/583
f 665/1005/511 672/919/426 671/921/428
f 663/1068/574 658/875/382 654/1034/540
f 650/1096/595 675/1023/529 677/1022/528
f 719/932/438 723/1031/537 613/828/335
f 713/1025/531 710/871/378 615/1097/596
f 710/871/378 712/870/377 617/1067/573
f 733/1098/597 730/1206/899 443/1099/314
f 653/866/373 678/951/457 675/1023/529
f 441/1100/313 449/1225/328 741/1101/590
f 449/1225/328 453/1226/318 451/1227/322
f 741/1101/590 449/1225/328 738/1228/590
f 451/1227/322 744/1229/613 737/1230/590
f 737/1230/590 738/1228/590 449/1225/328
f 451/1227/322 737/1230/590 449/1225/328
f 736/1231/590 733/1098/597 740/1232/590
f 733/1098/597 441/1100/313 740/1232/590
f 739/1102/590 740/1232/590 441/1100/313
f 669/1103/598 666/824/331 668/823/330
f 688/1032/538 643/855/362 639/1094/593
f 731/1104/599 1053/1233/590 762/1105/590
f 1057/1107/600 1054/1193/895 732/1108/601
f 1049/1110/589 1048/1090/590 726/1092/590
f 740/1114/605 743/1234/605 742/1115/606
f 445/1117/607 741/1121/607 738/1118/608
f 447/1120/609 739/1125/609 741/1121/607
f 744/1122/610 731/1235/610 442/1123/611
f 447/1120/609 743/1234/605 740/1114/605
f 444/1119/608 738/1118/608 737/1124/611
f 734/1126/607 735/1109/602 732/1108/601
f 736/1116/607 742/1115/607 734/1126/607
f 768/1129/612 769/1080/584 1067/1130/317
f 744/1132/613 451/815/322 452/814/321
f 746/1133/614 426/1197/896 435/800/307
f 755/1134/615 435/800/307 431/795/302
f 777/1136/617 456/817/324 455/1137/618
f 1057/1139/620 735/1236/620 734/1140/620
f 1072/1205/898 732/1142/620 448/1131/316
f 732/1142/620 1054/1237/620 768/1129/612
f 1054/1237/620 1070/1203/897 768/1129/612
f 431/795/302 428/797/304 748/1143/621
f 748/1143/621 428/797/304 456/817/324
f 757/1144/622 759/1147/625 747/1145/623
f 758/1111/603 746/1133/614 747/1145/623
f 750/1148/626 753/1150/628 751/1135/616
f 749/1149/627 752/1151/629 753/1150/628
f 753/1150/628 756/1152/630 755/1134/615
f 752/1151/629 754/1238/907 756/1152/630
f 755/1134/615 756/1152/630 747/1145/623
f 756/1152/630 754/1238/907 745/1146/624
f 774/1159/635 775/1167/642 771/1160/636
f 773/1162/638 775/1167/642 774/1159/635
f 780/1164/640 781/1168/643 777/1136/617
f 779/1165/641 781/1168/643 780/1164/640
f 760/1153/631 761/1155/633 770/1161/637
f 766/1156/634 779/1165/641 778/1166/585
f 775/1167/642 759/1147/625 757/1144/622
f 773/1162/638 758/1111/603 759/1147/625
f 781/1168/643 750/1148/626 748/1143/621
f 779/1165/641 749/1149/627 750/1148/626
f 838/909/908 1013/822/782 965/1075/855
f 850/942/798 848/944/909 843/943/799
f 862/855/788 1006/856/801 865/1093/824
f 842/1068/792 846/883/791 851/1034/667
f 1044/1021/746 913/1003/820 827/951/747
f 879/1074/864 971/884/910 1019/885/806
f 936/842/685 951/998/911 934/986/912
f 984/957/812 929/958/913 1032/1014/810
f 928/848/709 966/898/660 926/1219/914
f 838/909/908 839/824/754 1013/822/782
f 1026/869/656 793/870/915 978/980/846
f 852/866/672 855/1096/674 830/1023/748
f 908/877/857 1020/955/666 972/956/809
f 1036/1061/736 921/937/763 817/1032/737
f 882/840/686 797/1027/826 800/953/860
f 1012/847/716 964/1055/742 873/1019/717
f 929/958/913 983/1030/750 1031/946/749
f 1032/1014/810 810/1016/916 808/1015/811
f 889/874/882 1003/969/880 891/873/814
f 940/836/873 1003/969/880 955/970/917
f 879/1074/864 806/897/803 804/895/668
f 832/929/751 834/921/655 841/1045/654
f 1029/896/669 806/897/803 802/964/689
f 820/1063/738 862/855/788 865/1093/824
f 974/900/918 947/902/919 949/901/790
f 857/861/845 825/1039/851 822/849/683
f 1020/955/666 908/877/857 847/875/831
f 944/833/805 957/1000/787 1005/832/786
f 1001/835/874 888/1067/677 890/1097/676
f 857/861/845 860/892/871 825/1039/851
f 1042/1052/877 909/890/849 842/1068/792
f 924/854/723 963/905/758 922/1220/920
f 999/999/684 882/840/686 885/879/830
f 1004/925/841 916/863/644 857/861/845
f 899/1013/692 959/983/823 1007/984/804
f 864/1071/837 1008/913/868 866/1094/838
f 1034/1056/735 812/961/815 815/1051/765
f 752/1151/629 1069/1172/861 754/1238/907
f 1069/1172/861 760/1153/631 754/1238/907
f 760/1153/631 1046/1239/739 1047/1240/739
f 760/1153/631 1047/1240/739 754/1238/907
f 1047/1240/739 1048/1169/739 745/1146/624
f 754/1238/907 1047/1240/739 745/1146/624
f 757/1144/622 745/1146/624 1049/1170/739
f 1050/1241/739 771/1160/636 757/1144/622
f 1049/1170/739 1050/1241/739 757/1144/622
f 847/875/831 850/942/798 845/1035/800
f 1043/882/720 842/1068/792 909/890/849
f 904/933/783 965/1075/855 1013/822/782
f 1042/1052/877 842/1068/792 845/1035/800
f 1038/1043/681 825/1039/851 823/893/872
f 920/857/795 958/994/797 1006/856/801
f 817/1032/737 866/1094/838 862/855/788
f 862/855/788 920/857/795 1006/856/801
f 1010/853/651 868/827/780 870/825/652
f 1035/989/762 821/990/819 817/1032/737
f 867/852/650 815/1051/765 812/961/815
f 795/871/675 888/1067/677 793/870/915
f 925/949/730 985/1033/732 1033/960/862
f 819/988/818 1035/989/762 987/1036/794
f 1005/832/786 898/1047/740 900/865/836
f 872/846/844 810/1016/916 807/1059/842
f 1038/1043/681 823/893/872 990/926/808
f 877/843/691 805/1048/775 802/964/689
f 1020/955/666 847/875/831 851/1034/667
f 897/831/835 787/864/764 791/997/856
f 827/951/747 831/941/648 856/1042/711
f 1011/906/722 867/852/650 871/1078/769
f 894/1011/755 967/971/884 1015/972/704
f 901/1012/693 944/833/805 897/831/835
f 892/828/706 948/830/705 1009/829/708
f 1019/885/806 877/843/691 881/1029/690
f 917/927/682 915/928/921 989/1037/726
f 976/991/697 945/987/699 1024/976/702
f 875/1018/718 808/1015/811 810/1016/916
f 962/1046/784 924/854/723 922/1220/920
f 945/987/699 975/1020/664 1023/996/663
f 849/954/665 851/1034/667 846/883/791
f 786/932/922 896/1010/756 892/828/706
f 1029/896/669 802/964/689 933/965/695
f 1040/931/772 786/932/922 782/1031/744
f 874/1073/659 876/1095/843 811/947/700
f 842/1068/792 851/1034/667 847/875/831
f 829/939/647 1045/940/649 997/1038/821
f 1024/976/702 945/987/699 787/864/764
f 924/854/723 1011/906/722 963/905/758
f 941/981/657 939/982/923 977/1024/924
f 802/964/689 806/897/803 881/1029/690
f 895/888/781 782/1031/744 892/828/706
f 783/1057/785 974/900/918 1022/1058/743
f 1004/925/841 857/861/845 861/850/833
f 904/933/783 968/934/879 902/1076/854
f 984/957/812 927/959/925 929/958/913
f 797/1027/826 882/840/686 886/1008/885
f 786/932/922 892/828/706 782/1031/744
f 1021/841/777 973/985/776 884/1007/866
f 1030/963/696 805/1048/775 803/859/807
f 929/958/913 927/959/925 983/1030/750
f 784/930/771 894/1011/755 896/1010/756
f 950/1049/687 998/867/673 912/868/766
f 799/1069/850 980/973/678 1028/1070/822
f 936/842/685 934/986/912 973/985/776
f 883/880/829 951/998/911 999/999/684
f 839/824/754 835/979/828 836/1103/752
f 978/980/846 939/982/923 941/981/657
f 872/846/844 875/1018/718 810/1016/916
f 940/836/873 955/970/917 938/915/926
f 833/919/927 1041/920/853 993/1044/928
f 1032/1014/810 807/1059/842 810/1016/916
f 964/1055/742 928/848/709 926/1219/914
f 843/943/799 994/889/847 1042/1052/877
f 932/845/761 971/884/910 930/1218/929
f 857/861/845 916/863/644 1002/862/646
f 872/846/844 928/848/709 1012/847/716
f 1023/996/663 791/997/856 787/864/764
f 882/840/686 1021/841/777 886/1008/885
f 835/979/828 991/916/712 1039/1054/714
f 807/1059/842 811/947/700 876/1095/843
f 1036/1061/736 820/1063/738 818/1062/863
f 864/1071/837 960/912/825 1008/913/868
f 860/892/871 858/894/715 823/893/872
f 1031/946/749 811/947/700 807/1059/842
f 872/846/844 1012/847/716 875/1018/718
f 944/833/805 959/983/823 942/1001/816
f 785/886/745 895/888/781 893/887/865
f 859/1009/839 1004/925/841 861/850/833
f 962/1046/784 1010/853/651 924/854/723
f 912/868/766 952/839/930 910/1171/767
f 882/840/686 936/842/685 1021/841/777
f 916/863/644 956/924/840 914/908/671
f 857/861/845 1002/862/646 860/892/871
f 1022/1058/743 949/901/790 782/1031/744
f 936/842/685 999/999/684 951/998/911
f 879/1074/864 881/1029/690 806/897/803
f 1009/829/708 893/887/865 895/888/781
f 875/1018/718 873/1019/717 808/1015/811
f 1014/899/661 928/848/709 872/846/844
f 889/874/882 955/970/917 1003/969/880
f 1001/835/874 953/914/875 888/1067/677
f 1018/876/832 848/944/909 850/942/798
f 768/1158/612 1070/1204/897 1069/1172/861
f 1045/940/649 831/941/648 827/951/747
f 784/930/771 786/932/922 1040/931/772
f 864/1071/837 821/990/819 819/988/818
f 905/917/713 903/918/881 993/1044/928
f 784/930/771 896/1010/756 786/932/922
f 899/1013/692 1007/984/804 901/1012/693
f 874/1073/659 1014/899/661 876/1095/843
f 909/890/849 907/891/848 995/1040/721
f 1039/1054/714 832/929/751 836/1103/752
f 859/1009/839 826/851/768 824/903/724
f 1000/838/710 912/868/766 852/866/672
f 913/1003/820 911/1004/931 997/1038/821
f 905/917/713 993/1044/928 1041/920/853
f 855/1096/674 853/1066/688 828/1022/778
f 908/877/857 970/1064/859 1018/876/832
f 1033/960/862 812/961/815 925/949/730
f 1030/963/696 802/964/689 805/1048/775
f 1045/940/649 827/951/747 913/1003/820
f 1018/876/832 970/1064/859 848/944/909
f 994/889/847 909/890/849 1042/1052/877
f 1032/1014/810 929/958/913 807/1059/842
f 941/981/657 977/1024/924 1025/910/817
f 1021/841/777 884/1007/866 886/1008/885
f 854/837/729 831/941/648 829/939/647
f 1008/913/868 862/855/788 866/1094/838
f 818/1062/863 820/1063/738 865/1093/824
f 892/828/706 1009/829/708 895/888/781
f 794/872/878 891/873/814 796/911/813
f 794/872/878 1025/910/817 977/1024/924
f 948/830/705 967/971/884 946/1173/876
f 836/1103/752 832/929/751 837/823/753
f 797/1027/826 886/1008/885 801/1006/827
f 847/875/831 845/1035/800 842/1068/792
f 933/965/695 981/1028/670 1029/896/669
f 840/1005/653 834/921/655 833/919/927
f 897/831/835 791/997/856 901/1012/693
f 840/1005/653 1016/935/867 841/1045/654
f 974/900/918 949/901/790 1022/1058/743
f 1027/952/728 797/1027/826 937/974/680
f 1031/946/749 807/1059/842 929/958/913
f 969/1053/759 932/845/761 930/1218/929
f 833/919/927 834/921/655 1041/920/853
f 771/1160/636 1050/1241/739 1051/1174/739
f 1051/1174/739 1046/1239/739 760/1153/631
f 809/945/701 811/947/700 1031/946/749
f 933/965/695 931/968/883 981/1028/670
f 940/836/873 938/915/926 953/914/875
f 916/863/644 1004/925/841 956/924/840
f 932/845/761 1019/885/806 971/884/910
f 937/974/680 935/975/679 979/1026/727
f 814/966/869 816/962/770 1033/960/862
f 1030/963/696 933/965/695 802/964/689
f 839/824/754 838/909/908 835/979/828
f 912/868/766 1000/838/710 952/839/930
f 854/837/729 952/839/930 1000/838/710
f 787/864/764 897/831/835 900/865/836
f 798/878/870 883/880/829 885/879/830
f 949/901/790 947/902/919 992/1017/773
f 859/1009/839 861/850/833 826/851/768
f 996/1002/779 911/1004/931 913/1003/820
f 1055/1175/886 761/1178/633 763/1176/632
f 1026/869/656 795/871/675 793/870/915
f 761/1178/633 1055/1175/886 1062/1242/590
f 1055/1175/886 1058/1243/590 1062/1242/590
f 774/1244/635 770/1245/637 772/1246/639
f 770/1245/637 761/1178/633 1063/1180/590
f 1066/1247/613 772/1246/639 1059/1248/590
f 1059/1248/590 772/1246/639 770/1245/637
f 1060/1249/590 1059/1248/590 770/1245/637
f 761/1178/633 1062/1242/590 1061/1179/590
f 1063/1180/590 1060/1249/590 770/1245/637
f 1013/822/782 839/824/754 837/823/753
f 990/926/808 915/928/921 917/927/682
f 1064/1181/888 1065/1250/889 1062/1182/889
f 1060/1184/890 1063/1187/891 765/1185/891
f 1063/1187/891 1061/1192/892 767/1188/892
f 762/1189/893 1053/1251/894 1066/1190/894
f 1062/1182/889 1065/1250/889 767/1188/892
f 1059/1191/893 1060/1184/890 764/1186/890
f 1054/1193/895 1057/1107/600 1056/1194/891
f 1058/1183/891 1055/1202/891 1056/1194/891
f 773/1162/638 772/1163/639 1066/1196/613
f 758/1111/603 438/794/301 426/1197/896
f 1068/1198/323 457/1079/327 778/1081/585
f 776/1200/619 455/1252/618 1068/1198/323
f 1047/1201/591 1046/1082/586 724/1084/586
f 1070/1203/897 1054/1237/620 1052/1177/887
f 1070/1204/897 763/1154/632 760/1153/631
f 1072/1205/898 443/1099/314 730/1206/899
f 1072/1207/898 1071/1050/556 440/805/312
f 1071/1050/556 446/808/315 429/799/306
f 446/808/315 458/819/326 429/799/306
f 779/1165/641 766/1156/634 749/1149/627
f 766/1156/634 1069/1172/861 749/1149/627
f 442/1106/590 762/1105/590 764/1208/590
f 444/1209/590 764/1208/590 765/1210/590
f 445/1211/590 765/1210/590 767/1212/590
f 447/1213/590 767/1212/590 1065/1214/590
f 1065/1214/590 1064/1217/900 742/1216/900
f 1064/1217/900 1056/1141/901 734/1140/901
o Guard_low
v 0.048918 -0.010282 0.034200
v 0.030084 -0.011165 0.039373
v 0.072993 0.009773 0.027387
v -0.029909 -0.013978 0.039458
v 0.087506 0.009773 0.017054
v 0.093584 0.009773 -0.000000
v -0.091711 -0.016875 0.010045
v -0.081257 -0.016385 0.026961
v -0.088464 -0.016723 0.019912
v 0.046562 -0.003048 0.034769
v 0.087506 0.016946 0.017054
v 0.093584 0.016946 -0.000000
v 0.069684 0.016946 0.028218
v 0.029743 -0.003816 0.039388
v -0.030257 -0.006557 0.039458
v -0.092062 -0.009381 0.010045
v -0.088815 -0.009232 0.019912
v -0.081607 -0.008902 0.026961
v 0.072987 0.016946 0.027366
v -0.093233 -0.016946 0.000000
v 0.072990 0.009773 -0.000000
v -0.093584 -0.009450 0.000000
v 0.048918 -0.010282 -0.034200
v 0.030084 -0.011165 -0.039373
v 0.072993 0.009773 -0.027387
v -0.029909 -0.013978 -0.039458
v 0.087506 0.009773 -0.017054
v -0.091711 -0.016875 -0.010045
v -0.081257 -0.016385 -0.026961
v -0.088464 -0.016723 -0.019912
v 0.046562 -0.003048 -0.034769
v 0.087506 0.016946 -0.017054
v 0.069684 0.016946 -0.028218
v 0.029743 -0.003816 -0.039388
v -0.030257 -0.006557 -0.039458
v -0.092062 -0.009381 -0.010045
v -0.088815 -0.009232 -0.019912
v -0.081607 -0.008902 -0.026961
v 0.072987 0.016946 -0.027366
v 0.089227 0.016946 -0.000000
v 0.089227 0.009773 -0.000000
v 0.086884 0.016946 -0.005658
v 0.086884 0.009773 -0.005658
v 0.086884 0.009773 0.005658
v 0.086884 0.016946 0.005658
v 0.081226 0.009773 0.008002
v 0.081226 0.016946 0.008002
v 0.081226 0.016946 -0.008002
v 0.081226 0.009773 -0.008002
v 0.073224 0.016946 -0.000000
v 0.075568 0.016946 -0.005658
v 0.075568 0.009773 -0.005658
v 0.075568 0.016946 0.005658
v 0.075568 0.009773 0.005658
v -0.059073 -0.015366 0.010951
v -0.059073 -0.007894 0.010951
v -0.054540 -0.015162 0.000008
v -0.054540 -0.007695 0.000008
v -0.070271 -0.015870 -0.016083
v -0.070271 -0.008385 -0.016083
v -0.059073 -0.015366 -0.011445
v -0.059073 -0.007894 -0.011445
v -0.070271 -0.015870 0.015589
v -0.070271 -0.008385 0.015589
v -0.081469 -0.016374 -0.011445
v -0.081469 -0.008877 -0.011445
v -0.081469 -0.016374 0.010951
v -0.081469 -0.008877 0.010951
v -0.086001 -0.016578 0.000008
v -0.086001 -0.009076 0.000008
v 0.069684 0.016946 -0.000000
v -0.030257 -0.006557 0.000000
vn -0.0465 0.9989 -0.0011
vn -0.0481 0.9988 -0.0009
vn -0.0485 0.9988 -0.0000
vn 0.0494 -0.9988 0.0011
vn 0.0485 -0.9988 0.0011
vn 0.0478 -0.9989 0.0013
vn -0.0000 -1.0000 -0.0000
vn 0.0478 -0.9989 -0.0013
vn 0.0494 -0.9988 -0.0011
vn 0.0500 -0.9987 -0.0000
vn -0.3490 0.9371 -0.0000
vn -0.4006 0.9163 -0.0000
vn -0.3216 0.9469 -0.0000
vn 0.2644 0.0102 -0.9644
vn 0.3983 0.0057 -0.9172
vn -0.0000 1.0000 -0.0000
vn -0.9989 -0.0468 -0.0000
vn -0.9716 -0.0455 0.2322
vn -0.8476 -0.0397 0.5291
vn -0.1181 -0.0062 0.9930
vn 0.0014 -0.0015 1.0000
vn -0.1183 -0.0055 0.9930
vn -0.8476 -0.0397 0.5292
vn -0.4844 -0.0227 0.8745
vn -0.4843 -0.0227 0.8746
vn 1.0000 -0.0000 -0.0000
vn 0.7976 0.0008 0.6032
vn 0.3982 0.0056 0.9173
vn 0.4217 0.0023 0.9067
vn 0.2577 0.0069 0.9662
vn 0.2644 0.0102 0.9644
vn -0.0480 0.9988 0.0009
vn -0.0471 0.9989 0.0010
vn -0.0465 0.9989 0.0011
vn 0.3147 -0.9492 -0.0000
vn 0.4412 -0.8974 -0.0000
vn 0.5240 -0.8517 -0.0000
vn -0.9716 -0.0455 -0.2322
vn -0.8476 -0.0397 -0.5291
vn -0.8476 -0.0397 -0.5292
vn -0.1181 -0.0062 -0.9930
vn 0.0014 -0.0013 -1.0000
vn 0.0013 -0.0010 -1.0000
vn -0.4844 -0.0227 -0.8745
vn -0.4843 -0.0227 -0.8746
vn -0.1183 -0.0055 -0.9930
vn 0.7976 0.0008 -0.6032
vn 0.7975 0.0004 -0.6033
vn 0.2577 0.0069 -0.9662
vn 0.4219 0.0026 -0.9067
vn 0.9999 -0.0163 -0.0000
vn 0.7009 -0.0080 0.7132
vn 0.7008 -0.0081 0.7133
vn -1.0000 -0.0000 -0.0000
vn -0.7071 -0.0000 -0.7071
vn -0.0000 -0.0000 1.0000
vn -0.7071 -0.0000 0.7071
vn -0.0000 -0.0000 -1.0000
vn -1.0000 -0.0000 -0.0080
vn -0.7181 -0.0000 0.6960
vn -0.7072 -0.0000 0.7070
vn -0.7125 -0.0000 -0.7017
vn -0.7016 -0.0000 -0.7125
vn 1.0000 -0.0000 -0.0080
vn 0.7126 -0.0000 -0.7016
vn 1.0000 -0.0000 -0.0078
vn 0.7182 -0.0000 0.6958
vn 0.0110 -0.0000 0.9999
vn 0.7073 -0.0000 0.7069
vn -0.0107 -0.0000 0.9999
vn 0.7018 -0.0000 -0.7124
vn 0.0110 -0.0000 -0.9999
vn -0.0107 -0.0000 -0.9999
vn 0.7009 -0.0080 -0.7132
vn 0.7009 -0.0081 -0.7133
vn -0.0458 0.9990 0.0002
vn -0.0451 0.9990 0.0013
vn -0.0462 0.9989 -0.0000
vn 0.0470 -0.9989 -0.0000
vn 0.0466 -0.9989 0.0005
vn 0.0469 -0.9989 0.0003
vn 0.0467 -0.9989 0.0001
vn 0.0462 -0.9989 -0.0000
vn -0.0450 0.9990 0.0001
vn -0.0456 0.9990 -0.0008
vn -0.0472 0.9989 -0.0010
vn -0.0493 0.9988 -0.0000
vn 0.0468 -0.9989 0.0008
vn 0.0509 -0.9987 -0.0000
vn 0.0468 -0.9989 -0.0008
vn 0.0484 -0.9988 -0.0011
vn -0.0456 0.9990 0.0007
vn -0.0450 0.9990 -0.0001
vn -0.0451 0.9990 -0.0013
vn -0.0458 0.9990 -0.0002
vn -0.0456 0.9990 -0.0000
vn 0.0014 -0.0011 1.0000
vn -1.0000 -0.0000 -0.0078
vn 0.0468 -0.9989 -0.0000
vn 0.0469 -0.9989 0.0001
vn 0.0472 -0.9989 -0.0003
vt 0.391432 0.221707
vt 0.389921 0.232770
vt 0.378967 0.226453
vt 0.897559 0.337516
vt 0.908308 0.340900
vt 0.899100 0.348238
vt 0.880748 0.532060
vt 0.886913 0.534503
vt 0.886920 0.539059
vt 0.874712 0.348271
vt 0.875683 0.337546
vt 0.886621 0.343510
vt 0.378768 0.056176
vt 0.409495 0.056142
vt 0.416667 0.088014
vt 0.172732 0.765073
vt 0.186915 0.795942
vt 0.164201 0.767512
vt 0.384907 0.038231
vt 0.378743 0.035794
vt 0.378738 0.031250
vt 0.164062 0.585965
vt 0.172732 0.574664
vt 0.172732 0.585965
vt 0.164062 0.574663
vt 0.172732 0.563109
vt 0.164062 0.493041
vt 0.172732 0.426235
vt 0.172732 0.493045
vt 0.164062 0.563107
vt 0.172732 0.551891
vt 0.164062 0.551885
vt 0.186849 0.335938
vt 0.195244 0.356074
vt 0.186849 0.356080
vt 0.186849 0.375930
vt 0.195244 0.375850
vt 0.195244 0.379587
vt 0.905481 0.532677
vt 0.893071 0.532043
vt 0.895614 0.526123
vt 0.172732 0.406837
vt 0.164062 0.404437
vt 0.368045 0.232794
vt 0.357297 0.229416
vt 0.367045 0.221735
vt 0.924080 0.484706
vt 0.916709 0.517484
vt 0.886888 0.517522
vt 0.172732 0.597265
vt 0.164062 0.597266
vt 0.172732 0.608820
vt 0.164062 0.608823
vt 0.164062 0.678888
vt 0.172732 0.745693
vt 0.164062 0.745696
vt 0.172732 0.620039
vt 0.164062 0.620045
vt 0.172732 0.678884
vt 0.195309 0.815797
vt 0.186915 0.835933
vt 0.186915 0.815792
vt 0.195309 0.792280
vt 0.195309 0.796020
vt 0.789822 0.488264
vt 0.804484 0.495193
vt 0.789632 0.495074
vt 0.804115 0.460937
vt 0.789401 0.467835
vt 0.789261 0.461026
vt 0.789442 0.501883
vt 0.789252 0.508692
vt 0.803915 0.515621
vt 0.789062 0.515502
vt 0.804255 0.467747
vt 0.789541 0.474645
vt 0.195397 0.414062
vt 0.203121 0.426984
vt 0.195397 0.426984
vt 0.203121 0.503195
vt 0.195312 0.515621
vt 0.195312 0.503195
vt 0.203121 0.465337
vt 0.195312 0.477764
vt 0.195312 0.465337
vt 0.195312 0.452416
vt 0.195312 0.439700
vt 0.203121 0.452416
vt 0.804105 0.508812
vt 0.203121 0.439700
vt 0.203121 0.477764
vt 0.195312 0.490479
vt 0.203121 0.490479
vt 0.804535 0.481367
vt 0.789681 0.481455
vt 0.421871 0.168209
vt 0.391404 0.198328
vt 0.378927 0.193610
vt 0.899134 0.371682
vt 0.904168 0.359953
vt 0.929684 0.402173
vt 0.843750 0.402290
vt 0.869679 0.360000
vt 0.874747 0.371715
vt 0.396469 0.210012
vt 0.408328 0.221834
vt 0.400661 0.229368
vt 0.378985 0.234371
vt 0.915995 0.348435
vt 0.886618 0.335938
vt 0.857279 0.348516
vt 0.864944 0.340960
vt 0.349612 0.221900
vt 0.361980 0.210050
vt 0.378904 0.168257
vt 0.164062 0.426233
vt 0.348965 0.052765
vt 0.370040 0.044149
vt 0.372599 0.050047
vt 0.857066 0.517565
vt 0.880731 0.520226
vt 0.878187 0.526146
vt 0.868340 0.532728
vt 0.893053 0.520209
vt 0.367016 0.198355
vt 0.335937 0.168305
vt 0.340946 0.088098
vt 0.348041 0.056210
vt 0.335937 0.105663
vt 0.421719 0.105567
vt 0.397316 0.037568
vt 0.408563 0.052698
vt 0.387466 0.044129
vt 0.384922 0.050033
vt 0.378763 0.052484
vt 0.360175 0.037610
vt 0.372585 0.038245
vt 0.195244 0.335938
vt 0.849599 0.484808
vt 0.195309 0.835934
vt 0.804684 0.488280
vt 0.804295 0.502002
vt 0.804395 0.474557
vt 0.203121 0.414062
vt 0.203121 0.515621
vt 0.929684 0.464980
vt 0.886670 0.376444
vt 0.843936 0.465098
s 1
usemtl Sochete-1
f 1138/1253/932 1108/1254/933 1142/1255/934
f 1100/1256/935 1102/1257/936 1137/1258/937
f 1116/1259/938 1113/1260/938 1078/1261/938
f 1139/1262/939 1079/1263/940 1141/1264/941
f 1143/1265/942 1105/1266/943 1103/1267/944
f 1103/1268/945 1097/1269/946 1095/1270/945
f 1114/1271/947 1112/1272/947 1084/1273/947
f 1092/1274/948 1088/1275/949 1094/1276/948
f 1079/1277/949 1089/1278/950 1088/1275/949
f 1076/1279/951 1086/1280/952 1087/1281/953
f 1081/1282/954 1090/1283/955 1089/1278/950
f 1080/1284/956 1087/1281/953 1090/1283/955
f 1078/1285/957 1083/1286/958 1077/1287/958
f 1075/1288/959 1091/1289/960 1085/1290/961
f 1091/1289/960 1077/1287/958 1083/1286/958
f 1099/1291/938 1115/1292/938 1121/1293/938
f 1075/1288/959 1082/1294/962 1073/1295/962
f 1088/1296/963 1089/1297/964 1140/1298/965
f 1095/1299/966 1097/1300/967 1093/1301/968
f 1092/1274/948 1108/1302/969 1100/1303/969
f 1100/1303/969 1109/1304/970 1102/1305/971
f 1098/1306/972 1106/1307/973 1096/1308/974
f 1102/1305/971 1110/1309/975 1101/1310/976
f 1101/1310/976 1107/1311/977 1098/1306/972
f 1104/1312/978 1078/1313/957 1099/1314/979
f 1097/1269/946 1105/1315/980 1111/1316/981
f 1111/1316/981 1099/1314/979 1097/1269/946
f 1122/1317/982 1124/1318/983 1123/1319/984
f 1113/1320/985 1117/1321/986 1112/1322/985
f 1124/1318/983 1120/1323/987 1123/1319/984
f 1114/1324/988 1113/1325/985 1112/1326/985
f 1116/1327/986 1119/1328/989 1117/1321/986
f 1129/1329/990 1134/1330/991 1133/1331/992
f 1128/1332/993 1129/1333/990 1127/1334/994
f 1142/1335/995 1139/1336/996 1141/1337/997
f 1137/1338/998 1142/1335/995 1141/1337/997
f 1131/1339/999 1138/1340/1000 1137/1338/998
f 1120/1323/987 1115/1341/988 1114/1324/988
f 1133/1331/992 1132/1342/1001 1131/1339/999
f 1140/1343/1002 1135/1344/1003 1139/1336/996
f 1136/1345/1004 1127/1334/994 1135/1344/1003
f 1126/1346/1005 1122/1317/982 1125/1347/1006
f 1119/1328/989 1126/1346/1005 1125/1347/1006
f 1096/1308/945 1103/1268/945 1095/1270/945
f 1107/1348/1007 1134/1349/1008 1130/1350/1009
f 1133/1351/1010 1131/1352/1011 1098/1353/1012
f 1076/1354/1013 1135/1355/1014 1127/1356/1011
f 1132/1357/1015 1110/1358/1016 1138/1253/932
f 1110/1358/1016 1109/1359/1017 1138/1253/932
f 1109/1359/1017 1108/1254/933 1138/1253/932
f 1108/1254/933 1094/1360/1018 1142/1255/934
f 1102/1257/936 1101/1361/1019 1137/1258/937
f 1101/1361/1019 1131/1352/1011 1137/1258/937
f 1137/1258/937 1141/1264/941 1100/1256/935
f 1141/1264/941 1092/1362/1020 1100/1256/935
f 1135/1355/1014 1080/1363/1021 1139/1262/939
f 1080/1363/1021 1081/1364/1022 1139/1262/939
f 1081/1364/1022 1079/1263/940 1139/1262/939
f 1079/1263/940 1092/1362/1020 1141/1264/941
f 1089/1297/964 1090/1365/1023 1140/1298/965
f 1090/1365/1023 1136/1366/1024 1140/1298/965
f 1140/1298/965 1142/1255/934 1088/1296/963
f 1142/1255/934 1094/1360/1018 1088/1296/963
f 1130/1350/1009 1144/1367/1009 1107/1348/1007
f 1074/1368/962 1082/1294/962 1086/1280/962
f 1091/1369/947 1119/1370/947 1125/1371/947
f 1075/1372/967 1093/1301/968 1126/1373/938
f 1075/1372/967 1126/1373/938 1118/1374/938
f 1078/1261/938 1077/1375/938 1116/1259/938
f 1077/1375/938 1075/1372/967 1118/1374/938
f 1116/1259/938 1077/1375/938 1118/1374/938
f 1124/1376/938 1093/1301/968 1097/1300/967
f 1097/1300/967 1099/1291/938 1121/1293/938
f 1099/1291/938 1078/1261/938 1115/1292/938
f 1078/1261/938 1113/1260/938 1115/1292/938
f 1121/1293/938 1124/1376/938 1097/1300/967
f 1128/1377/1025 1136/1366/1024 1087/1378/1026
f 1136/1366/1024 1090/1365/1023 1087/1378/1026
f 1128/1377/1025 1087/1378/1026 1130/1350/1009
f 1107/1348/1007 1110/1358/1016 1132/1357/1015
f 1107/1348/1007 1132/1357/1015 1134/1349/1008
f 1082/1379/944 1085/1380/943 1143/1265/942
f 1086/1381/1027 1103/1267/944 1106/1382/1027
f 1103/1267/944 1082/1379/944 1143/1265/942
f 1104/1383/947 1111/1384/947 1120/1385/947
f 1111/1384/947 1105/1266/943 1123/1386/947
f 1120/1385/947 1111/1384/947 1123/1386/947
f 1105/1266/943 1143/1265/942 1123/1386/947
f 1143/1265/942 1122/1387/947 1123/1386/947
f 1084/1273/947 1104/1383/947 1114/1271/947
f 1114/1271/947 1104/1383/947 1120/1385/947
f 1143/1265/942 1085/1380/943 1125/1371/947
f 1085/1380/943 1091/1369/947 1125/1371/947
f 1091/1369/947 1083/1388/947 1119/1370/947
f 1083/1388/947 1084/1273/947 1117/1389/947
f 1084/1273/947 1112/1272/947 1117/1389/947
f 1083/1388/947 1117/1389/947 1119/1370/947
f 1122/1387/947 1143/1265/942 1125/1371/947
f 1144/1367/1009 1087/1378/1026 1086/1381/1027
f 1103/1268/945 1105/1315/980 1097/1269/946
f 1092/1274/948 1079/1277/949 1088/1275/949
f 1079/1277/949 1081/1282/954 1089/1278/950
f 1076/1279/951 1074/1368/1028 1086/1280/952
f 1081/1282/954 1080/1284/956 1090/1283/955
f 1080/1284/956 1076/1279/951 1087/1281/953
f 1078/1285/957 1084/1390/957 1083/1286/958
f 1091/1289/960 1075/1288/959 1077/1287/958
f 1075/1288/959 1085/1290/961 1082/1294/962
f 1075/1372/967 1073/1391/966 1093/1301/968
f 1073/1391/966 1095/1299/966 1093/1301/968
f 1092/1274/948 1094/1276/948 1108/1302/969
f 1100/1303/969 1108/1302/969 1109/1304/970
f 1098/1306/972 1107/1311/977 1106/1307/973
f 1102/1305/971 1109/1304/970 1110/1309/975
f 1101/1310/976 1110/1309/975 1107/1311/977
f 1104/1312/978 1084/1392/957 1078/1313/957
f 1111/1316/981 1104/1312/978 1099/1314/979
f 1122/1317/982 1093/1393/982 1124/1318/983
f 1113/1320/985 1116/1327/986 1117/1321/986
f 1124/1318/983 1121/1394/987 1120/1323/987
f 1114/1324/988 1115/1341/988 1113/1325/985
f 1116/1327/986 1118/1395/989 1119/1328/989
f 1129/1329/990 1130/1396/1029 1134/1330/991
f 1128/1332/993 1130/1397/1029 1129/1333/990
f 1142/1335/995 1140/1343/1002 1139/1336/996
f 1137/1338/998 1138/1340/1000 1142/1335/995
f 1131/1339/999 1132/1342/1001 1138/1340/1000
f 1120/1323/987 1121/1394/987 1115/1341/988
f 1133/1331/992 1134/1330/991 1132/1342/1001
f 1140/1343/1002 1136/1345/1004 1135/1344/1003
f 1136/1345/1004 1128/1332/993 1127/1334/994
f 1126/1346/1005 1093/1393/982 1122/1317/982
f 1119/1328/989 1118/1395/989 1126/1346/1005
f 1096/1308/945 1106/1307/945 1103/1268/945
f 1101/1361/1019 1098/1353/1012 1131/1352/1011
f 1098/1353/1012 1096/1398/1030 1076/1354/1013
f 1133/1351/1010 1098/1353/1012 1129/1399/1031
f 1096/1398/1030 1095/1299/966 1073/1391/966
f 1073/1391/966 1074/1400/1032 1096/1398/1030
f 1074/1400/1032 1076/1354/1013 1096/1398/1030
f 1076/1354/1013 1129/1399/1031 1098/1353/1012
f 1076/1354/1013 1080/1363/1021 1135/1355/1014
f 1127/1356/1011 1129/1399/1031 1076/1354/1013
f 1130/1350/1009 1087/1378/1026 1144/1367/1009
f 1074/1368/962 1073/1295/962 1082/1294/962
f 1086/1381/1027 1082/1379/944 1103/1267/944
f 1086/1381/1027 1106/1382/1027 1144/1367/1009
f 1106/1382/1027 1107/1348/1007 1144/1367/1009
o Round_thing_for_grip_low
v -0.003966 -0.317645 0.028774
v 0.001491 -0.317645 0.034230
v 0.021253 -0.317645 0.039525
v 0.041016 -0.317645 0.034230
v -0.040602 -0.317645 0.013154
v 0.063848 -0.317642 0.013154
v 0.057254 -0.317645 0.013154
v 0.055483 -0.317645 0.019763
v 0.057254 -0.322631 0.013154
v 0.055484 -0.322631 0.019763
v 0.021254 -0.322631 0.039525
v 0.041016 -0.322631 0.034230
v 0.001491 -0.322631 0.034230
v -0.003965 -0.322631 0.028774
v -0.024001 -0.322631 0.020232
v 0.064592 -0.273962 0.013154
v 0.068856 -0.283397 0.013154
v 0.060633 -0.322616 0.013154
v 0.070423 -0.310362 0.013154
v 0.067227 -0.317835 0.013154
v -0.040602 -0.320138 0.013154
v -0.003966 -0.317645 -0.028774
v 0.001491 -0.317645 -0.034230
v 0.021253 -0.317645 -0.039525
v 0.041016 -0.317645 -0.034230
v -0.040602 -0.317645 -0.013154
v 0.055347 -0.317652 -0.019741
v 0.055347 -0.322623 -0.019741
v 0.021254 -0.322631 -0.039525
v 0.041016 -0.322631 -0.034230
v 0.001491 -0.322631 -0.034230
v -0.003965 -0.322631 -0.028774
v -0.024001 -0.322631 -0.020232
v -0.040602 -0.320138 -0.013154
v 0.056489 -0.317637 -0.012493
v 0.056732 -0.322636 -0.012805
v 0.056403 -0.188746 -0.004529
v 0.063849 -0.317641 -0.012552
v 0.070423 -0.310365 -0.012152
v 0.060633 -0.322615 -0.012835
v 0.067229 -0.317834 -0.012590
v 0.068856 -0.283397 -0.005865
v 0.064592 -0.273962 -0.005382
v 0.064215 -0.204281 -0.005519
v 0.064216 -0.204286 -0.001829
v 0.057089 -0.200612 -0.005235
v 0.060227 -0.200592 -0.005259
v 0.060233 -0.200598 -0.001597
v 0.057903 -0.188749 -0.004523
v 0.056403 -0.188746 0.000049
v 0.057903 -0.188749 0.000050
v 0.060231 -0.200598 0.003225
v 0.062432 -0.237656 0.013154
v 0.059228 -0.237656 0.013154
v 0.062415 -0.237350 0.005357
v 0.059210 -0.237350 0.005357
v 0.062416 -0.237350 0.000919
v 0.059210 -0.237350 0.000919
v 0.062999 -0.247167 0.000919
v 0.059777 -0.247167 0.000919
v 0.062998 -0.247167 0.005357
v 0.059777 -0.247167 0.005357
v 0.021253 -0.322631 -0.037798
v 0.021253 -0.325906 -0.043917
v -0.000705 -0.325906 -0.038033
v 0.002355 -0.322631 -0.032734
v -0.016779 -0.325906 -0.021958
v -0.011480 -0.322631 -0.018899
v -0.022663 -0.325906 0.000000
v -0.016544 -0.322631 0.000000
v -0.016779 -0.325906 0.021958
v -0.011480 -0.322631 0.018899
v -0.000705 -0.325906 0.038033
v 0.002355 -0.322631 0.032734
v 0.021253 -0.325906 0.043917
v 0.021253 -0.322631 0.037798
v 0.043212 -0.325906 0.038033
v 0.040152 -0.322631 0.032734
v 0.059286 -0.325906 0.021958
v 0.053987 -0.322631 0.018899
v 0.065170 -0.325906 0.000000
v 0.059051 -0.322631 0.000000
v 0.059286 -0.325906 -0.021958
v 0.053987 -0.322631 -0.018899
v 0.043212 -0.325906 -0.038033
v 0.040152 -0.322631 -0.032734
v 0.021253 -0.339071 -0.043917
v 0.021253 -0.342346 -0.037798
v 0.002355 -0.342346 -0.032734
v -0.000705 -0.339071 -0.038033
v -0.011480 -0.342346 -0.018899
v -0.016779 -0.339071 -0.021958
v -0.016544 -0.342346 0.000000
v -0.022663 -0.339071 0.000000
v -0.011480 -0.342346 0.018899
v -0.016779 -0.339071 0.021958
v 0.002355 -0.342346 0.032734
v -0.000705 -0.339071 0.038033
v 0.021253 -0.342346 0.037798
v 0.021253 -0.339071 0.043917
v 0.040152 -0.342346 0.032734
v 0.043212 -0.339071 0.038033
v 0.053987 -0.342346 0.018899
v 0.059286 -0.339071 0.021958
v 0.059051 -0.342346 0.000000
v 0.065170 -0.339071 0.000000
v 0.053987 -0.342346 -0.018899
v 0.059286 -0.339071 -0.021958
v 0.040152 -0.342346 -0.032734
v 0.043212 -0.339071 -0.038033
vn -0.8343 -0.0000 0.5513
vn -0.8188 -0.0000 0.5741
vn -0.3922 -0.0000 0.9199
vn 0.9983 0.0586 -0.0002
vn 0.9983 0.0586 -0.0001
vn 0.9983 0.0584 -0.0015
vn 0.9812 0.1928 -0.0004
vn 0.9933 0.1153 0.0003
vn 0.9891 0.1476 -0.0002
vn -0.3922 -0.0000 -0.9199
vn -0.8188 -0.0000 -0.5741
vn -0.8343 -0.0000 -0.5513
vn 0.9982 0.0593 0.0001
vn 0.9982 0.0593 0.0002
vn 0.0004 -0.0509 0.9987
vn 0.0108 -0.0509 0.9986
vn 0.0111 -0.0509 0.9986
vn -0.0000 0.2588 0.9659
vn -0.0000 -0.0000 1.0000
vn -0.3609 -0.9326 -0.0000
vn -0.1864 -0.9766 -0.1076
vn -0.1086 -0.9921 0.0627
vn -0.0079 0.0619 -0.9980
vn -0.0060 0.0610 -0.9981
vn 0.9982 0.0594 -0.0000
vn 0.9982 0.0593 -0.0000
vn 0.9841 0.0295 -0.1752
vn 0.8878 0.0155 -0.4599
vn -0.0223 -0.9990 -0.0386
vn -0.4718 0.3314 0.8171
vn -0.8171 -0.3314 0.4718
vn -0.4717 -0.3314 0.8171
vn 0.3609 -0.9326 -0.0000
vn 0.0689 -0.9968 0.0398
vn 0.1864 -0.9766 -0.1076
vn -0.5598 -0.0000 0.8286
vn -0.5000 -0.0000 0.8660
vn -0.0000 -0.0000 -1.0000
vn 0.5023 -0.0000 -0.8647
vn -0.5000 -0.0000 -0.8660
vn -0.5598 -0.0000 -0.8286
vn 0.6792 0.7340 0.0005
vn 0.6792 0.7339 0.0003
vn 0.5000 -0.0000 0.8660
vn 0.0422 -0.9964 -0.0731
vn 0.0244 -0.9988 0.0422
vn -0.0000 -0.9988 -0.0488
vn -0.0000 -1.0000 -0.0000
vn -0.0000 -1.0000 -0.0001
vn 0.0016 -1.0000 0.0001
vn 0.7768 -0.6298 -0.0000
vn 0.3106 -0.9505 -0.0000
vn 0.3088 -0.9511 -0.0000
vn 0.0021 -1.0000 -0.0002
vn 0.0002 -1.0000 -0.0004
vn 0.0030 -1.0000 -0.0024
vn 0.8660 -0.0000 0.5000
vn 0.9659 -0.0000 0.2588
vn -0.0041 0.0602 -0.9982
vn 0.9835 -0.1808 -0.0001
vn 0.9851 -0.1722 -0.0000
vn 0.9983 0.0580 -0.0000
vn 0.0014 1.0000 -0.0001
vn 0.0018 1.0000 0.0001
vn 0.9813 0.1927 -0.0007
vn 0.9812 0.1927 -0.0006
vn 0.9113 0.4119 -0.0000
vn 0.9112 0.4119 -0.0000
vn 0.9113 0.4118 -0.0000
vn 0.7814 -0.6240 -0.0000
vn 0.0002 -0.0509 0.9987
vn 0.4718 0.3314 0.8171
vn -0.0000 0.8817 0.4719
vn -0.0000 0.3314 0.9435
vn -0.0000 0.1352 0.9908
vn -0.0000 0.1257 0.9921
vn -0.0000 1.0000 -0.0000
vn 0.8878 0.0155 -0.4600
vn -0.2359 0.8817 0.4086
vn -0.4086 0.8817 0.2359
vn -0.8171 0.3314 0.4718
vn 0.4718 -0.3314 -0.8170
vn -0.8171 0.3314 -0.4717
vn -0.4719 0.8817 -0.0000
vn -0.4086 0.8817 -0.2359
vn 0.8171 0.3314 0.4717
vn 0.2359 0.8817 0.4086
vn -0.9435 0.3314 -0.0000
vn 0.4717 0.3314 -0.8171
vn -0.0000 0.8817 -0.4719
vn 0.2359 0.8817 -0.4086
vn 0.8171 0.3314 -0.4717
vn 0.4086 0.8817 -0.2359
vn 0.4719 0.8817 -0.0000
vn 0.9435 0.3314 -0.0000
vn -0.8170 -0.3314 -0.4718
vn -0.0504 -0.9949 0.0874
vn -0.0000 -0.9983 0.0583
vn 0.4717 -0.3314 0.8171
vn -0.0001 -0.3314 0.9435
vn 0.8171 -0.3314 -0.4717
vn 0.8171 -0.3314 0.4717
vn -0.4717 -0.3314 -0.8171
vn -0.4718 0.3314 -0.8171
vn -0.0000 0.3314 -0.9435
vn -0.2359 0.8817 -0.4086
vn -0.9435 -0.3314 -0.0000
vn -0.0000 -0.3314 -0.9435
vn 0.9435 -0.3314 -0.0000
vn -0.0064 0.0613 -0.9981
vn -0.1485 -0.9889 -0.0000
vn 0.6792 0.7339 0.0004
vn 0.0016 1.0000 -0.0000
vn 0.4086 0.8817 0.2359
vt 0.838464 0.834456
vt 0.841100 0.834456
vt 0.843737 0.853192
vt 0.726289 0.384787
vt 0.730299 0.384645
vt 0.729118 0.467037
vt 0.731380 0.367188
vt 0.735362 0.379598
vt 0.730123 0.379800
vt 0.843737 0.788407
vt 0.841100 0.807143
vt 0.838464 0.807143
vt 0.739710 0.427959
vt 0.739282 0.417743
vt 0.747768 0.417735
vt 0.468866 0.143711
vt 0.476559 0.222144
vt 0.468750 0.226559
vt 0.713296 0.964865
vt 0.700190 0.963086
vt 0.700124 0.961533
vt 0.838816 0.965027
vt 0.831164 0.968746
vt 0.838464 0.961533
vt 0.135464 0.812500
vt 0.153592 0.822966
vt 0.114532 0.812500
vt 0.838464 0.679083
vt 0.714264 0.679083
vt 0.831166 0.671875
vt 0.749346 0.455529
vt 0.838464 0.954643
vt 0.843688 0.958133
vt 0.734459 0.417929
vt 0.734887 0.428141
vt 0.729208 0.456278
vt 0.843702 0.686704
vt 0.838464 0.694157
vt 0.838464 0.686635
vt 0.164059 0.841094
vt 0.234434 0.747628
vt 0.218831 0.770284
vt 0.218683 0.747687
vt 0.114532 0.890621
vt 0.096404 0.880155
vt 0.135464 0.890621
vt 0.843737 0.875804
vt 0.838464 0.875804
vt 0.838464 0.883815
vt 0.843737 0.736542
vt 0.838464 0.715302
vt 0.843736 0.715300
vt 0.843737 0.757783
vt 0.838464 0.736542
vt 0.843737 0.765794
vt 0.838464 0.757783
vt 0.726340 0.379136
vt 0.730318 0.378995
vt 0.843737 0.905056
vt 0.838464 0.926298
vt 0.838464 0.905056
vt 0.153592 0.880155
vt 0.085938 0.862027
vt 0.164059 0.862027
vt 0.707714 0.579567
vt 0.701632 0.574069
vt 0.695312 0.553720
vt 0.781246 0.551683
vt 0.776064 0.572410
vt 0.770287 0.578256
vt 0.758786 0.516589
vt 0.774924 0.531257
vt 0.751553 0.514921
vt 0.723196 0.503733
vt 0.751448 0.511393
vt 0.723208 0.512168
vt 0.723369 0.516200
vt 0.700514 0.533074
vt 0.715865 0.517818
vt 0.843736 0.947539
vt 0.838464 0.947539
vt 0.701770 0.677527
vt 0.701676 0.679083
vt 0.723375 0.495311
vt 0.750871 0.494416
vt 0.749783 0.466299
vt 0.761488 0.599391
vt 0.717416 0.600077
vt 0.838464 0.765794
vt 0.843737 0.883815
vt 0.103835 0.226494
vt 0.108508 0.231533
vt 0.103415 0.231325
vt 0.843736 0.926298
vt 0.695328 0.963101
vt 0.695312 0.961533
vt 0.726411 0.367380
vt 0.726144 0.379947
vt 0.751171 0.502893
vt 0.106680 0.242184
vt 0.101562 0.241975
vt 0.476559 0.132812
vt 0.234295 0.702318
vt 0.242184 0.725017
vt 0.234161 0.725038
vt 0.753722 0.961533
vt 0.753917 0.964865
vt 0.792386 0.964865
vt 0.843746 0.682567
vt 0.802604 0.968746
vt 0.108952 0.215977
vt 0.103835 0.215769
vt 0.109371 0.211146
vt 0.104253 0.210938
vt 0.843720 0.694130
vt 0.242184 0.747642
vt 0.242184 0.770353
vt 0.234298 0.770283
vt 0.210938 0.860917
vt 0.218826 0.883615
vt 0.210938 0.883541
vt 0.234290 0.815650
vt 0.242184 0.792984
vt 0.242184 0.815578
vt 0.234353 0.679618
vt 0.242184 0.702393
vt 0.234162 0.792989
vt 0.234291 0.883611
vt 0.242184 0.860955
vt 0.242184 0.883540
vt 0.234354 0.906298
vt 0.242184 0.906134
vt 0.242184 0.927704
vt 0.234303 0.929684
vt 0.210938 0.792950
vt 0.218823 0.815650
vt 0.210938 0.815581
vt 0.210938 0.770355
vt 0.210938 0.747682
vt 0.210938 0.724979
vt 0.218830 0.702322
vt 0.218956 0.724981
vt 0.218768 0.906316
vt 0.210938 0.927700
vt 0.210938 0.906147
vt 0.210938 0.702393
vt 0.218767 0.679636
vt 0.218687 0.838305
vt 0.210938 0.838292
vt 0.234438 0.838246
vt 0.234165 0.860953
vt 0.242184 0.838251
vt 0.210938 0.658230
vt 0.210938 0.679799
vt 0.242184 0.658234
vt 0.234301 0.656260
vt 0.218959 0.792944
vt 0.218960 0.860896
vt 0.218818 0.656250
vt 0.218820 0.929674
vt 0.714435 0.675823
vt 0.718585 0.671875
vt 0.838819 0.675584
vt 0.725395 0.617184
vt 0.753894 0.617184
vt 0.096404 0.822966
vt 0.085938 0.841094
vt 0.843729 0.954640
vt 0.108927 0.226701
vt 0.242184 0.679787
s 1
usemtl Sochete-1
f 1149/1401/1033 1165/1402/1034 1159/1403/1035
f 1188/1404/1036 1189/1405/1037 1186/1406/1038
f 1195/1407/1039 1196/1408/1040 1192/1409/1041
f 1177/1410/1042 1178/1411/1043 1170/1412/1044
f 1205/1413/1045 1199/1414/1046 1197/1415/1045
f 1187/1416/1047 1189/1417/1048 1192/1418/1049
f 1196/1419/1050 1195/1420/1050 1194/1421/1050
f 1164/1422/1051 1163/1423/1051 1150/1424/1051
f 1237/1425/1052 1235/1426/1053 1239/1427/1054
f 1182/1428/1055 1190/1429/1056 1183/1430/1055
f 1197/1415/1045 1160/1431/1057 1205/1413/1045
f 1151/1432/1051 1162/1433/1051 1150/1424/1051
f 1196/1408/1040 1197/1415/1045 1199/1414/1046
f 1201/1434/1046 1203/1435/1046 1187/1436/1058
f 1180/1437/1059 1171/1438/1060 1179/1439/1059
f 1187/1436/1058 1192/1409/1041 1201/1434/1046
f 1233/1440/1061 1239/1427/1054 1235/1426/1053
f 1217/1441/1062 1240/1442/1063 1242/1443/1064
f 1249/1444/1065 1247/1445/1066 1251/1446/1067
f 1158/1447/1068 1145/1448/1068 1159/1403/1035
f 1145/1448/1068 1149/1401/1033 1159/1403/1035
f 1158/1447/1068 1146/1449/1069 1145/1448/1068
f 1173/1450/1070 1169/1451/1071 1174/1452/1071
f 1175/1453/1072 1168/1454/1070 1173/1450/1070
f 1176/1455/1073 1167/1456/1072 1175/1453/1072
f 1189/1405/1074 1191/1457/1075 1192/1458/1074
f 1155/1459/1051 1148/1460/1076 1147/1461/1051
f 1253/1462/1077 1245/1463/1078 1232/1464/1079
f 1176/1465/1080 1175/1466/1080 1173/1467/1081
f 1155/1468/1080 1157/1469/1080 1158/1470/1080
f 1154/1471/1080 1156/1472/1080 1153/1473/1082
f 1156/1472/1080 1155/1468/1080 1153/1473/1082
f 1185/1474/1083 1162/1475/1084 1184/1476/1085
f 1155/1468/1080 1158/1470/1080 1153/1473/1082
f 1187/1436/1058 1205/1413/1045 1160/1431/1057
f 1176/1465/1080 1173/1467/1081 1180/1477/1086
f 1173/1467/1081 1174/1478/1087 1180/1477/1086
f 1174/1478/1087 1172/1479/1088 1180/1477/1086
f 1154/1480/1089 1151/1432/1090 1152/1481/1089
f 1193/1482/1091 1190/1429/1056 1181/1483/1091
f 1183/1484/1092 1188/1404/1036 1186/1406/1038
f 1163/1485/1093 1186/1406/1038 1161/1486/1094
f 1176/1465/1080 1159/1487/1080 1177/1488/1080
f 1170/1412/1044 1166/1489/1073 1177/1410/1042
f 1166/1489/1073 1176/1455/1073 1177/1410/1042
f 1157/1490/1069 1147/1461/1051 1146/1449/1069
f 1199/1491/1080 1202/1492/1080 1201/1493/1080
f 1156/1494/1076 1152/1481/1089 1148/1460/1076
f 1194/1421/1095 1193/1495/1096 1181/1496/1096
f 1193/1497/1097 1192/1409/1041 1191/1498/1098
f 1187/1436/1099 1161/1486/1100 1186/1406/1101
f 1183/1484/1092 1164/1499/1102 1185/1474/1083
f 1201/1493/1051 1204/1500/1051 1203/1501/1051
f 1187/1416/1047 1186/1502/1103 1189/1417/1048
f 1184/1476/1085 1153/1473/1082 1180/1477/1086
f 1221/1503/1104 1220/1504/1105 1219/1505/1106
f 1194/1421/1050 1198/1506/1107 1196/1419/1050
f 1198/1506/1107 1197/1507/1108 1196/1419/1050
f 1160/1508/1051 1197/1507/1108 1198/1506/1107
f 1184/1509/1055 1179/1439/1055 1182/1428/1055
f 1160/1508/1051 1198/1506/1107 1150/1424/1051
f 1163/1423/1051 1161/1510/1051 1150/1424/1051
f 1161/1510/1051 1160/1508/1051 1150/1424/1051
f 1162/1433/1051 1164/1422/1051 1150/1424/1051
f 1206/1511/1070 1199/1491/1070 1205/1512/1070
f 1204/1513/1109 1205/1512/1109 1203/1514/1109
f 1196/1408/1040 1201/1434/1046 1192/1409/1041
f 1169/1451/1071 1172/1515/1110 1174/1452/1071
f 1217/1441/1062 1220/1504/1105 1218/1516/1111
f 1217/1441/1062 1216/1517/1112 1215/1518/1113
f 1232/1519/1079 1254/1520/1114 1253/1521/1077
f 1211/1522/1115 1214/1523/1116 1212/1524/1117
f 1223/1525/1118 1222/1526/1119 1221/1503/1104
f 1215/1518/1113 1214/1523/1116 1213/1527/1120
f 1229/1528/1121 1207/1529/1122 1230/1530/1123
f 1227/1531/1124 1230/1530/1123 1228/1532/1125
f 1227/1531/1124 1226/1533/1126 1225/1534/1127
f 1237/1535/1052 1236/1536/1128 1235/1537/1053
f 1242/1443/1064 1239/1538/1054 1241/1539/1129
f 1243/1540/1130 1246/1541/1131 1244/1542/1132
f 1252/1543/1133 1249/1544/1065 1251/1545/1067
f 1245/1546/1078 1248/1547/1134 1246/1541/1131
f 1240/1442/1063 1237/1535/1052 1239/1538/1054
f 1243/1540/1130 1242/1443/1064 1241/1539/1129
f 1235/1537/1053 1234/1548/1135 1233/1549/1061
f 1234/1548/1135 1232/1519/1079 1233/1549/1061
f 1209/1550/1136 1207/1529/1122 1208/1551/1137
f 1253/1521/1077 1252/1543/1133 1251/1545/1067
f 1209/1550/1136 1212/1524/1117 1210/1552/1138
f 1249/1553/1065 1248/1547/1134 1247/1554/1066
f 1158/1470/1080 1180/1477/1086 1153/1473/1082
f 1226/1555/1126 1223/1525/1118 1225/1556/1127
f 1170/1412/1044 1165/1402/1034 1149/1401/1033
f 1245/1463/1078 1233/1440/1061 1232/1464/1079
f 1215/1518/1113 1238/1557/1139 1240/1442/1063
f 1223/1525/1118 1246/1541/1131 1248/1547/1134
f 1213/1527/1120 1236/1536/1128 1238/1557/1139
f 1211/1522/1115 1234/1548/1135 1236/1536/1128
f 1209/1550/1136 1231/1558/1140 1234/1548/1135
f 1208/1551/1137 1254/1520/1114 1231/1558/1140
f 1221/1503/1104 1244/1542/1132 1246/1541/1131
f 1219/1505/1106 1242/1443/1064 1244/1542/1132
f 1225/1556/1127 1248/1547/1134 1250/1559/1141
f 1227/1531/1124 1250/1560/1141 1252/1543/1133
f 1190/1429/1056 1191/1561/1142 1188/1562/1055
f 1188/1562/1055 1183/1430/1055 1190/1429/1056
f 1183/1430/1055 1185/1563/1055 1182/1428/1055
f 1185/1563/1055 1184/1509/1055 1182/1428/1055
f 1178/1564/1143 1159/1487/1143 1165/1565/1143
f 1233/1440/1061 1241/1566/1129 1239/1427/1054
f 1243/1567/1130 1241/1566/1129 1233/1440/1061
f 1253/1462/1077 1251/1446/1067 1247/1445/1066
f 1229/1528/1121 1252/1543/1133 1254/1520/1114
f 1151/1432/1051 1153/1568/1051 1162/1433/1051
f 1180/1437/1059 1172/1515/1110 1171/1438/1060
f 1217/1441/1062 1215/1518/1113 1240/1442/1063
f 1158/1447/1068 1157/1490/1069 1146/1449/1069
f 1173/1450/1070 1168/1454/1070 1169/1451/1071
f 1175/1453/1072 1167/1456/1072 1168/1454/1070
f 1176/1455/1073 1166/1489/1073 1167/1456/1072
f 1189/1405/1074 1188/1404/1144 1191/1457/1075
f 1155/1459/1051 1156/1494/1076 1148/1460/1076
f 1253/1462/1077 1247/1445/1066 1245/1463/1078
f 1185/1474/1083 1164/1499/1102 1162/1475/1084
f 1187/1436/1058 1203/1435/1046 1205/1413/1045
f 1154/1480/1089 1153/1568/1090 1151/1432/1090
f 1193/1482/1091 1191/1561/1142 1190/1429/1056
f 1163/1485/1093 1183/1484/1092 1186/1406/1038
f 1176/1465/1080 1158/1470/1080 1159/1487/1080
f 1157/1490/1069 1155/1459/1051 1147/1461/1051
f 1199/1491/1080 1200/1569/1080 1202/1492/1080
f 1156/1494/1076 1154/1480/1089 1152/1481/1089
f 1194/1421/1145 1195/1420/1145 1193/1495/1145
f 1193/1497/1097 1195/1407/1039 1192/1409/1041
f 1187/1436/1099 1160/1431/1100 1161/1486/1100
f 1183/1484/1092 1163/1485/1093 1164/1499/1102
f 1201/1493/1051 1202/1492/1051 1204/1500/1051
f 1184/1476/1085 1162/1475/1084 1153/1473/1082
f 1221/1503/1104 1222/1526/1119 1220/1504/1105
f 1184/1509/1055 1180/1437/1055 1179/1439/1055
f 1206/1511/1070 1200/1569/1070 1199/1491/1070
f 1204/1513/1109 1206/1511/1109 1205/1512/1109
f 1196/1408/1040 1199/1414/1046 1201/1434/1046
f 1169/1451/1071 1171/1438/1060 1172/1515/1110
f 1217/1441/1062 1219/1505/1106 1220/1504/1105
f 1217/1441/1062 1218/1516/1111 1216/1517/1112
f 1232/1519/1079 1231/1558/1140 1254/1520/1114
f 1211/1522/1115 1213/1527/1120 1214/1523/1116
f 1223/1525/1118 1224/1570/1146 1222/1526/1119
f 1215/1518/1113 1216/1517/1112 1214/1523/1116
f 1229/1528/1121 1208/1551/1137 1207/1529/1122
f 1227/1531/1124 1229/1528/1121 1230/1530/1123
f 1227/1531/1124 1228/1532/1125 1226/1533/1126
f 1237/1535/1052 1238/1557/1139 1236/1536/1128
f 1242/1443/1064 1240/1442/1063 1239/1538/1054
f 1243/1540/1130 1245/1546/1078 1246/1541/1131
f 1252/1543/1133 1250/1560/1141 1249/1544/1065
f 1245/1546/1078 1247/1554/1066 1248/1547/1134
f 1240/1442/1063 1238/1557/1139 1237/1535/1052
f 1243/1540/1130 1244/1542/1132 1242/1443/1064
f 1235/1537/1053 1236/1536/1128 1234/1548/1135
f 1234/1548/1135 1231/1558/1140 1232/1519/1079
f 1209/1550/1136 1210/1552/1138 1207/1529/1122
f 1253/1521/1077 1254/1520/1114 1252/1543/1133
f 1209/1550/1136 1211/1522/1115 1212/1524/1117
f 1249/1553/1065 1250/1559/1141 1248/1547/1134
f 1158/1470/1080 1176/1465/1080 1180/1477/1086
f 1226/1555/1126 1224/1570/1146 1223/1525/1118
f 1170/1412/1044 1178/1411/1043 1165/1402/1034
f 1245/1463/1078 1243/1567/1130 1233/1440/1061
f 1215/1518/1113 1213/1527/1120 1238/1557/1139
f 1223/1525/1118 1221/1503/1104 1246/1541/1131
f 1213/1527/1120 1211/1522/1115 1236/1536/1128
f 1211/1522/1115 1209/1550/1136 1234/1548/1135
f 1209/1550/1136 1208/1551/1137 1231/1558/1140
f 1208/1551/1137 1229/1528/1121 1254/1520/1114
f 1221/1503/1104 1219/1505/1106 1244/1542/1132
f 1219/1505/1106 1217/1441/1062 1242/1443/1064
f 1225/1556/1127 1223/1525/1118 1248/1547/1134
f 1227/1531/1124 1225/1534/1127 1250/1560/1141
f 1178/1564/1143 1177/1488/1143 1159/1487/1143
f 1229/1528/1121 1227/1531/1124 1252/1543/1133
