{"obj":true,"model":"~/notebook_green","flip_v":true,"display":{"thirdperson_righthand":{"translation":[1.5789474,0.7894737,7.105263],"rotation":[0.0,-22.5,0.0],"scale":[0.75,0.75,0.75]},"thirdperson_lefthand":{"translation":[-9.631579,0.7894737,3.1578948],"rotation":[0.0,-22.5,0.0],"scale":[0.75,0.75,0.75]},"firstperson_righthand":{"translation":[1.5789474,3.1578948,6.4736843],"rotation":[0.0,-45.0,0.0],"scale":[1.0,1.0,1.0]},"firstperson_lefthand":{"translation":[-11.210526,3.1578948,-5.5263157],"rotation":[0.0,-45.0,0.0],"scale":[1.0,1.0,1.0]},"head":{"scale":[1.0,1.0,1.0]},"gui":{"translation":[14.368421,0.0,0.0],"rotation":[0.0,45.0,0.0],"scale":[1.2532895,1.2532895,1.2532895]},"ground":{"scale":[1.0,1.0,1.0]},"fixed":{"translation":[-8.052631,0.0,-8.684211],"rotation":[0.0,180.0,0.0],"scale":[1.0953947,1.0953947,1.0953947]}}}