{"obj":true,"model":"~/cws_bulletproof","flip_v":true,"display":{"thirdperson_righthand":{"translation":[8.842105,-4.0,8.0],"rotation":[0.0,-3.1578948,0.0],"scale":[1.15,1.15,1.15]},"thirdperson_lefthand":{"translation":[8.842105,-4.0,8.0],"rotation":[0.0,-3.1578948,0.0],"scale":[1.15,1.15,1.15]},"firstperson_righthand":{"translation":[44.42105,-10.105263,-6.736842],"rotation":[0.0,-17.368422,0.0],"scale":[4.0,4.0,4.0]},"firstperson_lefthand":{"translation":[-12.631579,-9.894737,-22.736841],"rotation":[0.0,-15.789474,0.0],"scale":[4.0,4.0,4.0]},"head":{"scale":[1.0,1.0,1.0]},"gui":{"translation":[-13.184211,0.47368422,0.0],"rotation":[30.0,-135.0,0.0],"scale":[1.2,1.2,1.1940789]},"ground":{"scale":[2.0,2.0,2.0]},"fixed":{"translation":[23.789474,2.1052632,29.052631],"scale":[3.0,3.0,3.0]}}}
