{"obj":true,"model":"~/helmetstufffast","flip_v":true,"display":{"thirdperson_righthand":{"translation":[8.105263,-3.7894738,-12.947369],"rotation":[-155.13158,0.0,0.0],"scale":[1.0,1.0,1.0]},"thirdperson_lefthand":{"translation":[8.105263,-3.7894738,-12.947369],"rotation":[-155.13158,0.0,0.0],"scale":[1.0,1.0,1.0]},"firstperson_righthand":{"translation":[6.736842,-1.1578947,-9.263158],"rotation":[-163.42105,0.0,0.0],"scale":[1.0,1.0,1.0]},"firstperson_lefthand":{"translation":[-10.105263,-1.1578947,-9.263158],"rotation":[-163.42105,0.0,0.0],"scale":[1.0,1.0,1.0]},"head":{"translation":[13.296,6.8,14.105263],"scale":[1.675,1.7,1.7]},"gui":{"translation":[-9.978948,1.6421052,1.3894737],"rotation":[0.0,-158.0921,0.0],"scale":[1.0,1.0,1.0]},"ground":{"rotation":[0.39473686,0.0,0.0],"scale":[1.0,1.0,1.0]},"fixed":{"translation":[24.0,2.7368422,-13.789474],"rotation":[-114.47369,43.026318,17.368422],"scale":[2.3,2.3,2.3]}}}