{"obj":true,"model":"~/crowbar","flip_v":true,"display":{"thirdperson_righthand":{"translation":[-7.4210525,-9.315789,7.263158],"rotation":[0.0,-90.0,0.0],"scale":[0.94736844,0.94736844,0.94736844]},"thirdperson_lefthand":{"translation":[7.263158,-9.315789,7.263158],"rotation":[0.0,90.0,0.0],"scale":[0.94736844,0.94736844,0.94736844]},"firstperson_righthand":{"translation":[-4.263158,-12.631579,1.5789474],"rotation":[12.434211,-85.26316,-5.3289475],"scale":[1.0,1.0,1.0]},"firstperson_lefthand":{"translation":[10.421053,-12.789474,1.5789474],"rotation":[7.6973686,85.26316,11.25],"scale":[1.0,1.0,1.0]},"head":{"scale":[1.0,1.0,1.0]},"gui":{"translation":[16.421053,-38.68421,0.0],"scale":[2.0032895,2.0032895,2.0032895]},"ground":{"scale":[1.0,1.0,1.0]},"fixed":{"translation":[14.210526,-22.736841,13.736842],"scale":[1.8453947,1.8453947,1.8453947]}}}