{"obj":true,"model":"~/mac10","flip_v":true,"display":{"thirdperson_righthand":{"translation":[-8.052631,-1.1052631,-8.210526],"rotation":[0.0,180.0,0.0],"scale":[1.0,1.0,1.0]},"thirdperson_lefthand":{"translation":[8.052631,-1.1052631,-8.210526],"rotation":[0.0,180.0,0.0],"scale":[1.0,1.0,1.0]},"firstperson_righthand":{"translation":[-12.789474,3.4736843,-6.4736843],"rotation":[0.0,-180.0,0.0],"scale":[1.0,1.0,1.0]},"firstperson_lefthand":{"translation":[3.1578948,3.4736843,-6.3157897],"rotation":[0.0,-180.0,0.0],"scale":[1.0,1.0,1.0]},"head":{"scale":[1.0,1.0,1.0]},"gui":{"translation":[-24.0,0.0,0.0],"rotation":[30.197369,-135.0,0.0],"scale":[2.0032895,2.0032895,2.0032895]},"ground":{"scale":[1.0,1.0,1.0]},"fixed":{"translation":[20.842106,0.0,-17.526316],"rotation":[0.0,90.0,0.0],"scale":[2.0032895,2.0032895,2.0032895]}}}