# Blender 4.5.11 LTS
# www.blender.org
mtllib black_box.mtl
o Bolt
v -0.181458 0.793156 -0.060000
v -0.192783 0.781831 -0.060000
v -0.181458 0.770506 -0.060000
v -0.170133 0.781831 -0.060000
v -0.181458 0.793156 -0.004886
v -0.192783 0.781831 -0.004886
v -0.181458 0.770506 -0.004886
v -0.170133 0.781831 -0.004886
v 0.211227 0.786407 -0.060000
v 0.199902 0.775082 -0.060000
v 0.211227 0.763757 -0.060000
v 0.222552 0.775082 -0.060000
v 0.211227 0.786407 -0.004886
v 0.199902 0.775082 -0.004886
v 0.211227 0.763757 -0.004886
v 0.222552 0.775082 -0.004886
v 0.151084 0.838979 -0.060000
v 0.139759 0.827655 -0.060000
v 0.151084 0.816330 -0.060000
v 0.162408 0.827655 -0.060000
v 0.151084 0.838979 -0.004886
v 0.139759 0.827655 -0.004886
v 0.151084 0.816330 -0.004886
v 0.162408 0.827655 -0.004886
v -0.254775 0.542319 0.010952
v -0.266100 0.530994 0.010952
v -0.254775 0.519669 0.010952
v -0.243450 0.530994 0.010952
v -0.254775 0.542319 0.024593
v -0.266100 0.530994 0.024593
v -0.254775 0.519669 0.024593
v -0.243450 0.530994 0.024593
v 0.256289 0.686219 0.010952
v 0.244964 0.674894 0.010952
v 0.256289 0.663569 0.010952
v 0.267614 0.674894 0.010952
v 0.256289 0.686219 0.024593
v 0.244964 0.674894 0.024593
v 0.256289 0.663569 0.024593
v 0.267614 0.674894 0.024593
v -0.224609 0.263875 -0.025705
v -0.235934 0.252550 -0.025705
v -0.224609 0.241225 -0.025705
v -0.213284 0.252550 -0.025705
v -0.224609 0.263875 -0.003836
v -0.235934 0.252550 -0.003836
v -0.224609 0.241225 -0.003836
v -0.213284 0.252550 -0.003836
v 0.122518 0.357389 -0.070000
v 0.114322 0.349193 -0.070000
v 0.122518 0.340997 -0.070000
v 0.130715 0.349193 -0.070000
v 0.122518 0.357389 -0.025872
v 0.114322 0.349193 -0.025872
v 0.122518 0.340997 -0.025872
v 0.130715 0.349193 -0.025872
v 0.180260 0.266744 -0.056821
v 0.168935 0.255419 -0.056821
v 0.180260 0.244094 -0.056821
v 0.191585 0.255419 -0.056821
v 0.180260 0.266744 -0.043179
v 0.168935 0.255419 -0.043179
v 0.180260 0.244094 -0.043179
v 0.191585 0.255419 -0.043179
v 0.000000 0.656751 0.024859
v -0.011325 0.645427 0.024859
v 0.000000 0.634102 0.024859
v 0.011325 0.645427 0.024859
v 0.000000 0.656751 0.029981
v -0.011325 0.645427 0.029981
v 0.000000 0.634102 0.029981
v 0.011325 0.645427 0.029981
v -0.049148 0.628376 0.024859
v -0.045003 0.612906 0.024859
v -0.029533 0.617051 0.024859
v -0.033678 0.632521 0.024859
v -0.049148 0.628376 0.029981
v -0.045003 0.612906 0.029981
v -0.029533 0.617051 0.029981
v -0.033678 0.632521 0.029981
v -0.049148 0.571624 0.024859
v -0.033678 0.567479 0.024859
v -0.029533 0.582949 0.024859
v -0.045003 0.587094 0.024859
v -0.049148 0.571624 0.029981
v -0.033678 0.567479 0.029981
v -0.029533 0.582949 0.029981
v -0.045003 0.587094 0.029981
v 0.000000 0.543248 0.024859
v 0.011325 0.554573 0.024859
v 0.000000 0.565898 0.024859
v -0.011325 0.554573 0.024859
v 0.000000 0.543248 0.029981
v 0.011325 0.554573 0.029981
v 0.000000 0.565898 0.029981
v -0.011325 0.554573 0.029981
v 0.049148 0.571624 0.024859
v 0.045003 0.587094 0.024859
v 0.029533 0.582949 0.024859
v 0.033678 0.567479 0.024859
v 0.049148 0.571624 0.029981
v 0.045003 0.587094 0.029981
v 0.029533 0.582949 0.029981
v 0.033678 0.567479 0.029981
v 0.049148 0.628376 0.024859
v 0.033678 0.632521 0.024859
v 0.029533 0.617051 0.024859
v 0.045003 0.612906 0.024859
v 0.049148 0.628376 0.029981
v 0.033678 0.632521 0.029981
v 0.029533 0.617051 0.029981
v 0.045003 0.612906 0.029981
v -0.181378 0.358981 -0.013000
v -0.201233 0.350757 -0.013000
v -0.209457 0.330902 -0.013000
v -0.201233 0.311048 -0.013000
v -0.181378 0.302824 -0.013000
v -0.161524 0.311048 -0.013000
v -0.153300 0.330902 -0.013000
v -0.161524 0.350757 -0.013000
v -0.181378 0.351498 -0.000000
v -0.195941 0.345466 -0.000000
v -0.201974 0.330902 -0.000000
v -0.195941 0.316339 -0.000000
v -0.181378 0.310307 -0.000000
v -0.166815 0.316339 -0.000000
v -0.160782 0.330902 -0.000000
v -0.166815 0.345466 -0.000000
v -0.201233 0.350757 -0.000000
v -0.181378 0.358981 -0.000000
v -0.209457 0.330902 -0.000000
v -0.201233 0.311048 -0.000000
v -0.181378 0.302824 -0.000000
v -0.161524 0.311048 -0.000000
v -0.153300 0.330902 -0.000000
v -0.161524 0.350757 -0.000000
v -0.195941 0.345466 0.019812
v -0.181378 0.351498 0.019812
v -0.201974 0.330902 0.019812
v -0.195941 0.316339 0.019812
v -0.181378 0.310307 0.019812
v -0.166815 0.316339 0.019812
v -0.160782 0.330902 0.019812
v -0.166815 0.345466 0.019812
v -0.181378 0.347227 0.019812
v -0.195515 0.339064 0.019812
v -0.181378 0.314578 0.019812
v -0.195515 0.322740 0.019812
v -0.167241 0.339064 0.019812
v -0.181378 0.344721 0.015472
v -0.193346 0.337812 0.015472
v -0.193346 0.323993 0.015472
v -0.181378 0.317084 0.015472
v -0.167241 0.322740 0.019812
v -0.169411 0.323993 0.015472
v -0.169411 0.337812 0.015472
vn 1.0000 -0.0000 -0.0000
vn -0.0000 -1.0000 -0.0000
vn -1.0000 -0.0000 -0.0000
vn -0.0000 1.0000 -0.0000
vn -0.0000 -0.0000 1.0000
vn 0.5000 0.8660 -0.0000
vn 0.8660 -0.5000 -0.0000
vn -0.5000 -0.8660 -0.0000
vn -0.8660 0.5000 -0.0000
vn -0.5000 0.8660 -0.0000
vn 0.8660 0.5000 -0.0000
vn 0.5000 -0.8660 -0.0000
vn -0.8660 -0.5000 -0.0000
vn -0.7071 -0.7071 -0.0000
vn -0.7071 0.7071 -0.0000
vn 0.7071 0.7071 -0.0000
vn 0.7071 -0.7071 -0.0000
vn 0.7500 -0.4330 0.5000
vn -0.0000 -0.8660 0.5000
vn 0.7500 0.4330 0.5000
vn -0.0000 0.8660 0.5000
vn -0.7500 0.4330 0.5000
vn -0.7500 -0.4330 0.5000
vt 0.153074 0.598398
vt 0.153074 0.621103
vt 0.146476 0.621103
vt 0.146476 0.598398
vt 0.166270 0.598398
vt 0.166270 0.621103
vt 0.159672 0.621103
vt 0.159672 0.598398
vt 0.172868 0.598398
vt 0.172868 0.621103
vt 0.166270 0.627701
vt 0.159672 0.627701
vt 0.129149 0.740457
vt 0.129149 0.717752
vt 0.135747 0.717752
vt 0.135747 0.740457
vt 0.115953 0.740457
vt 0.115953 0.717752
vt 0.122551 0.717752
vt 0.122551 0.740457
vt 0.109355 0.740457
vt 0.109355 0.717752
vt 0.115953 0.711154
vt 0.122551 0.711154
vt 0.234152 0.709816
vt 0.234152 0.732521
vt 0.227554 0.732521
vt 0.227554 0.709816
vt 0.247348 0.709816
vt 0.247348 0.732521
vt 0.240750 0.732521
vt 0.240750 0.709816
vt 0.253946 0.709816
vt 0.253946 0.732521
vt 0.247348 0.739119
vt 0.240750 0.739119
vt 0.376532 0.512215
vt 0.370912 0.512215
vt 0.370912 0.505617
vt 0.376532 0.505617
vt 0.376532 0.525411
vt 0.370912 0.525411
vt 0.370912 0.518813
vt 0.376532 0.518813
vt 0.376532 0.532009
vt 0.370912 0.532009
vt 0.364314 0.525411
vt 0.364314 0.518813
vt 0.303756 0.741446
vt 0.298136 0.741446
vt 0.298136 0.734848
vt 0.303756 0.734848
vt 0.303756 0.754643
vt 0.298136 0.754643
vt 0.298136 0.748045
vt 0.303756 0.748045
vt 0.303756 0.761241
vt 0.298136 0.761241
vt 0.291538 0.754643
vt 0.291538 0.748045
vt 0.361849 0.725817
vt 0.352840 0.725817
vt 0.352840 0.719219
vt 0.361849 0.719219
vt 0.361849 0.739013
vt 0.352840 0.739013
vt 0.352840 0.732415
vt 0.361849 0.732415
vt 0.361849 0.745611
vt 0.352840 0.745611
vt 0.346242 0.739013
vt 0.346242 0.732415
vt 0.096329 0.757210
vt 0.096329 0.739031
vt 0.101104 0.739031
vt 0.101104 0.757210
vt 0.086778 0.757210
vt 0.086778 0.739031
vt 0.091554 0.739031
vt 0.091554 0.757210
vt 0.082003 0.757210
vt 0.082003 0.739031
vt 0.086778 0.734255
vt 0.091554 0.734255
vt 0.215839 0.745995
vt 0.210219 0.745995
vt 0.210219 0.739397
vt 0.215839 0.739397
vt 0.215839 0.759191
vt 0.210219 0.759191
vt 0.210219 0.752593
vt 0.215839 0.752593
vt 0.215839 0.765789
vt 0.210219 0.765789
vt 0.203621 0.759191
vt 0.203621 0.752593
vt 0.387675 0.533226
vt 0.385565 0.533226
vt 0.385565 0.526628
vt 0.387675 0.526628
vt 0.387675 0.546422
vt 0.385565 0.546422
vt 0.385565 0.539824
vt 0.387675 0.539824
vt 0.387675 0.553020
vt 0.385565 0.553020
vt 0.378967 0.546422
vt 0.378967 0.539824
vt 0.331506 0.688200
vt 0.329396 0.688200
vt 0.329396 0.681602
vt 0.331506 0.681602
vt 0.331506 0.701396
vt 0.329396 0.701396
vt 0.329396 0.694798
vt 0.331506 0.694798
vt 0.329396 0.675004
vt 0.331506 0.675004
vt 0.322798 0.694798
vt 0.322798 0.688200
vt 0.045288 0.616065
vt 0.043178 0.616065
vt 0.043178 0.609467
vt 0.045288 0.609467
vt 0.045288 0.629261
vt 0.043178 0.629261
vt 0.043178 0.622663
vt 0.045288 0.622663
vt 0.043178 0.602869
vt 0.045288 0.602869
vt 0.036580 0.622663
vt 0.036580 0.616065
vt 0.258730 0.760130
vt 0.256620 0.760130
vt 0.256620 0.753532
vt 0.258730 0.753532
vt 0.258730 0.746934
vt 0.256620 0.746934
vt 0.256620 0.740336
vt 0.258730 0.740336
vt 0.258730 0.766728
vt 0.256620 0.766728
vt 0.250022 0.766728
vt 0.250022 0.760130
vt 0.384256 0.597718
vt 0.382146 0.597718
vt 0.382146 0.591120
vt 0.384256 0.591120
vt 0.384256 0.584522
vt 0.382146 0.584522
vt 0.382146 0.577924
vt 0.384256 0.577924
vt 0.382146 0.571326
vt 0.384256 0.571326
vt 0.375548 0.591120
vt 0.375548 0.584522
vt 0.385233 0.483149
vt 0.383123 0.483149
vt 0.383123 0.476551
vt 0.385233 0.476551
vt 0.385233 0.469953
vt 0.383123 0.469953
vt 0.383123 0.463355
vt 0.385233 0.463355
vt 0.383123 0.456757
vt 0.385233 0.456757
vt 0.376525 0.476551
vt 0.376525 0.469953
vt 0.298848 0.717273
vt 0.293492 0.717273
vt 0.293492 0.708419
vt 0.298848 0.708419
vt 0.298848 0.699566
vt 0.293492 0.699566
vt 0.293492 0.690712
vt 0.298848 0.690712
vt 0.293492 0.681859
vt 0.298848 0.681859
vt 0.298848 0.673005
vt 0.293492 0.673005
vt 0.293492 0.664152
vt 0.298848 0.664152
vt 0.298848 0.726126
vt 0.293492 0.726126
vt 0.293492 0.655298
vt 0.298848 0.655298
vt 0.314841 0.688069
vt 0.314841 0.694564
vt 0.306679 0.694564
vt 0.306679 0.688069
vt 0.078842 0.686778
vt 0.072348 0.686778
vt 0.071169 0.683930
vt 0.080022 0.683930
vt 0.083434 0.691370
vt 0.086282 0.690191
vt 0.083434 0.697864
vt 0.086282 0.699044
vt 0.078842 0.702456
vt 0.080022 0.705304
vt 0.072348 0.702456
vt 0.071169 0.705304
vt 0.067756 0.697864
vt 0.064908 0.699044
vt 0.067756 0.691370
vt 0.064908 0.690191
vt 0.239662 0.749921
vt 0.233076 0.748718
vt 0.233118 0.746931
vt 0.314841 0.675081
vt 0.314841 0.681575
vt 0.306679 0.681575
vt 0.306679 0.675081
vt 0.314841 0.714046
vt 0.314841 0.720540
vt 0.306679 0.720540
vt 0.306679 0.714046
vt 0.314841 0.701058
vt 0.314841 0.707552
vt 0.306679 0.707552
vt 0.306679 0.701058
vt 0.314841 0.727034
vt 0.306679 0.727034
vt 0.232713 0.763874
vt 0.232670 0.765662
vt 0.226122 0.762665
vt 0.237728 0.753700
vt 0.233072 0.750774
vt 0.239498 0.752693
vt 0.237556 0.759195
vt 0.239321 0.760204
vt 0.232716 0.761820
vt 0.228056 0.758886
vt 0.226288 0.759893
vt 0.228237 0.753391
vt 0.226471 0.752382
vt 0.242142 0.756513
vt 0.239354 0.762981
vt 0.226438 0.749606
vt 0.223647 0.756071
s 1
usemtl bb
f 4/1/1 8/2/1 7/3/2 3/4/2
f 2/5/3 6/6/3 5/7/4 1/8/4
f 1/8/4 5/7/4 8/2/1 4/1/1
f 3/9/2 7/10/2 6/6/3 2/5/3
s 0
f 6/6/5 7/11/5 8/12/5 5/7/5
s 1
f 12/13/1 16/14/1 15/15/2 11/16/2
f 10/17/3 14/18/3 13/19/4 9/20/4
f 9/20/4 13/19/4 16/14/1 12/13/1
f 11/21/2 15/22/2 14/18/3 10/17/3
s 0
f 14/18/5 15/23/5 16/24/5 13/19/5
s 1
f 20/25/1 24/26/1 23/27/2 19/28/2
f 18/29/3 22/30/3 21/31/4 17/32/4
f 17/32/4 21/31/4 24/26/1 20/25/1
f 19/33/2 23/34/2 22/30/3 18/29/3
s 0
f 22/30/5 23/35/5 24/36/5 21/31/5
s 1
f 28/37/1 32/38/1 31/39/2 27/40/2
f 26/41/3 30/42/3 29/43/4 25/44/4
f 25/44/4 29/43/4 32/38/1 28/37/1
f 27/45/2 31/46/2 30/42/3 26/41/3
s 0
f 30/42/5 31/47/5 32/48/5 29/43/5
s 1
f 36/49/1 40/50/1 39/51/2 35/52/2
f 34/53/3 38/54/3 37/55/4 33/56/4
f 33/56/4 37/55/4 40/50/1 36/49/1
f 35/57/2 39/58/2 38/54/3 34/53/3
s 0
f 38/54/5 39/59/5 40/60/5 37/55/5
s 1
f 44/61/1 48/62/1 47/63/2 43/64/2
f 42/65/3 46/66/3 45/67/4 41/68/4
f 41/68/4 45/67/4 48/62/1 44/61/1
f 43/69/2 47/70/2 46/66/3 42/65/3
s 0
f 46/66/5 47/71/5 48/72/5 45/67/5
s 1
f 52/73/1 56/74/1 55/75/2 51/76/2
f 50/77/3 54/78/3 53/79/4 49/80/4
f 49/80/4 53/79/4 56/74/1 52/73/1
f 51/81/2 55/82/2 54/78/3 50/77/3
s 0
f 54/78/5 55/83/5 56/84/5 53/79/5
s 1
f 60/85/1 64/86/1 63/87/2 59/88/2
f 58/89/3 62/90/3 61/91/4 57/92/4
f 57/92/4 61/91/4 64/86/1 60/85/1
f 59/93/2 63/94/2 62/90/3 58/89/3
s 0
f 62/90/5 63/95/5 64/96/5 61/91/5
s 1
f 68/97/1 72/98/1 71/99/2 67/100/2
f 66/101/3 70/102/3 69/103/4 65/104/4
f 65/104/4 69/103/4 72/98/1 68/97/1
f 67/105/2 71/106/2 70/102/3 66/101/3
s 0
f 70/102/5 71/107/5 72/108/5 69/103/5
s 1
f 76/109/6 80/110/6 79/111/7 75/112/7
f 74/113/8 78/114/8 77/115/9 73/116/9
f 73/116/9 77/115/9 80/110/6 76/109/6
f 75/112/7 79/111/7 78/117/8 74/118/8
s 0
f 78/119/5 79/120/5 80/110/5 77/115/5
s 1
f 84/121/10 88/122/10 87/123/11 83/124/11
f 82/125/12 86/126/12 85/127/13 81/128/13
f 81/128/13 85/127/13 88/122/10 84/121/10
f 83/124/11 87/123/11 86/129/12 82/130/12
s 0
f 86/131/5 87/132/5 88/122/5 85/127/5
s 1
f 92/133/3 96/134/3 95/135/4 91/136/4
f 90/137/1 94/138/1 93/139/2 89/140/2
f 89/141/2 93/142/2 96/134/3 92/133/3
f 91/136/4 95/135/4 94/138/1 90/137/1
s 0
f 94/143/5 95/144/5 96/134/5 93/142/5
s 1
f 100/145/8 104/146/8 103/147/9 99/148/9
f 98/149/6 102/150/6 101/151/7 97/152/7
f 97/152/7 101/151/7 104/153/8 100/154/8
f 99/148/9 103/147/9 102/150/6 98/149/6
s 0
f 102/150/5 103/147/5 104/155/5 101/156/5
s 1
f 108/157/12 112/158/12 111/159/13 107/160/13
f 106/161/10 110/162/10 109/163/11 105/164/11
f 105/164/11 109/163/11 112/165/12 108/166/12
f 107/160/13 111/159/13 110/162/10 106/161/10
s 0
f 110/162/5 111/159/5 112/167/5 109/168/5
s 1
f 116/169/14 132/170/14 131/171/3 115/172/3
f 114/173/15 129/174/15 130/175/4 113/176/4
f 113/176/4 130/175/4 136/177/16 120/178/16
f 119/179/1 135/180/1 134/181/17 118/182/17
f 117/183/2 133/184/2 132/170/14 116/169/14
f 115/172/3 131/171/3 129/174/15 114/173/15
f 120/178/16 136/177/16 135/180/1 119/179/1
f 118/182/17 134/181/17 133/185/2 117/186/2
f 127/187/1 128/188/16 144/189/16 143/190/1
f 122/191/5 121/192/5 130/193/5 129/194/5
f 123/195/5 122/191/5 129/194/5 131/196/5
f 124/197/5 123/195/5 131/196/5 132/198/5
f 125/199/5 124/197/5 132/198/5 133/200/5
f 126/201/5 125/199/5 133/200/5 134/202/5
f 127/203/5 126/201/5 134/202/5 135/204/5
f 128/205/5 127/203/5 135/204/5 136/206/5
f 121/192/5 128/205/5 136/206/5 130/193/5
f 137/207/5 145/208/5 138/209/5
f 125/210/2 126/211/17 142/212/17 141/213/2
f 123/214/3 124/215/14 140/216/14 139/217/3
f 121/218/4 122/219/15 137/220/15 138/221/4
f 128/188/16 121/218/4 138/221/4 144/189/16
f 126/211/17 127/187/1 143/190/1 142/212/17
f 124/215/14 125/222/2 141/223/2 140/216/14
f 122/219/15 123/214/3 139/217/3 137/220/15
f 147/224/5 141/225/5 142/226/5
f 151/227/18 150/228/19 145/208/19 146/229/18
f 152/230/20 151/227/18 146/229/18 148/231/20
f 153/232/21 152/230/20 148/231/20 147/224/21
f 155/233/22 153/232/21 147/224/21 154/234/22
f 156/235/23 155/233/22 154/234/22 149/236/23
f 150/228/19 156/235/23 149/236/23 145/208/19
s 0
f 155/233/5 156/235/5 151/227/5
s 1
f 137/207/5 139/237/5 146/229/5
f 139/237/5 140/238/5 148/231/5
f 146/229/5 139/237/5 148/231/5
f 145/208/5 149/236/5 144/239/5
f 145/208/5 144/239/5 138/209/5
f 137/207/5 146/229/5 145/208/5
f 143/240/5 144/239/5 149/236/5
f 143/240/5 149/236/5 154/234/5
f 148/231/5 140/238/5 147/224/5
f 140/238/5 141/225/5 147/224/5
f 142/226/5 143/240/5 154/234/5
f 154/234/5 147/224/5 142/226/5
s 0
f 156/235/5 150/228/5 151/227/5
f 151/227/5 152/230/5 153/232/5
f 153/232/5 155/233/5 151/227/5
o Data_block
v -0.270000 0.500000 0.020000
v 0.300000 0.900000 -0.100000
v 0.300000 -0.000000 -0.100000
v -0.270000 0.560000 0.020000
v 0.300000 0.000000 0.000000
v 0.280000 0.020000 -0.000000
v 0.280000 0.200000 -0.000000
v -0.240000 0.510000 0.020000
v -0.240000 0.550000 0.020000
v 0.300000 0.900000 -0.020000
v 0.280000 0.880000 -0.020000
v 0.280000 0.210000 -0.000000
v 0.280000 0.230000 -0.020000
v 0.300000 0.230000 -0.020000
v 0.300000 0.210000 -0.000000
v -0.280000 0.500000 0.020000
v 0.270000 0.210000 -0.000000
v 0.270000 0.210000 -0.060000
v -0.280000 0.560000 0.020000
v 0.270000 0.870000 -0.020000
v 0.270000 0.646892 0.020000
v -0.300000 0.900000 -0.100000
v 0.270000 0.706892 0.020000
v -0.300000 -0.000000 -0.100000
v -0.300000 0.000000 0.000000
v -0.280000 0.020000 -0.000000
v 0.240000 0.656892 0.020000
v -0.280000 0.200000 -0.000000
v 0.240000 0.696892 0.020000
v -0.300000 0.900000 -0.020000
v -0.280000 0.210000 -0.000000
v -0.280000 0.230000 -0.020000
v -0.300000 0.230000 -0.020000
v -0.300000 0.210000 -0.000000
v 0.280000 0.646892 0.020000
v -0.233827 0.465000 -0.060000
v 0.280000 0.706892 0.020000
v -0.000000 0.870000 -0.060000
v -0.233827 0.465000 -0.020000
v -0.270000 0.465000 -0.060000
v -0.270000 0.465000 -0.020000
v 0.123590 0.814065 -0.059998
v 0.214063 0.723590 -0.060000
v -0.214063 0.476410 -0.060000
v 0.000000 0.662244 0.024859
v -0.031122 0.653905 0.024859
v -0.053905 0.631122 0.024859
v -0.062245 0.600000 0.024859
v -0.053905 0.568878 0.024859
v -0.031122 0.546095 0.024859
v 0.000000 0.537755 0.024859
v 0.031122 0.546095 0.024859
v 0.053905 0.568878 0.024859
v 0.062245 0.600000 0.024859
v 0.053905 0.631122 0.024859
v 0.031122 0.653905 0.024859
v 0.000000 0.670185 -0.110000
v -0.035092 0.660782 -0.110000
v -0.060782 0.635092 -0.110000
v -0.070185 0.600000 -0.110000
v -0.060782 0.564907 -0.110000
v -0.035092 0.539218 -0.110000
v 0.000000 0.529815 -0.110000
v 0.035093 0.539218 -0.110000
v 0.060782 0.564907 -0.110000
v 0.070185 0.600000 -0.110000
v 0.060782 0.635092 -0.110000
v 0.035093 0.660782 -0.110000
v -0.035092 0.660782 0.017570
v 0.000000 0.670185 0.017570
v -0.060782 0.635092 0.017570
v -0.070185 0.600000 0.017570
v -0.060782 0.564907 0.017570
v -0.035092 0.539218 0.017570
v 0.000000 0.529815 0.017570
v 0.035093 0.539218 0.017570
v 0.060782 0.564907 0.017570
v 0.070185 0.600000 0.017570
v 0.060782 0.635092 0.017570
v 0.035093 0.660782 0.017570
v -0.031122 0.653905 0.017570
v 0.000000 0.662244 0.017570
v -0.053905 0.631122 0.017570
v -0.062245 0.600000 0.017570
v -0.053905 0.568878 0.017570
v -0.031122 0.546095 0.017570
v 0.000000 0.537755 0.017570
v 0.031122 0.546095 0.017570
v 0.053905 0.568878 0.017570
v 0.062245 0.600000 0.017570
v 0.053905 0.631122 0.017570
v 0.031122 0.653905 0.017570
v -0.123590 0.814063 -0.030000
v 0.247179 0.600000 -0.030000
v 0.214063 0.476410 -0.030000
v -0.214063 0.476410 -0.030000
v -0.214063 0.723590 -0.030000
v 0.214063 0.723590 -0.030000
v -0.247179 0.600000 -0.030000
v 0.000000 0.847179 -0.030000
v 0.123590 0.814049 -0.030012
v 0.123590 0.816450 -0.019989
v 0.216437 0.723648 -0.020000
v 0.249920 0.600000 -0.020000
v 0.215740 0.433673 -0.030000
v -0.216437 0.724960 -0.020000
v -0.249920 0.600000 -0.020000
v -0.216437 0.475040 -0.020000
v -0.168826 0.822061 -0.060000
v -0.131184 0.806469 -0.030000
v -0.234338 0.767460 -0.020000
v -0.206469 0.806469 -0.060000
v -0.206469 0.731184 -0.030000
v -0.207565 0.733831 -0.020000
v -0.222061 0.768827 -0.060000
v -0.206469 0.731184 -0.060000
v -0.131184 0.806469 -0.060000
v 0.123590 0.842033 -0.059999
v 0.123590 0.842021 -0.020002
v 0.144742 0.850218 -0.020000
v 0.250217 0.744742 -0.020000
v 0.242023 0.724275 -0.020000
v 0.242032 0.724275 -0.060000
v 0.250217 0.744742 -0.060000
v 0.144742 0.850218 -0.060000
v 0.000000 0.870000 -0.020000
v 0.000000 0.849920 -0.020000
v -0.124960 0.816437 -0.020000
v -0.133831 0.807566 -0.020000
v -0.270000 0.790845 -0.020000
v -0.000000 0.860886 -0.060000
v -0.130443 0.825934 -0.060000
v -0.168826 0.833526 -0.060000
v -0.215454 0.813856 -0.020000
v -0.136316 0.820060 -0.060000
v -0.270000 0.790845 -0.060000
v -0.220000 0.870000 -0.060000
v -0.270000 0.820000 -0.060000
v 0.239124 0.455825 -0.030000
v 0.186811 0.383566 -0.040000
v 0.270000 0.335537 -0.060000
v 0.270000 0.335537 -0.040000
v 0.270000 0.465000 -0.020000
v 0.270000 0.465000 -0.040000
v 0.215740 0.433673 -0.040000
v 0.239124 0.455825 -0.040000
v 0.234460 0.372804 -0.040000
v 0.193283 0.379829 -0.040000
v 0.186811 0.383566 -0.030000
v 0.224635 0.505638 -0.020000
v 0.222078 0.506323 -0.030000
v 0.270000 0.465000 -0.030000
v 0.220040 0.820040 -0.020000
v 0.220040 0.820040 -0.060000
v -0.270000 0.294893 -0.060000
v -0.185107 0.210000 -0.060000
v 0.170630 0.401181 -0.030000
v 0.173252 0.391394 -0.030000
v 0.270000 0.299937 -0.060000
v 0.249966 0.291638 -0.060000
v 0.241667 0.271604 -0.060000
v 0.249966 0.251570 -0.060000
v 0.270000 0.243271 -0.060000
v 0.241667 0.271604 -0.040000
v 0.249966 0.291638 -0.040000
v 0.270000 0.299937 -0.040000
v 0.249966 0.251570 -0.040000
v 0.270000 0.243271 -0.040000
v -0.080000 0.230000 -0.040000
v -0.080000 0.230000 -0.060000
v -0.205902 0.230000 -0.040000
v -0.205902 0.230000 -0.060000
v -0.070000 0.210000 -0.040000
v -0.070000 0.210000 -0.060000
v -0.205902 0.210000 -0.040000
v -0.185107 0.210000 -0.019999
v -0.210726 0.269274 -0.060000
v -0.210726 0.269274 -0.020002
v 0.270000 0.870002 -0.010000
v 0.160912 0.870002 -0.010009
v 0.160912 0.880002 -0.010000
v 0.280000 0.880002 -0.010000
v 0.270000 0.777839 -0.010000
v 0.280000 0.777839 -0.010000
v 0.150912 0.880000 -0.000000
v 0.270000 0.767837 -0.000000
v 0.150912 0.870000 -0.000010
v 0.280000 0.767837 -0.000000
v -0.168826 0.822061 -0.000050
v -0.206469 0.806469 -0.000050
v -0.133831 0.807566 -0.000050
v -0.222061 0.768827 -0.000050
v -0.215454 0.813856 -0.000050
v -0.234338 0.767460 -0.000050
v -0.168826 0.833526 -0.000050
v -0.130443 0.825934 -0.000050
v -0.136316 0.820060 -0.000050
v -0.124960 0.816437 -0.000050
v -0.019950 0.855540 -0.000050
v 0.000000 0.860886 -0.020000
v -0.019950 0.844574 -0.000050
v -0.215829 0.753781 -0.000050
v -0.220173 0.733831 -0.020000
v -0.228576 0.753781 -0.000050
v -0.101894 0.822617 -0.010025
v -0.101894 0.833583 -0.010025
v -0.048499 0.847891 -0.010025
v -0.038518 0.850565 -0.000050
v -0.111875 0.830909 -0.000050
v -0.111875 0.819943 -0.000050
v -0.038518 0.839599 -0.000050
v -0.048499 0.836924 -0.010025
v -0.280000 0.314892 -0.000000
v -0.270006 0.294892 -0.020003
v -0.270000 0.314892 -0.000000
v -0.280006 0.209999 -0.019997
v -0.280006 0.294892 -0.019997
v -0.280000 0.500000 -0.000000
v -0.280000 0.560000 -0.000000
v -0.270000 0.500000 -0.020000
v -0.270000 0.560000 -0.020000
v -0.270000 0.500000 -0.000017
v 0.240000 0.656892 -0.020000
v 0.240000 0.696892 -0.020000
v 0.270000 0.646892 -0.020000
v 0.270000 0.706892 -0.020000
v -0.240000 0.550000 -0.020000
v -0.240000 0.510000 -0.020000
v 0.280000 0.706892 -0.000000
v 0.280000 0.646892 -0.000000
v -0.270000 0.560000 -0.000022
v 0.270000 0.646892 -0.000000
v 0.270000 0.706892 -0.000000
v 0.260000 -0.000000 -0.100000
v -0.260000 -0.000000 -0.100000
v 0.260000 0.060000 -0.100000
v -0.260000 0.060000 -0.100000
v 0.260000 -0.000000 -0.040000
v -0.260000 -0.000000 -0.040000
v 0.260000 0.060000 -0.040000
v -0.260000 0.060000 -0.040000
v -0.200000 0.870000 -0.000001
v -0.220000 0.870000 -0.020000
v -0.280000 0.800000 -0.000000
v -0.280001 0.820000 -0.020000
v -0.220000 0.880000 -0.020000
v -0.200000 0.880000 -0.000000
v -0.270000 0.820000 -0.020000
v -0.270000 0.800000 -0.000002
v -0.123589 0.385937 -0.060000
v -0.214063 0.723590 -0.080000
v 0.000000 0.847179 -0.080000
v 0.123590 0.814063 -0.080000
v -0.123590 0.814063 -0.080000
v 0.247179 0.600000 -0.080000
v 0.214063 0.476410 -0.080000
v -0.247179 0.600000 -0.080000
v -0.214063 0.476410 -0.080000
v 0.214063 0.723590 -0.080000
v -0.123589 0.385937 -0.080000
v 0.000000 0.352822 -0.080000
v 0.123589 0.385937 -0.080000
v -0.061795 0.369379 -0.060000
v -0.061795 0.369379 -0.070000
v 0.000000 0.352822 -0.070000
v 0.123589 0.385937 -0.070000
v 0.011909 0.284719 -0.060000
v -0.061795 0.339256 -0.060000
v -0.040207 0.291359 -0.060000
v -0.061795 0.339256 -0.070000
v 0.011909 0.284719 -0.070000
v -0.040207 0.291359 -0.070000
v 0.249261 0.357283 -0.060000
v 0.249261 0.357283 -0.070000
v 0.214063 0.476410 -0.070000
v 0.234460 0.372804 -0.070000
v 0.193283 0.379829 -0.070000
v 0.173252 0.391394 -0.070000
v 0.170630 0.401181 -0.070000
v -0.280000 0.200000 0.039615
v -0.280000 0.020000 0.039615
v 0.280000 0.020000 0.039615
v 0.280000 0.200000 0.039615
v -0.257085 0.177085 0.039615
v -0.250046 0.160000 0.039615
v -0.260000 0.169954 0.039615
v -0.257085 0.162915 0.039615
v -0.250046 0.180000 0.039615
v -0.243007 0.177085 0.039615
v -0.240092 0.169954 0.039615
v -0.243007 0.162915 0.039615
v -0.211630 0.160000 0.039615
v -0.221584 0.169954 0.039615
v -0.218669 0.162915 0.039615
v -0.211630 0.180000 0.039615
v -0.218669 0.177085 0.039615
v -0.201584 0.169954 0.039615
v -0.204500 0.162915 0.039615
v -0.204500 0.177085 0.039615
v -0.173366 0.160000 0.039615
v -0.183321 0.169954 0.039615
v -0.180405 0.162915 0.039615
v -0.173367 0.180000 0.039615
v -0.180405 0.177085 0.039615
v -0.163321 0.169954 0.039615
v -0.166236 0.162915 0.039615
v -0.166236 0.177085 0.039615
v -0.240092 0.170046 0.029615
v -0.243007 0.177085 0.029615
v -0.250046 0.180000 0.029615
v -0.257085 0.177085 0.029615
v -0.260000 0.169954 0.029615
v -0.257085 0.162915 0.029615
v -0.250046 0.160000 0.029615
v -0.243007 0.162915 0.029615
v -0.204500 0.177085 0.029615
v -0.211630 0.180000 0.029615
v -0.218669 0.177085 0.029615
v -0.221584 0.169954 0.029615
v -0.211630 0.160000 0.029615
v -0.218669 0.162915 0.029615
v -0.201584 0.169954 0.029615
v -0.204500 0.162915 0.029615
v -0.163321 0.170046 0.029615
v -0.166236 0.177085 0.029615
v -0.173367 0.180000 0.029615
v -0.180405 0.177085 0.029615
v -0.183321 0.169954 0.029615
v -0.173366 0.160000 0.029615
v -0.180405 0.162915 0.029615
v -0.166236 0.162915 0.029615
v -0.255574 0.164472 0.035144
v -0.255574 0.175528 0.035144
v -0.244518 0.164472 0.035144
v -0.244518 0.175528 0.035144
v -0.256785 0.163260 0.029615
v -0.256785 0.170000 0.036355
v -0.256785 0.176740 0.029615
v -0.243306 0.163260 0.029615
v -0.243306 0.176740 0.029615
v -0.243306 0.170000 0.036355
v -0.250046 0.163260 0.036355
v -0.250046 0.176740 0.036355
v -0.259328 0.170000 0.029615
v -0.240764 0.170000 0.029615
v -0.250046 0.170000 0.038897
v -0.250046 0.160718 0.029615
v -0.250046 0.179282 0.029615
v -0.217158 0.164472 0.035144
v -0.217158 0.175528 0.035144
v -0.206102 0.164472 0.035144
v -0.206102 0.175528 0.035144
v -0.218369 0.163260 0.029615
v -0.218369 0.170000 0.036355
v -0.218369 0.176740 0.029615
v -0.204890 0.163260 0.029615
v -0.204890 0.176740 0.029615
v -0.204890 0.170000 0.036355
v -0.211630 0.163260 0.036355
v -0.211630 0.176740 0.036355
v -0.220912 0.170000 0.029615
v -0.202348 0.170000 0.029615
v -0.211630 0.170000 0.038897
v -0.211630 0.160718 0.029615
v -0.211630 0.179282 0.029615
v -0.178895 0.164472 0.035144
v -0.178895 0.175528 0.035144
v -0.167838 0.164472 0.035144
v -0.167838 0.175528 0.035144
v -0.180106 0.163260 0.029615
v -0.180106 0.170000 0.036355
v -0.180106 0.176740 0.029615
v -0.166627 0.163260 0.029615
v -0.166627 0.176740 0.029615
v -0.166627 0.170000 0.036355
v -0.173367 0.163260 0.036355
v -0.173367 0.176740 0.036355
v -0.182648 0.170000 0.029615
v -0.164085 0.170000 0.029615
v -0.173367 0.170000 0.038897
v -0.173367 0.160718 0.029615
v -0.173367 0.179282 0.029615
v 0.150030 0.326946 -0.060000
v 0.111139 0.315056 -0.060000
v 0.111139 0.315056 -0.070000
v 0.150030 0.326946 -0.070000
v 0.103795 0.339078 -0.060000
v 0.105287 0.354570 -0.060000
v 0.142686 0.350968 -0.060000
v 0.117296 0.364469 -0.060000
v 0.132787 0.362977 -0.060000
v 0.142686 0.350968 -0.070000
v 0.132787 0.362977 -0.070000
v 0.103795 0.339078 -0.070000
v 0.117296 0.364469 -0.070000
v 0.105287 0.354570 -0.070000
v 0.010000 0.210000 -0.030000
v 0.010000 0.210000 -0.060000
v 0.200000 0.210000 -0.030000
v 0.200000 0.210000 -0.060000
v 0.200000 0.270000 -0.060000
v 0.067500 0.270000 -0.060000
v 0.030500 0.251000 -0.060000
v 0.067500 0.270000 -0.030000
v 0.030500 0.251000 -0.030000
v 0.045272 0.264435 -0.030000
v 0.045272 0.264435 -0.060000
v 0.150000 0.270000 -0.030000
v 0.200000 0.240000 -0.030000
v 0.170000 0.240000 -0.030000
v 0.200000 0.270000 -0.050000
v 0.150000 0.270000 -0.050000
v 0.200000 0.240000 -0.050000
v 0.170000 0.240000 -0.050000
vn 0.9239 0.3827 -0.0000
vn 1.0000 0.0001 -0.0000
vn 1.0000 -0.0000 -0.0000
vn -0.0000 0.7071 0.7071
vn -0.9912 -0.0006 0.1322
vn -0.9589 -0.2576 0.1190
vn -0.9071 -0.4210 -0.0000
vn -0.0000 -0.0000 -1.0000
vn -0.0000 -1.0000 -0.0000
vn 0.2588 -0.9659 -0.0000
vn -1.0000 -0.0000 -0.0000
vn -0.0000 1.0000 -0.0000
vn 0.4953 -0.8579 0.1363
vn 0.5000 -0.8660 -0.0000
vn -0.0006 -0.9912 0.1322
vn 0.8660 0.5000 -0.0000
vn 0.5000 0.8660 -0.0000
vn -0.5000 0.8660 -0.0000
vn 0.8660 -0.5000 -0.0000
vn -0.8660 -0.5000 -0.0000
vn -0.5000 -0.8660 -0.0000
vn -0.8660 0.5000 -0.0000
vn -0.0000 -0.0000 1.0000
vn 0.7071 -0.7071 -0.0000
vn 1.0000 -0.0001 -0.0000
vn 0.9907 -0.0000 0.1363
vn 0.8579 -0.4953 0.1363
vn -0.2525 -0.9372 0.2407
vn 0.0538 -0.9772 0.2052
vn -0.2575 -0.9589 0.1192
vn -0.9666 -0.0011 0.2564
vn -0.9373 -0.2525 0.2404
vn 0.8352 -0.4822 0.2643
vn 0.9644 -0.0000 0.2643
vn 0.9575 0.2566 0.1318
vn 0.9338 0.2502 0.2559
vn 0.7008 -0.7008 0.1332
vn 0.6836 -0.6836 0.2559
vn 0.7016 -0.7016 0.1245
vn 0.4957 -0.8586 0.1305
vn -0.9284 0.3715 -0.0001
vn 0.3611 -0.9325 -0.0001
vn -0.3720 -0.9282 -0.0000
vn -0.0245 0.9997 -0.0000
vn -0.0033 1.0000 -0.0000
vn -0.0032 1.0000 -0.0000
vn -0.1951 0.9808 -0.0000
vn 0.7850 -0.6194 -0.0000
vn -0.9914 0.1305 -0.0000
vn -0.7934 -0.6088 -0.0000
vn 0.2849 -0.9586 -0.0000
vn -0.9624 0.2579 0.0859
vn -0.9338 0.2502 0.2559
vn -0.6589 -0.7499 0.0585
vn -0.9282 -0.3720 -0.0000
vn 0.7071 0.7071 -0.0000
vn 0.3967 0.9179 -0.0000
vn -0.9239 0.3827 -0.0000
vn -0.8972 0.4415 -0.0000
vn -0.3394 -0.9406 -0.0000
vn -0.7071 -0.7071 -0.0000
vn -0.7071 0.7071 -0.0000
vn -0.3827 0.9239 -0.0000
vn -0.3827 -0.9239 -0.0000
vn 0.8944 0.4472 -0.0000
vn 0.9179 0.3968 -0.0000
vn -0.0000 0.7070 0.7072
vn 0.7071 -0.0007 0.7071
vn -0.7115 0.7027 -0.0000
vn -1.0000 -0.0061 -0.0000
vn -0.7116 0.7026 -0.0000
vn -0.0000 -0.7071 0.7071
vn -0.9216 -0.3882 -0.0000
vn -0.2588 0.9659 -0.0000
vn 0.7069 -0.0000 0.7073
vn -0.7069 -0.0000 0.7073
vn 0.7071 -0.0000 0.7071
vn 0.0008 -0.0000 1.0000
vn 0.0002 -0.7071 0.7071
vn 1.0000 -0.0003 -0.0003
vn 0.3162 -0.9487 -0.0000
vn 0.3162 0.9487 -0.0000
vn -0.3162 -0.9487 -0.0000
vn -0.3162 0.9487 -0.0000
vn 0.0001 0.7071 0.7071
vn -0.7071 -0.0000 0.7071
vn -0.0000 -1.0000 0.0001
vn -0.0000 -1.0000 -0.0002
vn -0.0000 -0.0005 1.0000
vn 0.0012 -0.0000 1.0000
vn -1.0000 -0.0000 0.0001
vn -1.0000 -0.0000 0.0003
vn -1.0000 -0.0000 0.0002
vn -0.0002 -0.0000 1.0000
vn -0.0000 1.0000 0.0002
vn -0.5000 -0.8660 0.0001
vn -0.4210 -0.9071 -0.0001
vn 0.9071 0.4210 -0.0000
vn 0.2588 0.9659 -0.0000
vn -0.0849 0.9964 -0.0000
vn 0.1264 0.9920 -0.0000
vn 0.9117 0.4109 -0.0000
vn 0.9777 0.2101 -0.0000
vn -0.1682 -0.9858 -0.0000
vn -0.7237 -0.6901 -0.0000
vn 1.0000 0.0023 -0.0000
vn 0.7087 -0.7055 -0.0000
vn 0.0023 -1.0000 -0.0000
vn -1.0000 -0.0022 -0.0000
vn -1.0000 0.0022 -0.0000
vn -0.7063 -0.7079 -0.0009
vn -0.7079 -0.7063 -0.0009
vn -0.7079 0.7063 0.0009
vn 0.0023 1.0000 -0.0000
vn -1.0000 0.0023 -0.0000
vn -0.7063 0.7079 0.0009
vn -0.7055 0.7087 -0.0000
vn -0.5774 -0.5773 0.5773
vn -0.9469 -0.0000 0.3215
vn -0.6656 -0.6656 0.3374
vn -0.5774 0.5774 0.5773
vn -0.6656 0.6656 0.3374
vn 0.9469 -0.0000 0.3215
vn 0.6656 0.6656 0.3374
vn 0.5773 0.5774 0.5773
vn 0.6656 -0.6656 0.3374
vn 0.5774 -0.5773 0.5774
vn -0.0000 -0.9469 0.3215
vn -0.0000 0.9469 0.3215
vn -0.5774 -0.5773 0.5774
vn 0.5774 0.5774 0.5773
vn -0.5773 0.5774 0.5774
vn 0.5773 0.5774 0.5774
vn -0.2924 0.9563 -0.0000
vn 0.8809 0.4733 -0.0000
vn 0.4695 0.8829 -0.0000
vn -0.9950 -0.1002 -0.0000
vn -0.8829 0.4695 -0.0000
vn -0.9563 -0.2924 -0.0000
vn 0.9563 0.2924 -0.0000
vn -0.4721 0.8815 -0.0000
vn -0.7972 0.6038 -0.0000
vn -0.1224 0.9925 -0.0000
vn -0.8944 0.4472 -0.0000
vn 0.8320 0.5547 -0.0000
vn -0.0000 -0.0004 1.0000
vn -0.0000 -0.0003 1.0000
vn -0.0000 -0.0002 1.0000
vn -0.0000 -0.0001 1.0000
vn -0.3887 0.9214 -0.0000
vn -0.0000 -1.0000 0.0002
vn -1.0000 -0.0000 0.0004
vn -0.0000 0.0001 1.0000
vn -0.0000 0.0002 1.0000
vn -0.0000 1.0000 -0.0002
vn 0.0001 -0.0000 1.0000
vt 0.967750 0.651197
vt 0.955391 0.651197
vt 0.955391 0.634412
vt 0.086193 0.415879
vt 0.053235 0.415879
vt 0.053235 0.139857
vt 0.404225 0.740018
vt 0.395985 0.740018
vt 0.395985 0.728366
vt 0.404225 0.728366
vt 0.749016 0.162352
vt 0.749110 0.109610
vt 0.761442 0.109632
vt 0.892520 0.242850
vt 0.892520 0.028625
vt 0.917238 0.028625
vt 0.917238 0.242850
vt 0.159989 0.028306
vt 0.159989 0.043208
vt 0.143510 0.043208
vt 0.143510 0.028306
vt 0.868144 0.020227
vt 0.793989 0.020227
vt 0.793989 0.003906
vt 0.868144 0.003906
vt 0.316897 0.069822
vt 0.333376 0.415879
vt 0.366334 0.139857
vt 0.333376 0.045103
vt 0.374573 0.131618
vt 0.634929 0.740018
vt 0.634929 0.728366
vt 0.643169 0.728366
vt 0.643169 0.740018
vt 0.922570 0.830468
vt 0.922570 0.642976
vt 0.939050 0.642976
vt 0.749054 0.584067
vt 0.769673 0.584082
vt 0.769673 0.636795
vt 0.749082 0.636795
vt 0.280110 0.576494
vt 0.227554 0.576494
vt 0.227554 0.561527
vt 0.280110 0.561527
vt 0.280110 0.546560
vt 0.227554 0.546560
vt 0.227554 0.531593
vt 0.280110 0.531593
vt 0.280110 0.621396
vt 0.227554 0.621396
vt 0.227554 0.606429
vt 0.280110 0.606429
vt 0.280110 0.486691
vt 0.227554 0.486691
vt 0.227554 0.471724
vt 0.280110 0.471724
vt 0.227554 0.516626
vt 0.280110 0.516626
vt 0.227554 0.591461
vt 0.280110 0.591461
vt 0.227554 0.456757
vt 0.280110 0.456757
vt 0.227554 0.501658
vt 0.280110 0.501658
vt 0.280110 0.636363
vt 0.227554 0.636363
vt 0.365171 0.498585
vt 0.355762 0.507948
vt 0.343056 0.460067
vt 0.219323 0.564432
vt 0.219323 0.577706
vt 0.216321 0.577706
vt 0.216321 0.564432
vt 0.219323 0.630801
vt 0.219323 0.644075
vt 0.216321 0.644075
vt 0.216321 0.630801
vt 0.219323 0.590980
vt 0.216321 0.590980
vt 0.219323 0.657349
vt 0.216321 0.657349
vt 0.219323 0.604254
vt 0.216321 0.604254
vt 0.219323 0.670623
vt 0.216321 0.670623
vt 0.219323 0.617528
vt 0.216321 0.617528
vt 0.219323 0.683897
vt 0.216321 0.683897
vt 0.219323 0.697171
vt 0.216321 0.697171
vt 0.219323 0.710444
vt 0.216321 0.710444
vt 0.219323 0.551159
vt 0.216321 0.551159
vt 0.955391 0.617627
vt 0.980089 0.617627
vt 0.980089 0.634412
vt 0.749024 0.478667
vt 0.769673 0.478660
vt 0.769673 0.531372
vt 0.749089 0.531407
vt 0.159989 0.052610
vt 0.147630 0.052610
vt 0.744839 0.056660
vt 0.744812 0.003906
vt 0.749074 0.004199
vt 0.749078 0.056916
vt 0.744743 0.162392
vt 0.744892 0.109831
vt 0.744819 0.531661
vt 0.744759 0.478664
vt 0.749118 0.425924
vt 0.744868 0.425623
vt 0.749270 0.535868
vt 0.745125 0.536719
vt 0.955391 0.600841
vt 0.980089 0.600841
vt 0.744960 0.578747
vt 0.749190 0.579592
vt 0.744791 0.583838
vt 0.020387 0.971792
vt 0.003908 0.971792
vt 0.003909 0.962710
vt 0.020388 0.962710
vt 0.003913 0.886526
vt 0.020391 0.886528
vt 0.020391 0.895872
vt 0.003912 0.895872
vt 0.003910 0.929291
vt 0.020389 0.929291
vt 0.003906 0.875991
vt 0.008035 0.875002
vt 0.020385 0.983318
vt 0.008026 0.983315
vt 0.069451 0.841693
vt 0.044995 0.841535
vt 0.044995 0.826931
vt 0.069451 0.827273
vt 0.426878 0.483755
vt 0.420561 0.477438
vt 0.420561 0.468505
vt 0.053654 0.767866
vt 0.053656 0.764107
vt 0.070197 0.764084
vt 0.070205 0.767842
vt 0.012170 0.141611
vt 0.012169 0.065352
vt 0.020404 0.127193
vt 0.077575 0.838254
vt 0.070247 0.823888
vt 0.097601 0.854517
vt 0.292533 0.942865
vt 0.298898 0.921800
vt 0.302531 0.933946
vt 0.303438 0.951673
vt 0.300463 0.954534
vt 0.290636 0.946383
vt 0.317324 0.971330
vt 0.313992 0.973779
vt 0.311451 0.975623
vt 0.294465 0.980121
vt 0.720385 0.056033
vt 0.703906 0.056033
vt 0.703906 0.051859
vt 0.720385 0.051859
vt 0.279470 0.939136
vt 0.277972 0.942984
vt 0.749121 0.202320
vt 0.744876 0.202335
vt 0.712041 0.444428
vt 0.707922 0.440307
vt 0.712045 0.402339
vt 0.276719 0.936069
vt 0.295413 0.919347
vt 0.020416 0.030509
vt 0.036894 0.030512
vt 0.036888 0.057115
vt 0.020410 0.057113
vt 0.720385 0.091820
vt 0.703906 0.091820
vt 0.703906 0.042330
vt 0.716265 0.042330
vt 0.716265 0.045409
vt 0.761438 0.579660
vt 0.745931 0.573236
vt 0.739508 0.557727
vt 0.412322 0.477438
vt 0.420561 0.486372
vt 0.412322 0.486372
vt 0.412322 0.495306
vt 0.420561 0.495306
vt 0.420561 0.504239
vt 0.412322 0.504239
vt 0.412322 0.468505
vt 0.284854 0.820798
vt 0.288235 0.829232
vt 0.276708 0.836402
vt 0.986898 0.477028
vt 0.986898 0.425160
vt 0.995137 0.425160
vt 0.995137 0.477028
vt 0.978658 0.477028
vt 0.978658 0.421040
vt 0.986898 0.415948
vt 0.995137 0.415948
vt 0.946480 0.566665
vt 0.946480 0.471564
vt 0.954753 0.488043
vt 0.020421 0.003906
vt 0.036900 0.003910
vt 0.707926 0.396512
vt 0.712046 0.396512
vt 0.707926 0.402339
vt 0.657154 0.444425
vt 0.657155 0.440305
vt 0.662980 0.440303
vt 0.662980 0.444423
vt 0.053119 0.862483
vt 0.016261 0.560225
vt 0.020374 0.522256
vt 0.020385 0.589452
vt 0.053220 0.883145
vt 0.044995 0.883146
vt 0.044995 0.862490
vt 0.804390 0.521263
vt 0.803031 0.516190
vt 0.815154 0.516526
vt 0.816498 0.521543
vt 0.720291 0.338448
vt 0.720289 0.363166
vt 0.712049 0.363165
vt 0.712052 0.338447
vt 0.053223 0.898194
vt 0.044995 0.889267
vt 0.967750 0.584056
vt 0.971870 0.585236
vt 0.044995 0.823522
vt 0.736604 0.583788
vt 0.736674 0.578600
vt 0.744821 0.637091
vt 0.049448 0.811458
vt 0.049448 0.788623
vt 0.740699 0.616425
vt 0.740686 0.593667
vt 0.789586 0.598358
vt 0.785223 0.599527
vt 0.785223 0.576754
vt 0.789586 0.575585
vt 0.784782 0.570854
vt 0.789146 0.569685
vt 0.790027 0.604259
vt 0.785663 0.605428
vt 0.790027 0.612178
vt 0.785663 0.613347
vt 0.790908 0.623975
vt 0.786544 0.625144
vt 0.950129 0.091827
vt 0.949972 0.015568
vt 0.954092 0.015559
vt 0.954249 0.091819
vt 0.949945 0.003917
vt 0.954065 0.003906
vt 0.939052 0.595641
vt 0.947289 0.603883
vt 0.939051 0.603881
vt 0.712049 0.371405
vt 0.707929 0.371404
vt 0.020403 0.141612
vt 0.020402 0.154640
vt 0.012169 0.184146
vt 0.003922 0.171117
vt 0.020401 0.171118
vt 0.003923 0.154638
vt 0.950145 0.133024
vt 0.950142 0.124785
vt 0.954262 0.124783
vt 0.954265 0.133032
vt 0.954252 0.100065
vt 0.950132 0.100066
vt 0.020390 0.618959
vt 0.020392 0.631986
vt 0.012153 0.631988
vt 0.003908 0.602483
vt 0.003906 0.589455
vt 0.012146 0.589454
vt 0.712053 0.330208
vt 0.707932 0.338447
vt 0.707933 0.330207
vt 0.707930 0.363165
vt 0.003911 0.618961
vt 0.020387 0.602480
vt 0.966613 0.104180
vt 0.966619 0.120659
vt 0.333376 0.448836
vt 0.086193 0.448836
vt 0.695571 0.359044
vt 0.695573 0.342565
vt 0.102671 0.020385
vt 0.086193 0.003906
vt 0.333376 0.003906
vt 0.917238 0.003906
vt 0.941956 0.003906
vt 0.941956 0.028625
vt 0.941956 0.267568
vt 0.917238 0.267568
vt 0.941956 0.242850
vt 0.036870 0.291260
vt 0.036868 0.320391
vt 0.020389 0.320390
vt 0.020391 0.291259
vt 0.954065 0.243557
vt 0.949945 0.243550
vt 0.949965 0.231898
vt 0.954085 0.231905
vt 0.512589 0.440281
vt 0.512588 0.444400
vt 0.500936 0.444398
vt 0.500937 0.440278
vt 0.016262 0.477315
vt 0.012143 0.473195
vt 0.020383 0.411024
vt 0.982937 0.113123
vt 0.974698 0.003906
vt 0.982937 0.088405
vt 0.634932 0.701632
vt 0.634929 0.485302
vt 0.643169 0.728366
vt 0.720308 0.632231
vt 0.720289 0.487665
vt 0.724408 0.483544
vt 0.012153 0.283019
vt 0.020392 0.279248
vt 0.769673 0.004200
vt 0.769673 0.056915
vt 0.761432 0.056915
vt 0.761444 0.425946
vt 0.037455 0.965259
vt 0.761433 0.373230
vt 0.769673 0.373230
vt 0.769673 0.425946
vt 0.467198 0.482145
vt 0.569028 0.482145
vt 0.619944 0.570333
vt 0.761444 0.535795
vt 0.765556 0.215083
vt 0.749092 0.215071
vt 0.765553 0.346873
vt 0.769673 0.320515
vt 0.765553 0.320515
vt 0.765553 0.267800
vt 0.769673 0.267800
vt 0.769673 0.109631
vt 0.256469 0.702004
vt 0.231428 0.687546
vt 0.256469 0.644175
vt 0.769673 0.215085
vt 0.740699 0.265954
vt 0.736579 0.265954
vt 0.736579 0.244310
vt 0.740699 0.244310
vt 0.736579 0.222666
vt 0.740699 0.222666
vt 0.740699 0.210256
vt 0.736579 0.210256
vt 0.020404 0.706921
vt 0.024524 0.706920
vt 0.028652 0.760255
vt 0.703906 0.025121
vt 0.716265 0.025121
vt 0.708026 0.016286
vt 0.708026 0.003906
vt 0.716265 0.003906
vt 0.868144 0.250931
vt 0.884464 0.020227
vt 0.884464 0.250931
vt 0.395985 0.826533
vt 0.404225 0.818293
vt 0.634929 0.818293
vt 0.643169 0.826533
vt 0.868144 0.267252
vt 0.793989 0.267252
vt 0.793989 0.250931
vt 0.404225 0.744138
vt 0.777668 0.250931
vt 0.777668 0.020227
vt 0.199811 0.032018
vt 0.195691 0.032018
vt 0.195691 0.028844
vt 0.199811 0.028844
vt 0.199811 0.025096
vt 0.195691 0.025096
vt 0.195691 0.021958
vt 0.199811 0.021958
vt 0.195680 0.044628
vt 0.199800 0.044593
vt 0.199800 0.047766
vt 0.195680 0.047766
vt 0.195691 0.044021
vt 0.199811 0.044021
vt 0.199811 0.047194
vt 0.195691 0.047195
vt 0.219599 0.053485
vt 0.215479 0.053485
vt 0.215479 0.050346
vt 0.219599 0.050346
vt 0.215479 0.047208
vt 0.219599 0.047173
vt 0.215479 0.040895
vt 0.219599 0.040895
vt 0.219599 0.044034
vt 0.215479 0.044034
vt 0.199811 0.047244
vt 0.195691 0.047244
vt 0.195691 0.044105
vt 0.199811 0.044105
vt 0.199811 0.040386
vt 0.195691 0.040386
vt 0.195691 0.037248
vt 0.199811 0.037248
vt 0.180009 0.033306
vt 0.175889 0.033306
vt 0.175889 0.030132
vt 0.180009 0.030132
vt 0.180009 0.028241
vt 0.175889 0.028241
vt 0.175889 0.025103
vt 0.180009 0.025103
vt 0.175889 0.045895
vt 0.180009 0.045895
vt 0.180009 0.049069
vt 0.175889 0.049069
vt 0.175889 0.047172
vt 0.180009 0.047172
vt 0.180009 0.050346
vt 0.175889 0.050346
vt 0.199822 0.049823
vt 0.195702 0.049858
vt 0.195702 0.046684
vt 0.199822 0.046684
vt 0.199811 0.050429
vt 0.195691 0.050429
vt 0.195691 0.047256
vt 0.199811 0.047256
vt 0.180009 0.044099
vt 0.175889 0.044099
vt 0.175889 0.040960
vt 0.180009 0.040960
vt 0.180009 0.039084
vt 0.175889 0.039084
vt 0.175889 0.035945
vt 0.180009 0.035945
vt 0.180009 0.048534
vt 0.175889 0.048534
vt 0.175889 0.045396
vt 0.180009 0.045396
vt 0.180009 0.047278
vt 0.175889 0.047278
vt 0.175889 0.044105
vt 0.180009 0.044105
vt 0.215479 0.037757
vt 0.219599 0.037757
vt 0.215479 0.034618
vt 0.219599 0.034618
vt 0.215479 0.028306
vt 0.219599 0.028306
vt 0.219599 0.031445
vt 0.215479 0.031445
vt 0.210086 0.048112
vt 0.213259 0.048127
vt 0.207867 0.053471
vt 0.169575 0.047227
vt 0.171798 0.044963
vt 0.174937 0.044948
vt 0.196062 0.041812
vt 0.198292 0.047195
vt 0.190665 0.044076
vt 0.634929 0.744138
vt 0.408344 0.740018
vt 0.858703 0.235691
vt 0.855766 0.234490
vt 0.855766 0.226865
vt 0.858703 0.225664
vt 0.858703 0.219827
vt 0.855766 0.218626
vt 0.855766 0.211102
vt 0.858703 0.209901
vt 0.855766 0.218626
vt 0.852866 0.219827
vt 0.852866 0.209901
vt 0.855766 0.211102
vt 0.852866 0.235691
vt 0.852866 0.225664
vt 0.855766 0.226865
vt 0.852866 0.241491
vt 0.855766 0.242692
vt 0.858703 0.204064
vt 0.855766 0.202863
vt 0.053543 0.711111
vt 0.062929 0.720497
vt 0.061294 0.723330
vt 0.050710 0.712747
vt 0.046836 0.698290
vt 0.050710 0.683832
vt 0.053543 0.685468
vt 0.050108 0.698290
vt 0.097958 0.685468
vt 0.100791 0.683832
vt 0.104665 0.698290
vt 0.101394 0.698290
vt 0.100791 0.712747
vt 0.097958 0.711111
vt 0.061294 0.673249
vt 0.075751 0.669375
vt 0.075751 0.672646
vt 0.062929 0.676082
vt 0.090208 0.723330
vt 0.088572 0.720497
vt 0.090208 0.673249
vt 0.088572 0.676082
vt 0.075751 0.723933
vt 0.075751 0.727204
vt 0.230927 0.030492
vt 0.230515 0.032804
vt 0.227765 0.032979
vt 0.229152 0.029109
vt 0.230937 0.035050
vt 0.229544 0.036830
vt 0.238658 0.032593
vt 0.237268 0.036462
vt 0.235494 0.035076
vt 0.235908 0.032764
vt 0.236881 0.028739
vt 0.235486 0.030518
vt 0.233211 0.032783
vt 0.233211 0.030082
vt 0.233211 0.035485
vt 0.233026 0.027337
vt 0.233395 0.038231
vt 0.248161 0.029299
vt 0.247839 0.031069
vt 0.245965 0.030899
vt 0.246881 0.028468
vt 0.247784 0.032105
vt 0.248167 0.033853
vt 0.247097 0.034938
vt 0.246026 0.032564
vt 0.253600 0.030777
vt 0.252646 0.033380
vt 0.251339 0.032683
vt 0.251690 0.030779
vt 0.252424 0.029551
vt 0.253602 0.032124
vt 0.251740 0.032384
vt 0.251273 0.030482
vt 0.252593 0.030254
vt 0.252915 0.031817
vt 0.250960 0.031874
vt 0.251052 0.029904
vt 0.252920 0.031448
vt 0.252601 0.033044
vt 0.251058 0.033407
vt 0.250960 0.031389
vt 0.251018 0.031832
vt 0.250996 0.033748
vt 0.249447 0.033403
vt 0.249067 0.031884
vt 0.251001 0.029537
vt 0.251023 0.031465
vt 0.249068 0.031409
vt 0.249449 0.029889
vt 0.251728 0.028674
vt 0.254020 0.029579
vt 0.253219 0.030866
vt 0.251185 0.030476
vt 0.249011 0.027929
vt 0.251305 0.026920
vt 0.251599 0.028762
vt 0.249586 0.029272
vt 0.251556 0.036260
vt 0.249237 0.035347
vt 0.249607 0.033977
vt 0.251577 0.034357
vt 0.254300 0.033336
vt 0.252035 0.034328
vt 0.251166 0.032801
vt 0.253250 0.032252
vt 0.262529 0.029315
vt 0.262307 0.030526
vt 0.261099 0.030389
vt 0.261687 0.028839
vt 0.262249 0.031921
vt 0.262537 0.033126
vt 0.261806 0.033758
vt 0.261126 0.032250
vt 0.266056 0.030273
vt 0.265453 0.031893
vt 0.264603 0.031454
vt 0.264832 0.030207
vt 0.265337 0.030415
vt 0.266059 0.032004
vt 0.264894 0.032252
vt 0.264584 0.031005
vt 0.266190 0.030527
vt 0.266404 0.031536
vt 0.265139 0.031570
vt 0.265186 0.030303
vt 0.266410 0.031054
vt 0.266198 0.032081
vt 0.265193 0.032311
vt 0.265142 0.031019
vt 0.265175 0.031544
vt 0.265156 0.032791
vt 0.264149 0.032569
vt 0.263913 0.031576
vt 0.265160 0.029808
vt 0.265181 0.031065
vt 0.263916 0.031033
vt 0.264152 0.030034
vt 0.265914 0.029876
vt 0.267422 0.030467
vt 0.266944 0.031309
vt 0.265658 0.031063
vt 0.264151 0.028321
vt 0.265662 0.027654
vt 0.265904 0.028820
vt 0.264613 0.029144
vt 0.265820 0.034795
vt 0.264295 0.034201
vt 0.264615 0.033328
vt 0.265879 0.033570
vt 0.267611 0.031809
vt 0.266120 0.032466
vt 0.265660 0.031419
vt 0.266976 0.031082
vt 0.740699 0.308702
vt 0.736579 0.308702
vt 0.740699 0.355045
vt 0.740699 0.397793
vt 0.736579 0.397793
vt 0.736579 0.355045
vt 0.740699 0.344696
vt 0.736579 0.344696
vt 0.736579 0.338285
vt 0.740699 0.338285
vt 0.736579 0.331873
vt 0.740699 0.331873
vt 0.736579 0.319050
vt 0.740699 0.319050
vt 0.740699 0.325462
vt 0.736579 0.325462
vt 0.869320 0.693778
vt 0.850089 0.668320
vt 0.898151 0.632422
vt 0.319253 0.835493
vt 0.319253 0.792745
vt 0.334877 0.812083
vt 0.143493 0.780502
vt 0.131134 0.780502
vt 0.131134 0.772276
vt 0.143493 0.772276
vt 0.143493 0.789942
vt 0.143493 0.823930
vt 0.135254 0.823930
vt 0.143493 0.753391
vt 0.131134 0.753391
vt 0.131134 0.789942
vt 0.353889 0.019001
vt 0.353889 0.031360
vt 0.341530 0.031360
vt 0.341530 0.010762
vt 0.346100 0.003906
vt 0.358459 0.012146
vt 0.362128 0.019001
vt 0.362128 0.031360
vt 0.155852 0.856887
vt 0.198079 0.844528
vt 0.221768 0.869246
vt 0.131134 0.869246
vt 0.135254 0.856887
vt 0.143493 0.869246
vt 0.797738 0.520387
vt 0.796973 0.515356
vt 0.784422 0.530606
vt 0.782231 0.547247
vt 0.777668 0.548470
vt 0.780524 0.527818
vt 0.791730 0.559628
vt 0.789146 0.564104
vt 0.784782 0.562934
vt 0.786493 0.559971
vt 0.724406 0.392395
vt 0.728548 0.166701
vt 0.342933 0.511353
vt 0.355869 0.463533
vt 0.365233 0.472942
vt 0.368637 0.485771
vt 0.317351 0.485648
vt 0.320818 0.472835
vt 0.330226 0.463471
vt 0.320756 0.498478
vt 0.330119 0.507886
vt 0.980089 0.641121
vt 0.971870 0.650017
vt 0.044995 0.131618
vt 0.086193 0.045103
vt 0.044995 0.045103
vt 0.769673 0.162341
vt 0.102671 0.045103
vt 0.102671 0.069822
vt 0.316897 0.045103
vt 0.366334 0.415879
vt 0.374573 0.045103
vt 0.947289 0.830468
vt 0.143510 0.051481
vt 0.020389 0.875006
vt 0.003906 0.982337
vt 0.442129 0.477438
vt 0.435812 0.483755
vt 0.036883 0.127194
vt 0.073791 0.767842
vt 0.083181 0.879891
vt 0.071580 0.883047
vt 0.323226 0.963412
vt 0.322562 0.967536
vt 0.280560 0.996094
vt 0.720385 0.045409
vt 0.745933 0.542219
vt 0.276678 0.769177
vt 0.387958 0.769128
vt 0.328307 0.777308
vt 0.387960 0.772885
vt 0.337026 0.780682
vt 0.387962 0.777404
vt 0.337031 0.791221
vt 0.284997 0.880452
vt 0.276719 0.861135
vt 0.289078 0.857003
vt 0.298781 0.829487
vt 0.289073 0.840518
vt 0.297278 0.789759
vt 0.958839 0.450965
vt 0.946480 0.446846
vt 0.961382 0.432427
vt 0.946480 0.432427
vt 0.968547 0.436563
vt 0.958839 0.467444
vt 0.961172 0.557032
vt 0.968951 0.576145
vt 0.968547 0.539523
vt 0.972201 0.543178
vt 0.967007 0.543178
vt 0.069451 0.886938
vt 0.052964 0.886864
vt 0.012142 0.564346
vt 0.016255 0.522256
vt 0.980089 0.585236
vt 0.955391 0.584056
vt 0.045368 0.784340
vt 0.045368 0.776388
vt 0.044995 0.815661
vt 0.736579 0.589390
vt 0.736597 0.628599
vt 0.736592 0.620683
vt 0.003924 0.141611
vt 0.020400 0.184146
vt 0.003921 0.184145
vt 0.003913 0.631989
vt 0.316897 0.020385
vt 0.012150 0.328629
vt 0.036862 0.411025
vt 0.991176 0.088405
vt 0.991176 0.113123
vt 0.982937 0.211997
vt 0.974698 0.220236
vt 0.982936 0.012146
vt 0.630809 0.485302
vt 0.610211 0.464704
vt 0.643169 0.452345
vt 0.610211 0.460584
vt 0.404225 0.460584
vt 0.395985 0.452345
vt 0.634932 0.736606
vt 0.595836 0.736605
vt 0.606390 0.712186
vt 0.630812 0.701632
vt 0.724401 0.434483
vt 0.728521 0.434483
vt 0.728548 0.640469
vt 0.036871 0.279249
vt 0.044559 0.906213
vt 0.058188 0.916796
vt 0.053903 0.906101
vt 0.026654 0.969283
vt 0.606301 0.621248
vt 0.569029 0.658521
vt 0.518113 0.672164
vt 0.467198 0.658521
vt 0.429925 0.621248
vt 0.416282 0.570333
vt 0.429925 0.519417
vt 0.518113 0.468502
vt 0.606301 0.519417
vt 0.761433 0.346873
vt 0.227554 0.673089
vt 0.231428 0.658632
vt 0.242012 0.648049
vt 0.270926 0.648049
vt 0.281509 0.658632
vt 0.285383 0.673089
vt 0.281509 0.687546
vt 0.270926 0.698130
vt 0.242012 0.698130
vt 0.036892 0.760254
vt 0.036900 0.811971
vt 0.012182 0.811975
vt 0.028643 0.706920
vt 0.703906 0.016286
vt 0.213259 0.055704
vt 0.210086 0.055690
vt 0.207867 0.050332
vt 0.177201 0.047172
vt 0.177201 0.050346
vt 0.174937 0.044948
vt 0.177201 0.050346
vt 0.174992 0.052575
vt 0.171819 0.052575
vt 0.169575 0.047227
vt 0.171819 0.052575
vt 0.169589 0.050366
vt 0.169575 0.047227
vt 0.177201 0.050346
vt 0.198292 0.044021
vt 0.198292 0.047195
vt 0.196062 0.041812
vt 0.198292 0.047195
vt 0.196083 0.049424
vt 0.192909 0.049424
vt 0.190665 0.044076
vt 0.192909 0.049424
vt 0.190680 0.047215
vt 0.198292 0.047194
vt 0.192909 0.049424
vt 0.190665 0.044076
vt 0.190665 0.044076
vt 0.192889 0.041812
vt 0.196062 0.041812
vt 0.404225 0.560031
vt 0.408345 0.560031
vt 0.858703 0.241491
vt 0.851665 0.207001
vt 0.852866 0.209901
vt 0.852866 0.219827
vt 0.851665 0.222765
vt 0.852866 0.225664
vt 0.851665 0.238591
vt 0.852866 0.225664
vt 0.851665 0.207001
vt 0.851665 0.222765
vt 0.852866 0.204064
vt 0.855766 0.202862
vt 0.852865 0.204064
vt 0.851665 0.207001
vt 0.859904 0.238591
vt 0.859904 0.222765
vt 0.858703 0.225664
vt 0.859904 0.207001
vt 0.858703 0.209901
vt 0.859904 0.207001
vt 0.859904 0.207001
vt 0.851665 0.222765
vt 0.851665 0.222765
vt 0.859904 0.222765
vt 0.859904 0.207001
vt 0.852866 0.204064
vt 0.855766 0.202862
vt 0.859904 0.207001
vt 0.858703 0.204064
vt 0.870853 0.830468
vt 0.874392 0.781044
vt 0.861894 0.821924
vt 0.864495 0.778018
vt 0.869394 0.761996
vt 0.859548 0.773940
vt 0.889053 0.702671
vt 0.891788 0.724141
vt 0.817518 0.608003
vt 0.887597 0.608003
vt 0.817518 0.622905
vt 0.812817 0.631047
vt 0.858934 0.767558
vt 0.863012 0.762610
vt 0.879290 0.765022
vt 0.856911 0.693778
vt 0.328146 0.914728
vt 0.319253 0.894996
vt 0.347518 0.891484
vt 0.319253 0.852248
vt 0.329601 0.852248
vt 0.361484 0.913835
vt 0.349616 0.917464
vt 0.335525 0.849794
vt 0.337978 0.843871
vt 0.345678 0.838805
vt 0.346018 0.818437
vt 0.370425 0.792264
vt 0.341846 0.818582
vt 0.335525 0.837947
vt 0.329601 0.835493
vt 0.327150 0.796707
vt 0.135254 0.844528
vt 0.131134 0.844528
vt 0.143493 0.856887
vt 0.164092 0.844528
vt 0.207237 0.846821
vt 0.213322 0.852356
vt 0.720286 0.388274
vt 0.720310 0.158461
s 1
usemtl bb
f 269/241/24 272/242/24 271/243/25
f 158/244/26 166/245/26 170/246/26
s 0
f 168/247/27 171/248/27 170/249/27 169/250/27
s 1
f 250/251/28 254/252/29 199/253/30
s 0
f 394/254/31 395/255/31 397/256/31 396/257/31
s 1
f 196/258/32 192/259/33 195/260/33 197/261/32
s 0
f 439/262/26 438/263/26 162/264/26 163/265/26
s 1
f 393/266/31 178/267/31 158/244/31
f 189/268/34 180/269/34 190/270/34
s 0
f 187/271/27 188/272/27 189/273/27 190/274/27
s 1
f 174/275/35 312/276/35 332/277/35
f 249/278/36 410/279/37 408/280/32 256/281/38
f 235/282/39 223/283/39 224/284/40 236/285/40
f 226/286/35 213/287/35 214/288/41 225/289/41
f 232/290/37 220/291/37 221/292/42 233/293/42
f 229/294/43 217/295/43 218/296/44 230/297/44
f 236/285/40 224/284/40 213/287/35 226/286/35
f 225/289/41 214/288/41 215/298/45 227/299/45
f 233/293/42 221/292/42 222/300/26 234/301/26
f 230/297/44 218/296/44 219/302/32 231/303/32
f 227/299/45 215/298/45 216/304/34 228/305/34
f 234/301/26 222/300/26 223/283/39 235/282/39
f 231/306/32 219/307/32 220/291/37 232/290/37
f 228/305/34 216/304/34 217/295/43 229/294/43
f 205/308/46 206/309/46 201/310/46
f 206/311/44 205/312/43 241/313/43 242/314/44
f 201/315/35 212/316/40 248/317/40 238/318/35
f 205/312/43 204/319/34 240/320/34 241/313/43
f 212/316/40 211/321/39 247/322/39 248/317/40
f 204/319/34 203/323/45 239/324/45 240/320/34
f 211/321/39 210/325/26 246/326/26 247/322/39
f 203/323/45 202/327/41 237/328/41 239/324/45
f 210/325/26 209/329/42 245/330/42 246/326/26
f 202/327/41 201/315/35 238/318/35 237/328/41
f 209/329/42 208/331/37 244/332/37 245/330/42
f 208/331/37 207/333/32 243/334/32 244/332/37
f 207/335/32 206/311/44 242/314/44 243/336/32
f 268/337/47 346/338/47 348/339/26 271/243/48
f 255/340/49 413/341/26 407/342/42 253/343/50
f 192/259/33 200/344/37 252/345/37
f 258/346/51 283/347/52 256/348/38 257/349/53
f 260/350/54 259/351/55 254/252/29 250/251/28
f 255/340/49 253/343/50 262/352/56 263/353/57
f 252/354/58 255/340/49 263/353/57 264/355/59
f 253/343/50 269/356/60 270/357/61 262/352/56
f 265/358/32 345/359/32 346/338/47 268/337/47
f 285/360/62 266/361/60 249/278/36 284/362/63
s 0
f 279/363/64 278/364/64 277/365/64 280/366/64
f 275/367/65 274/368/65 281/369/65 276/370/65
f 309/371/66 276/370/66 281/369/66 310/372/66
s 1
f 275/367/26 258/373/26 257/374/26
f 279/363/67 199/375/67 254/376/67
f 289/377/68 351/378/69 353/379/70 291/380/70
f 320/381/46 323/382/46 324/383/46
s 0
f 356/384/34 282/385/34 194/386/34 287/387/34
s 1
f 378/388/26 371/389/48 197/390/26
f 289/391/46 288/392/46 293/393/46
f 295/394/46 307/395/46 251/396/46
f 295/394/37 261/397/71 301/398/71 302/399/37
f 301/398/71 261/397/71 305/400/42 296/401/42
f 304/402/46 303/403/46 301/398/46
f 313/404/72 435/405/72 434/406/73 314/407/73
f 308/408/74 295/394/37 302/399/37 300/409/74
f 307/410/75 306/411/76 260/350/54 250/251/28
f 338/412/46 335/413/46 340/414/46
s 0
f 308/408/77 299/415/77 306/416/77 307/395/77
f 277/365/78 309/371/78 310/372/78 280/366/78
s 1
f 334/417/79 333/418/79 311/419/80 370/420/80
f 251/421/81 431/422/82 435/405/72 313/404/72
f 433/423/83 304/424/83 296/425/44
f 273/426/46 265/427/46 268/428/46
f 318/429/84 323/382/84 320/430/34 317/431/34
f 316/432/85 321/433/85 322/434/86 315/435/86
f 319/436/87 324/383/87 323/382/84 318/429/84
f 317/431/34 320/430/34 321/433/85 316/432/85
f 277/437/46 278/438/46 382/439/46
s 0
f 327/440/35 325/441/35 326/442/35 328/443/35
f 327/440/46 331/444/46 329/445/46 325/441/46
f 325/441/88 329/446/88 330/447/88 326/442/88
s 1
f 286/448/46 377/449/46 263/450/46
f 332/451/89 312/452/89 333/418/79 334/417/79
s 0
f 342/453/90 344/454/90 340/414/90 339/455/90
f 341/456/91 343/457/91 336/458/91 337/459/91
s 1
f 290/460/92 351/378/69 289/377/68
f 339/461/34 176/462/34 382/463/34
f 290/460/92 267/464/93 350/465/93 349/466/94
s 0
f 358/467/95 360/468/95 359/469/95 270/470/95
s 1
f 386/471/26 385/472/26 193/473/26 191/474/26
f 267/464/93 359/475/96 360/476/96 350/465/93
f 265/358/32 266/477/87 285/478/87
f 291/380/70 353/379/70 352/479/41 288/392/41
f 285/360/62 284/362/63 354/480/37 347/481/47
f 249/278/36 256/281/38 283/482/52 284/362/63
f 288/392/41 362/483/97 363/484/97
f 368/485/33 361/486/33 284/362/63
s 0
f 368/487/46 363/488/46 362/489/46 361/490/46
f 365/491/98 366/492/98 361/490/98 362/489/98
f 367/493/99 364/494/99 363/488/99 368/487/99
f 364/494/46 367/493/46 357/495/46 355/496/46
f 283/497/100 356/498/100 355/496/100 357/495/100
f 374/499/101 369/500/101 371/501/101 378/502/101
f 371/501/102 369/500/102 373/503/102 370/504/102
f 188/505/103 187/506/103 372/507/103
f 385/508/46 344/454/46 342/453/46 389/509/46
s 1
f 378/388/104 376/510/104 384/511/104
f 387/512/105 165/513/105 383/514/105
s 0
f 165/513/26 164/515/26 384/511/26 383/514/26
f 375/516/35 175/517/35 160/518/35 387/519/35
f 157/520/32 172/521/32 374/499/32 378/502/32
s 1
f 379/522/106 381/523/106 388/524/106
f 185/525/107 179/526/107 389/527/107
s 0
f 386/528/32 191/474/32 177/529/32 388/530/32
f 389/509/35 179/531/35 193/473/35 385/508/35
f 379/522/34 183/532/34 185/525/34 380/533/34
s 1
f 157/520/46 164/534/46 165/535/46
s 0
f 158/244/35 178/267/35 186/536/35 166/537/35
s 1
f 179/531/46 185/538/46 183/539/46
f 394/540/32 161/541/32 181/542/32
s 0
f 395/543/26 391/544/26 393/545/26 397/256/26
f 390/546/34 394/547/34 396/257/34 392/548/34
f 397/256/32 393/545/32 392/548/32 396/257/32
f 294/549/47 293/550/47 399/551/47 404/552/47
f 404/553/108 401/554/108 400/555/108 405/556/108
f 398/557/109 403/558/109 402/559/109 399/560/109
s 1
f 336/561/110 343/562/111 282/563/32
s 0
f 403/558/112 398/557/112 343/457/112 341/456/112
f 405/556/113 400/555/113 375/516/113 387/519/113
s 1
f 375/564/114 373/565/115 374/566/116
f 373/567/117 401/568/46 189/569/46
f 403/570/118 341/571/118 337/572/118
f 405/573/26 387/512/26 286/574/26
f 408/575/32 409/576/119 198/577/120
f 255/340/49 252/354/58 200/578/121
f 280/366/46 310/372/46 199/579/46
f 200/578/121 406/580/40 416/581/40 414/582/39
f 416/583/46 418/584/46 411/585/46
f 272/586/47 407/342/42 410/279/37
f 431/587/82 251/588/81 307/410/75
f 420/589/122 417/590/35 416/581/40
f 421/591/35 422/592/41 418/593/41 417/590/35
f 199/253/30 198/577/120 409/576/119 415/594/43
f 214/595/31 224/596/31 220/597/31
f 422/592/41 431/587/82 412/598/45 418/593/41
f 423/599/123 427/600/123 428/601/124 425/602/124
f 425/602/125 428/601/125 426/603/126 424/604/126
f 419/605/26 424/604/126 426/603/126 420/606/26
f 299/607/34 308/608/34 298/609/34
f 304/424/83 433/423/83 432/610/127 303/611/127
f 429/612/128 297/613/128 298/614/128
s 0
f 436/615/35 439/262/35 163/616/35 184/617/35
s 1
f 161/618/46 162/619/46 182/620/46 181/621/46
s 0
f 184/622/34 182/623/34 437/624/34 436/615/34
s 1
f 171/248/46 168/247/46 163/625/46
s 0
f 438/263/32 437/624/32 182/626/32 162/627/32
s 1
f 457/628/129 484/629/129 483/630/130 460/631/130
f 460/632/130 483/633/130 482/634/131 459/635/131
f 480/636/132 461/637/133 463/638/134 481/639/134
f 481/640/134 463/641/134 459/642/131 482/643/131
f 444/644/32 466/645/32 465/646/135 445/647/135
f 445/647/135 465/646/135 464/648/132 446/649/133
f 470/650/35 441/651/35 447/652/136 471/653/136
f 471/653/136 447/652/136 446/649/133 464/648/132
f 456/654/137 485/655/137 486/656/79 458/657/79
f 458/658/79 486/659/79 484/660/129 457/661/129
f 449/662/129 475/663/129 474/664/130 452/665/130
f 452/666/130 474/667/130 473/668/131 451/669/131
f 478/670/138 453/671/138 455/672/84 472/673/84
f 472/674/84 455/675/84 451/676/131 473/677/131
f 461/678/133 480/679/132 487/680/139 462/681/139
f 462/682/139 487/683/139 485/684/137 456/685/137
f 448/686/137 476/687/137 477/688/79 450/689/79
f 450/690/79 477/691/79 475/692/129 449/693/129
f 453/694/138 478/695/138 479/696/140 454/697/140
f 454/698/140 479/699/140 476/700/137 448/701/137
f 441/651/35 470/650/35 469/702/79 443/703/79
f 443/703/79 469/702/79 468/704/129 442/705/129
f 466/706/32 444/707/32 440/708/130 467/709/130
f 467/709/130 440/708/130 442/705/129 468/704/129
f 471/710/46 464/711/46 469/712/46
f 476/713/46 479/714/46 478/715/46
f 480/716/46 482/717/46 485/718/46
f 184/719/46 187/271/46 190/274/46
f 163/625/46 168/247/46 173/720/46
f 445/721/46 446/722/46 449/723/46 452/724/46
f 455/725/46 453/726/46 457/727/46 460/728/46
f 453/729/46 454/730/46 458/731/46 457/732/46
f 446/722/46 447/733/46 450/734/46 449/735/46
f 436/615/46 443/736/46 442/737/46
f 463/738/46 461/739/46 439/262/46
f 245/740/46 244/741/46 232/742/46 233/743/46
f 234/744/46 235/745/46 247/746/46 246/747/46
f 239/748/46 227/749/46 228/750/46 240/751/46
f 228/750/46 229/752/46 241/753/46 240/751/46
f 236/754/46 226/755/46 238/756/46 248/757/46
f 229/752/46 230/758/46 242/759/46 241/753/46
f 238/756/46 226/755/46 225/760/46 237/761/46
f 234/744/46 246/747/46 245/740/46 233/743/46
f 244/741/46 243/762/46 231/763/46 232/742/46
f 236/754/46 248/757/46 247/746/46 235/745/46
f 225/760/46 227/749/46 239/748/46 237/761/46
f 243/762/46 242/759/46 230/758/46 231/763/46
f 488/764/141 493/765/109 500/766/142 492/767/143
f 493/765/109 489/768/144 494/769/145 500/766/142
f 501/770/146 496/771/147 491/772/148 497/773/100
f 495/774/149 501/770/146 497/773/100 490/775/150
f 490/775/150 497/773/100 502/776/46 498/777/95
f 497/773/100 491/772/148 499/778/27 502/776/46
f 502/776/46 499/778/27 489/768/144 493/765/109
f 498/777/95 502/776/46 493/765/109 488/764/141
f 503/779/151 495/774/149 490/775/150 498/777/95
f 492/767/143 503/779/151 498/777/95 488/764/141
f 504/780/152 494/769/145 489/768/144 499/778/27
f 496/771/147 504/780/152 499/778/27 491/772/148
f 505/781/153 510/782/109 517/783/142 509/784/143
f 510/785/109 506/786/144 511/787/145 517/788/142
f 518/789/146 513/790/147 508/791/154 514/792/100
f 512/793/149 518/794/146 514/795/100 507/796/150
f 507/797/150 514/798/100 519/799/46 515/800/95
f 514/801/100 508/802/154 516/803/27 519/804/46
f 519/805/46 516/806/27 506/807/144 510/808/109
f 515/809/95 519/810/46 510/811/109 505/812/153
f 520/813/151 512/814/149 507/815/150 515/816/95
f 509/817/143 520/818/151 515/819/95 505/820/153
f 521/821/152 511/822/145 506/823/144 516/824/27
f 513/825/147 521/826/152 516/827/27 508/828/154
f 522/829/153 527/830/109 534/831/142 526/832/143
f 527/833/109 523/834/155 528/835/145 534/836/142
f 535/837/146 530/838/147 525/839/156 531/840/100
f 529/841/149 535/842/146 531/843/100 524/844/150
f 524/845/150 531/846/100 536/847/46 532/848/95
f 531/849/100 525/850/156 533/851/27 536/852/46
f 536/853/46 533/854/27 523/855/155 527/856/109
f 532/857/95 536/858/46 527/859/109 522/860/153
f 537/861/151 529/862/149 524/863/150 532/864/95
f 526/865/143 537/866/151 532/867/95 522/868/153
f 538/869/152 528/870/145 523/871/155 533/872/27
f 530/873/147 538/874/152 533/875/27 525/876/156
f 423/599/123 540/877/157 541/878/157 427/600/123
s 0
f 539/879/157 429/880/157 430/881/157 542/882/157
s 1
f 545/883/158 548/884/158 549/885/159 547/886/159
f 547/886/159 549/885/159 551/887/157 546/888/157
f 550/889/160 543/890/160 544/891/161 552/892/161
f 552/892/161 544/891/161 546/888/157 551/887/157
f 541/878/162 540/877/162 543/890/160 550/889/160
f 424/893/46 406/894/46 333/895/46
f 539/879/163 542/882/163 548/884/158 545/883/158
f 542/896/46 430/897/46 433/898/46
f 562/899/164 563/900/164 559/901/165 561/902/165
f 560/903/166 564/904/35 568/905/35
f 553/906/167 561/902/165 559/901/165 554/907/167
f 560/903/166 558/908/166 563/900/164 562/899/164
s 0
f 570/909/46 569/910/46 567/911/46 568/912/46
f 564/913/168 566/914/168 570/909/168 568/912/168
f 566/915/35 565/916/35 569/910/35 570/909/35
s 1
f 566/917/46 560/918/46 553/919/46
f 556/920/26 569/921/26 555/922/26
f 360/468/46 358/467/46 348/923/46 350/924/46
f 346/925/46 345/926/46 351/927/46 349/928/46
f 347/929/46 354/930/46 352/931/46 353/932/46
f 348/923/46 346/925/46 349/928/46 350/924/46
f 353/932/46 351/927/46 345/926/46 347/929/46
f 365/491/46 352/931/46 354/930/46 366/492/46
f 340/933/26 386/471/26 169/934/26
f 206/309/46 207/935/46 201/310/46
f 201/310/46 202/936/46 205/308/46
f 202/936/46 203/937/46 205/308/46
f 203/937/46 204/938/46 205/308/46
f 210/939/46 211/940/46 212/941/46
f 209/942/46 210/939/46 212/941/46 208/943/46
f 207/935/46 208/943/46 212/941/46 201/310/46
f 271/243/48 348/339/26 358/944/24
f 358/944/24 270/945/24 271/243/48
f 270/945/24 269/241/24 271/243/25
f 170/246/26 171/946/26 159/947/26
f 171/946/26 161/948/26 159/947/26
f 159/947/26 158/244/26 170/246/26
f 199/253/30 415/594/43 411/949/34
f 411/949/34 250/251/28 199/253/30
f 159/947/31 390/950/31 392/951/31
f 393/266/31 391/952/31 180/269/31
f 158/244/31 159/947/31 392/951/31
f 393/266/31 180/269/31 178/267/31
f 158/244/31 392/951/31 393/266/31
f 189/268/34 186/953/34 178/267/34
f 178/267/34 180/269/34 189/268/34
f 180/269/34 181/954/34 190/270/34
f 332/277/35 372/507/35 187/506/35
f 187/506/35 173/955/35 332/277/35
f 173/955/35 174/275/35 332/277/35
f 252/345/37 264/956/37 195/260/33
f 195/260/33 192/259/33 252/345/37
f 198/957/26 274/368/26 257/374/26
f 274/368/26 275/367/26 257/374/26
f 259/958/67 278/364/67 254/376/67
f 278/364/67 279/363/67 254/376/67
f 324/383/46 322/959/46 321/960/46
f 321/960/46 320/381/46 324/383/46
f 370/420/48 311/419/48 371/389/48
f 311/419/48 196/961/26 371/389/48
f 197/390/26 376/510/26 378/388/26
f 196/961/26 197/390/26 371/389/48
f 289/391/46 291/380/46 288/392/46
f 288/392/46 287/387/46 194/962/46
f 194/962/46 293/393/46 288/392/46
f 293/393/46 294/963/46 289/391/46
f 294/963/46 292/964/46 289/391/46
f 251/396/46 313/965/46 261/397/46
f 313/965/46 314/966/46 305/400/46
f 261/397/46 313/965/46 305/400/46
f 295/394/46 308/408/46 307/395/46
f 261/397/46 295/394/46 251/396/46
f 303/403/46 298/967/46 300/409/46
f 300/409/46 302/399/46 303/403/46
f 302/399/46 301/398/46 303/403/46
f 301/398/46 296/401/46 304/402/46
f 338/412/46 337/459/169 335/413/46
f 337/459/169 336/458/170 335/413/46
f 335/413/46 339/455/46 340/414/46
f 305/968/44 314/407/73 296/425/44
f 314/407/73 434/406/73 296/425/44
f 434/406/73 433/423/83 296/425/44
f 271/969/46 272/586/46 268/428/46
f 272/586/46 273/426/46 268/428/46
f 176/970/46 282/971/46 276/972/46
f 282/971/46 356/973/46 275/974/171
f 276/972/46 282/971/46 275/974/171
f 356/973/46 283/975/46 275/974/171
f 283/975/46 258/976/172 275/974/46
f 306/416/46 299/415/46 260/977/46
f 299/415/46 381/978/46 260/977/46
f 260/977/46 381/978/46 379/979/46
f 259/980/46 260/977/46 379/979/46
f 259/980/46 379/979/46 380/981/46
f 176/970/46 276/972/46 309/982/46
f 259/980/46 380/981/46 278/438/46
f 380/981/46 382/439/46 278/438/46
f 382/439/46 176/970/46 277/437/46
f 176/970/46 309/982/46 277/437/46
f 384/983/46 376/984/46 195/985/46
f 376/984/46 197/986/46 195/985/46
f 195/985/46 264/987/46 384/983/46
f 383/988/46 384/983/46 264/987/46
f 383/988/46 264/987/46 263/450/46
f 267/989/46 290/990/46 286/448/46
f 262/991/46 270/992/46 359/993/46
f 359/993/46 267/989/46 286/448/46
f 377/449/46 383/988/46 263/450/46
f 263/450/46 262/991/46 359/993/46
f 359/993/46 286/448/46 263/450/46
f 289/377/68 292/994/173 290/460/92
f 292/994/173 286/995/173 290/460/92
f 290/460/92 349/466/94 351/378/69
f 382/463/34 389/527/34 342/996/34
f 339/461/34 335/997/34 176/462/34
f 382/463/34 342/996/34 339/461/34
f 347/998/87 345/359/32 285/478/87
f 345/359/32 265/358/32 285/478/87
f 265/358/32 273/999/87 266/477/87
f 363/484/97 364/1000/97 355/1001/97
f 355/1001/97 356/384/97 363/484/97
f 356/384/97 287/387/97 363/484/97
f 287/387/97 288/392/41 363/484/97
f 288/392/41 352/479/41 362/483/97
f 352/479/41 365/1002/97 362/483/97
f 361/486/33 366/1003/33 284/362/63
f 366/1003/33 354/480/37 284/362/63
f 283/482/52 357/1004/33 368/485/33
f 357/1004/33 367/1005/33 368/485/33
f 283/482/52 368/485/33 284/362/63
f 384/511/104 164/515/104 378/388/104
f 164/515/104 157/1006/104 378/388/104
f 383/514/105 377/1007/105 387/512/105
f 387/512/105 160/1008/105 165/513/105
f 388/524/106 177/1009/106 183/532/106
f 183/532/106 379/522/106 388/524/106
f 382/463/107 380/533/107 389/527/107
f 380/533/107 185/525/107 389/527/107
f 165/535/46 160/518/46 157/520/46
f 160/518/46 175/517/46 157/520/46
f 175/517/46 172/521/46 157/520/46
f 183/539/46 177/529/46 179/531/46
f 177/529/46 191/474/46 179/531/46
f 191/474/46 193/473/46 179/531/46
f 394/540/32 390/950/32 159/947/32
f 181/542/32 180/269/32 395/1010/32
f 180/269/32 391/952/32 395/1010/32
f 394/540/32 159/947/32 161/541/32
f 181/542/32 395/1010/32 394/540/32
f 343/562/111 398/1011/32 282/563/32
f 398/1011/32 399/551/32 293/550/32
f 282/563/32 398/1011/32 194/1012/32
f 293/550/32 194/1012/32 398/1011/32
f 282/563/32 176/462/174 336/561/110
f 176/462/174 335/997/174 336/561/110
f 374/566/116 172/1013/115 175/1014/115
f 375/564/34 400/1015/175 401/1016/175
f 374/566/116 175/1014/115 375/564/114
f 373/565/115 369/1017/115 374/566/116
f 375/564/114 401/1016/116 373/565/115
f 404/1018/46 399/1019/46 186/1020/46
f 399/1019/46 402/1021/46 186/1020/46
f 167/1022/46 169/250/46 170/249/46
f 401/568/46 404/1018/46 186/1020/46
f 167/1022/46 170/249/46 166/1023/46
f 402/1021/46 167/1022/46 166/1023/46
f 186/1020/46 189/569/46 401/568/46
f 189/569/46 188/272/46 373/567/117
f 188/272/176 372/1024/177 332/1025/176
f 332/1025/176 334/1026/176 188/272/176
f 334/1026/176 370/1027/46 188/272/176
f 370/1027/46 373/567/46 188/272/176
f 402/1021/46 166/1023/46 186/1020/46
f 337/572/178 338/1028/178 167/1029/178
f 167/1029/178 402/1030/35 337/572/178
f 402/1030/35 403/570/35 337/572/178
f 387/512/26 377/1007/26 286/574/26
f 286/574/26 292/1031/26 294/549/26
f 294/549/26 404/552/26 286/574/26
f 404/552/26 405/573/26 286/574/26
f 257/349/53 256/348/38 198/577/120
f 256/348/38 408/575/32 198/577/120
f 200/578/121 414/582/39 413/341/26
f 413/341/26 255/340/49 200/578/121
f 310/372/46 281/1032/46 198/1033/46
f 281/1032/46 274/1034/179 198/1033/46
f 198/1033/46 199/579/46 310/372/46
f 199/579/46 279/1035/46 280/366/46
f 411/585/46 415/1036/46 409/1037/46
f 409/1037/46 408/1038/46 410/1039/46
f 410/1039/46 407/1040/46 416/583/46
f 407/1040/46 413/1041/46 416/583/46
f 413/1041/46 414/1042/46 416/583/46
f 416/583/46 417/1043/46 418/584/46
f 418/584/46 412/1044/46 411/585/46
f 411/585/46 409/1037/46 416/583/46
f 409/1037/46 410/1039/46 416/583/46
f 272/586/47 269/356/60 253/343/50
f 410/279/37 249/278/36 273/426/47
f 249/278/36 266/361/60 273/426/47
f 272/586/47 253/343/50 407/342/42
f 410/279/37 273/426/47 272/586/47
f 307/410/75 250/251/28 411/949/34
f 411/949/34 412/598/45 307/410/75
f 412/598/45 431/587/82 307/410/75
f 416/581/40 406/580/40 420/589/122
f 406/580/40 419/1045/122 420/589/122
f 420/589/122 421/591/35 417/590/35
f 224/596/31 223/1046/31 222/1047/31
f 222/1047/31 221/1048/31 220/597/31
f 220/597/31 219/1049/31 218/1050/31
f 218/1050/31 217/1051/31 216/1052/31
f 216/1052/31 215/1053/31 214/595/31
f 214/595/31 213/1054/31 224/596/31
f 224/596/31 222/1047/31 220/597/31
f 220/597/31 218/1050/31 216/1052/31
f 216/1052/31 214/595/31 220/597/31
f 298/609/34 297/1055/34 174/1056/34
f 173/1057/34 388/524/34 299/607/34
f 388/524/34 381/523/34 299/607/34
f 298/609/34 174/1056/34 173/1057/34
f 308/608/34 300/1058/34 298/609/34
f 173/1057/34 299/607/34 298/609/34
f 298/614/128 303/611/128 429/612/128
f 303/611/128 432/610/128 429/612/128
f 432/610/128 430/1059/128 429/612/128
f 163/625/46 162/619/46 171/248/46
f 162/619/46 161/618/46 171/248/46
f 465/646/46 466/645/46 467/1060/46
f 467/1060/46 468/1061/46 465/646/46
f 468/1061/46 469/712/46 464/711/46
f 465/646/46 468/1061/46 464/711/46
f 469/712/46 470/1062/46 471/710/46
f 472/1063/46 473/1064/46 478/1065/46
f 473/1066/46 474/1067/46 475/1068/46
f 478/715/46 475/1068/46 476/1069/46
f 475/1070/46 477/1071/46 476/1072/46
f 473/1073/46 475/1068/46 478/1065/46
f 481/1074/46 482/1075/46 480/1076/46
f 482/1077/46 483/1078/46 484/1079/46
f 485/1080/46 484/1081/46 486/1082/46
f 482/1083/46 484/1084/46 485/1085/46
f 485/1086/46 487/1087/46 480/1088/46
f 181/621/46 182/620/46 190/274/46
f 182/620/46 184/719/46 190/274/46
f 187/271/46 184/719/46 173/720/46
f 184/719/46 163/625/46 173/720/46
f 168/247/46 386/1089/46 173/720/46
f 386/1089/46 388/1090/46 173/720/46
f 436/615/46 437/624/46 443/736/46
f 442/737/46 440/1091/46 436/615/46
f 456/1092/46 458/1093/46 454/1094/46
f 448/1095/46 450/1096/46 441/1097/46
f 450/1098/46 447/733/46 441/1097/46
f 456/1099/46 454/1094/46 448/1100/46
f 441/1097/46 443/736/46 437/624/46
f 437/624/46 438/263/46 462/1101/46
f 438/263/46 439/262/46 461/1102/46
f 437/624/46 462/1103/46 456/1104/46
f 436/615/46 440/1091/46 444/1105/46
f 444/1105/46 445/721/46 451/1106/46
f 445/721/46 452/1107/46 451/1106/46
f 451/1106/46 455/725/46 459/1108/46
f 455/725/46 460/1109/46 459/1110/46
f 439/262/46 436/615/46 459/1111/46
f 436/615/46 444/1105/46 451/1106/46
f 448/1112/46 441/1097/46 437/624/46
f 456/1092/46 448/1113/46 437/624/46
f 436/615/46 451/1114/46 459/1115/46
f 462/1116/46 438/263/46 461/1117/46
f 439/262/46 459/1118/46 463/1119/46
f 174/275/46 297/1120/46 539/1121/46
f 297/1120/46 429/1122/46 539/1121/46
f 539/1121/46 545/1123/46 543/1124/46
f 545/1123/46 547/1125/46 543/1124/46
f 333/895/46 312/276/46 425/1126/46
f 312/276/46 174/275/46 423/1127/46
f 425/1126/46 312/276/46 423/1127/46
f 196/1128/46 311/1129/46 192/1130/46
f 311/1129/46 333/895/46 406/894/46
f 192/1130/46 311/1129/46 406/894/46
f 406/894/46 200/1131/46 192/1130/46
f 547/1125/46 546/1132/46 543/1124/46
f 546/1132/46 544/1133/46 543/1124/46
f 543/1124/46 540/1134/46 539/1121/46
f 539/1121/46 540/1134/46 174/275/46
f 540/1134/46 423/1127/46 174/275/46
f 424/893/46 419/1135/46 406/894/46
f 425/1126/46 424/893/46 333/895/46
f 428/1136/46 427/1137/46 421/1138/46
f 427/1137/46 541/1139/46 550/1140/46
f 427/1137/46 550/1140/46 421/1138/46
f 420/1141/46 426/1142/46 421/1138/46
f 426/1142/46 428/1136/46 421/1138/46
f 550/1140/46 552/1143/46 421/1138/46
f 552/1143/46 551/1144/46 422/1145/46
f 421/1138/46 552/1143/46 422/1145/46
f 435/1146/46 431/1147/46 422/1145/46
f 434/1148/46 435/1146/46 422/1145/46
f 422/1145/46 551/1144/46 549/1149/46
f 433/898/46 434/1148/46 548/1150/46
f 434/1148/46 422/1145/46 549/1149/46
f 548/1150/46 434/1148/46 549/1149/46
f 430/897/46 432/1151/46 433/898/46
f 548/1150/46 542/896/46 433/898/46
f 567/1152/35 557/1153/35 568/905/35
f 557/1153/35 558/908/166 568/905/35
f 558/908/166 560/903/166 568/905/35
f 553/919/46 555/922/46 566/917/46
f 555/922/46 565/1154/46 566/917/46
f 566/917/46 564/1155/46 560/918/46
f 562/1156/46 561/1157/46 560/918/46
f 561/1157/46 553/919/46 560/918/46
f 556/920/26 557/1153/26 569/921/26
f 557/1153/26 567/1152/26 569/921/26
f 569/921/26 565/1154/26 555/922/26
f 169/934/26 167/1029/26 340/933/26
f 167/1029/26 338/1028/26 340/933/26
f 340/933/26 344/1158/26 385/472/26
f 386/471/26 168/1159/26 169/934/26
f 340/933/26 385/472/26 386/471/26
o Data_block_contact
v -0.240000 0.080000 -0.080000
v -0.240000 0.080000 -0.090000
v 0.240000 0.080000 -0.080000
v 0.240000 0.080000 -0.090000
v -0.240000 0.040000 -0.080000
v -0.240000 0.040000 -0.090000
v 0.240000 0.040000 -0.080000
v 0.240000 0.040000 -0.090000
v -0.140000 0.040000 -0.090000
v -0.140000 0.080000 -0.090000
v -0.140000 0.040000 -0.080000
v -0.140000 0.080000 -0.080000
v -0.180000 0.040000 -0.080000
v -0.180000 0.040000 -0.090000
v -0.180000 0.080000 -0.080000
v -0.180000 0.080000 -0.090000
v 0.240000 0.080000 -0.050000
v 0.240000 0.080000 -0.060000
v -0.240000 0.080000 -0.050000
v -0.240000 0.080000 -0.060000
v 0.240000 0.040000 -0.050000
v 0.240000 0.040000 -0.060000
v -0.240000 0.040000 -0.050000
v -0.240000 0.040000 -0.060000
v 0.140000 0.040000 -0.060000
v 0.140000 0.080000 -0.060000
v 0.140000 0.040000 -0.050000
v 0.140000 0.080000 -0.050000
v 0.180000 0.040000 -0.050000
v 0.180000 0.040000 -0.060000
v 0.180000 0.080000 -0.050000
v 0.180000 0.080000 -0.060000
vn -0.0000 -1.0000 -0.0000
vn -0.0000 -0.0000 1.0000
vn -0.0000 -0.0000 -1.0000
vn 1.0000 -0.0000 -0.0000
vn -1.0000 -0.0000 -0.0000
vt 0.672029 0.468824
vt 0.672029 0.625373
vt 0.667910 0.625373
vt 0.667910 0.468824
vt 0.889054 0.555312
vt 0.889054 0.530593
vt 0.905533 0.530593
vt 0.905533 0.555312
vt 0.688508 0.468824
vt 0.688508 0.625373
vt 0.672029 0.641852
vt 0.667910 0.641852
vt 0.905533 0.514114
vt 0.909653 0.514114
vt 0.909653 0.530593
vt 0.651431 0.625373
vt 0.651431 0.468824
vt 0.926132 0.530593
vt 0.926132 0.555312
vt 0.909653 0.555312
vt 0.970544 0.408027
vt 0.966424 0.408027
vt 0.966424 0.251477
vt 0.970544 0.251477
vt 0.909653 0.571791
vt 0.905533 0.571791
vt 0.667910 0.452345
vt 0.672029 0.452345
vt 0.837023 0.570661
vt 0.820544 0.570661
vt 0.820544 0.545942
vt 0.837023 0.545942
vt 0.987023 0.408027
vt 0.987023 0.251477
vt 0.970544 0.234999
vt 0.966424 0.234999
vt 0.820544 0.529464
vt 0.816424 0.545942
vt 0.816424 0.529464
vt 0.949945 0.251477
vt 0.949945 0.408027
vt 0.799945 0.545942
vt 0.816424 0.570661
vt 0.799945 0.570661
vt 0.820544 0.587140
vt 0.816424 0.587140
vt 0.970544 0.424506
vt 0.966424 0.424506
s 0
usemtl bb
f 579/1160/180 578/1161/180 577/1162/180 581/1163/180
f 585/1164/181 571/1165/181 575/1166/181 583/1167/181
f 580/1168/182 574/1169/182 578/1161/182 579/1160/182
f 574/1170/183 573/1171/183 577/1162/183 578/1161/183
f 571/1172/184 572/1173/184 576/1174/184 575/1166/184
f 573/1175/181 582/1176/181 581/1163/181 577/1162/181
f 572/1177/182 586/1178/182 584/1179/182 576/1174/182
f 576/1174/180 584/1179/180 583/1167/180 575/1166/180
f 595/1180/180 597/1181/180 593/1182/180 594/1183/180
f 584/1179/183 586/1184/183 585/1185/183 583/1167/183
f 581/1163/184 582/1186/184 580/1187/184 579/1160/184
f 601/1188/181 599/1189/181 591/1190/181 587/1191/181
f 596/1192/182 595/1180/182 594/1183/182 590/1193/182
f 590/1194/184 594/1183/184 593/1182/184 589/1195/184
f 587/1196/183 591/1190/183 592/1197/183 588/1198/183
f 589/1199/181 593/1182/181 597/1181/181 598/1200/181
f 588/1201/182 592/1197/182 600/1202/182 602/1203/182
f 592/1197/180 591/1190/180 599/1189/180 600/1202/180
f 600/1202/184 599/1189/184 601/1204/184 602/1205/184
f 597/1181/183 595/1180/183 596/1206/183 598/1207/183
o Data_block_disk
v -0.000000 0.836734 -0.022000
v -0.000000 0.363266 -0.022000
v 0.118367 0.805018 -0.022000
v 0.205018 0.718367 -0.022000
v 0.236734 0.600000 -0.022000
v 0.205018 0.481633 -0.022000
v 0.118367 0.394982 -0.022000
v -0.118367 0.805018 -0.022000
v -0.205018 0.718367 -0.022000
v -0.236734 0.600000 -0.022000
v -0.205018 0.481633 -0.022000
v -0.118367 0.394982 -0.022000
v 0.118367 0.805018 -0.026000
v -0.000000 0.836734 -0.026000
v 0.205018 0.718367 -0.026000
v 0.236734 0.600000 -0.026000
v 0.205018 0.481633 -0.026000
v 0.118367 0.394982 -0.026000
v -0.000000 0.363266 -0.026000
v -0.118367 0.805018 -0.026000
v -0.205018 0.718367 -0.026000
v -0.236734 0.600000 -0.026000
v -0.205018 0.481633 -0.026000
v -0.118367 0.394982 -0.026000
v 0.206457 0.480802 -0.024000
v 0.119198 0.393543 -0.024000
v -0.000000 0.361604 -0.024000
v -0.119198 0.393543 -0.024000
v 0.119198 0.806457 -0.024000
v 0.206457 0.719198 -0.024000
v -0.238396 0.600000 -0.024000
v -0.206457 0.719198 -0.024000
v 0.238396 0.600000 -0.024000
v -0.206457 0.480802 -0.024000
v -0.119198 0.806457 -0.024000
v -0.000000 0.838396 -0.024000
v -0.000000 0.836734 -0.034912
v -0.000000 0.363266 -0.034912
v 0.118367 0.805018 -0.034912
v 0.205018 0.718367 -0.034912
v 0.236734 0.600000 -0.034912
v 0.205018 0.481633 -0.034912
v 0.118367 0.394982 -0.034912
v -0.118367 0.805018 -0.034912
v -0.205018 0.718367 -0.034912
v -0.236734 0.600000 -0.034912
v -0.205018 0.481633 -0.034912
v -0.118367 0.394982 -0.034912
v 0.118367 0.805018 -0.038912
v -0.000000 0.836734 -0.038912
v 0.205018 0.718367 -0.038912
v 0.236734 0.600000 -0.038912
v 0.205018 0.481633 -0.038912
v 0.118367 0.394982 -0.038912
v -0.000000 0.363266 -0.038912
v -0.118367 0.805018 -0.038912
v -0.205018 0.718367 -0.038912
v -0.236734 0.600000 -0.038912
v -0.205018 0.481633 -0.038912
v -0.118367 0.394982 -0.038912
v 0.206457 0.480802 -0.036912
v 0.119198 0.393543 -0.036912
v -0.000000 0.361604 -0.036912
v -0.119198 0.393543 -0.036912
v 0.119198 0.806457 -0.036912
v 0.206457 0.719198 -0.036912
v -0.238396 0.600000 -0.036912
v -0.206457 0.719198 -0.036912
v 0.238396 0.600000 -0.036912
v -0.206457 0.480802 -0.036912
v -0.119198 0.806457 -0.036912
v -0.000000 0.838396 -0.036912
v -0.000000 0.836734 -0.048754
v -0.000000 0.363266 -0.048754
v 0.118367 0.805018 -0.048754
v 0.205018 0.718367 -0.048754
v 0.236734 0.600000 -0.048754
v 0.205018 0.481633 -0.048754
v 0.118367 0.394982 -0.048754
v -0.118367 0.805018 -0.048754
v -0.205018 0.718367 -0.048754
v -0.236734 0.600000 -0.048754
v -0.205018 0.481633 -0.048754
v -0.118367 0.394982 -0.048754
v 0.118367 0.805018 -0.052754
v -0.000000 0.836734 -0.052754
v 0.205018 0.718367 -0.052754
v 0.236734 0.600000 -0.052754
v 0.205018 0.481633 -0.052754
v 0.118367 0.394982 -0.052754
v -0.000000 0.363266 -0.052754
v -0.118367 0.805018 -0.052754
v -0.205018 0.718367 -0.052754
v -0.236734 0.600000 -0.052754
v -0.205018 0.481633 -0.052754
v -0.118367 0.394982 -0.052754
v 0.206457 0.480802 -0.050754
v 0.119198 0.393543 -0.050754
v -0.000000 0.361604 -0.050754
v -0.119198 0.393543 -0.050754
v 0.119198 0.806457 -0.050754
v 0.206457 0.719198 -0.050754
v -0.238396 0.600000 -0.050754
v -0.206457 0.719198 -0.050754
v 0.238396 0.600000 -0.050754
v -0.206457 0.480802 -0.050754
v -0.119198 0.806457 -0.050754
v -0.000000 0.838396 -0.050754
vn -0.0000 -0.0000 1.0000
vn 0.5000 -0.8660 -0.0000
vn 0.3846 -0.6661 -0.6390
vn 0.6661 -0.3846 -0.6390
vn 0.8660 -0.5000 -0.0000
vn -0.5000 -0.8660 -0.0000
vn -0.3846 -0.6661 -0.6390
vn -0.0000 -0.7692 -0.6390
vn -0.0000 -1.0000 -0.0000
vn 0.8660 0.5000 -0.0000
vn 0.6661 0.3846 -0.6390
vn 0.3846 0.6661 -0.6390
vn 0.5000 0.8660 -0.0000
vn -0.8660 0.5000 -0.0000
vn -0.6661 0.3846 -0.6390
vn -0.7692 -0.0000 -0.6390
vn -1.0000 -0.0000 -0.0000
vn 1.0000 -0.0000 -0.0000
vn 0.7692 -0.0000 -0.6390
vn -0.6661 -0.3846 -0.6390
vn -0.8660 -0.5000 -0.0000
vn -0.0000 1.0000 -0.0000
vn -0.0000 0.7692 -0.6390
vn -0.3846 0.6661 -0.6390
vn -0.5000 0.8660 -0.0000
vn -0.3846 0.6661 0.6390
vn -0.6661 0.3846 0.6390
vn 0.3846 0.6661 0.6390
vn -0.0000 0.7692 0.6390
vn -0.6661 -0.3846 0.6390
vn -0.3846 -0.6661 0.6390
vn 0.6661 -0.3846 0.6390
vn 0.7692 -0.0000 0.6390
vn -0.7692 -0.0000 0.6390
vn 0.6661 0.3846 0.6390
vn -0.0000 -0.7692 0.6390
vn 0.3846 -0.6661 0.6390
vt 0.835993 0.936194
vt 0.835715 0.841621
vt 0.848829 0.888625
vt 0.801071 0.806336
vt 0.801662 0.805334
vt 0.837626 0.840499
vt 0.836704 0.841047
vt 0.701611 0.804749
vt 0.701075 0.803712
vt 0.751347 0.791496
vt 0.751306 0.792674
vt 0.837009 0.936771
vt 0.837958 0.937322
vt 0.801320 0.974559
vt 0.800682 0.973480
vt 0.664492 0.939398
vt 0.663523 0.939971
vt 0.649644 0.889243
vt 0.650910 0.889248
vt 0.849929 0.888622
vt 0.851139 0.888619
vt 0.663950 0.838752
vt 0.664950 0.839377
vt 0.751217 0.987447
vt 0.751238 0.988552
vt 0.701233 0.976430
vt 0.701840 0.975337
vt 0.702403 0.974296
vt 0.665563 0.938764
vt 0.800055 0.972420
vt 0.751196 0.986316
vt 0.665956 0.839995
vt 0.702145 0.805738
vt 0.652108 0.889267
vt 0.751286 0.793901
vt 0.800487 0.807344
s 1
usemtl bb
f 606/1208/185 608/1209/185 607/1210/185
f 628/1211/186 620/1212/187 619/1213/188 627/1214/189
f 630/1215/190 626/1216/191 621/1217/192 629/1218/193
f 632/1219/194 617/1220/195 615/1221/196 631/1222/197
f 634/1223/198 623/1224/199 624/1225/200 633/1226/201
f 629/1218/193 621/1217/192 620/1212/187 628/1211/186
f 635/1227/202 618/1228/203 617/1220/195 632/1219/194
f 633/1226/201 624/1225/200 625/1229/204 636/1230/205
f 638/1231/206 616/1232/207 622/1233/208 637/1234/209
f 627/1214/189 619/1213/188 618/1228/203 635/1227/202
f 636/1230/205 625/1229/204 626/1216/191 630/1215/190
f 631/1222/197 615/1221/196 616/1232/207 638/1231/206
f 637/1234/209 622/1233/208 623/1224/199 634/1223/198
f 610/1235/210 637/1234/209 634/1223/198 611/1236/211
f 605/1237/212 631/1222/197 638/1231/206 603/1238/213
f 613/1239/214 636/1230/205 630/1215/190 614/1240/215
f 608/1209/216 627/1214/189 635/1227/202 607/1210/217
f 603/1238/213 638/1231/206 637/1234/209 610/1235/210
f 612/1241/218 633/1226/201 636/1230/205 613/1239/214
f 607/1210/217 635/1227/202 632/1219/194 606/1208/219
f 604/1242/220 629/1218/193 628/1211/186 609/1243/221
f 611/1236/211 634/1223/198 633/1226/201 612/1241/218
f 606/1208/219 632/1219/194 631/1222/197 605/1237/212
f 614/1240/215 630/1215/190 629/1218/193 604/1242/220
f 609/1243/221 628/1211/186 627/1214/189 608/1209/216
f 611/1236/185 612/1241/185 613/1239/185
f 603/1238/185 604/1242/185 609/1243/185 605/1237/185
f 605/1237/185 609/1243/185 608/1209/185 606/1208/185
f 603/1238/185 610/1235/185 614/1240/185 604/1242/185
f 610/1235/185 611/1236/185 613/1239/185 614/1240/185
f 642/1208/185 644/1209/185 643/1210/185
f 664/1211/186 656/1212/187 655/1213/188 663/1214/189
f 666/1215/190 662/1216/191 657/1217/192 665/1218/193
f 668/1219/194 653/1220/195 651/1221/196 667/1222/197
f 670/1223/198 659/1224/199 660/1225/200 669/1226/201
f 665/1218/193 657/1217/192 656/1212/187 664/1211/186
f 671/1227/202 654/1228/203 653/1220/195 668/1219/194
f 669/1226/201 660/1225/200 661/1229/204 672/1230/205
f 674/1231/206 652/1232/207 658/1233/208 673/1234/209
f 663/1214/189 655/1213/188 654/1228/203 671/1227/202
f 672/1230/205 661/1229/204 662/1216/191 666/1215/190
f 667/1222/197 651/1221/196 652/1232/207 674/1231/206
f 673/1234/209 658/1233/208 659/1224/199 670/1223/198
f 646/1235/210 673/1234/209 670/1223/198 647/1236/211
f 641/1237/212 667/1222/197 674/1231/206 639/1238/213
f 649/1239/214 672/1230/205 666/1215/190 650/1240/215
f 644/1209/216 663/1214/189 671/1227/202 643/1210/217
f 639/1238/213 674/1231/206 673/1234/209 646/1235/210
f 648/1241/218 669/1226/201 672/1230/205 649/1239/214
f 643/1210/217 671/1227/202 668/1219/194 642/1208/219
f 640/1242/220 665/1218/193 664/1211/186 645/1243/221
f 647/1236/211 670/1223/198 669/1226/201 648/1241/218
f 642/1208/219 668/1219/194 667/1222/197 641/1237/212
f 650/1240/215 666/1215/190 665/1218/193 640/1242/220
f 645/1243/221 664/1211/186 663/1214/189 644/1209/216
f 647/1236/185 648/1241/185 649/1239/185
f 639/1238/185 640/1242/185 645/1243/185 641/1237/185
f 641/1237/185 645/1243/185 644/1209/185 642/1208/185
f 639/1238/185 646/1235/185 650/1240/185 640/1242/185
f 646/1235/185 647/1236/185 649/1239/185 650/1240/185
f 678/1208/185 680/1209/185 679/1210/185
f 700/1211/186 692/1212/187 691/1213/188 699/1214/189
f 702/1215/190 698/1216/191 693/1217/192 701/1218/193
f 704/1219/194 689/1220/195 687/1221/196 703/1222/197
f 706/1223/198 695/1224/199 696/1225/200 705/1226/201
f 701/1218/193 693/1217/192 692/1212/187 700/1211/186
f 707/1227/202 690/1228/203 689/1220/195 704/1219/194
f 705/1226/201 696/1225/200 697/1229/204 708/1230/205
f 710/1231/206 688/1232/207 694/1233/208 709/1234/209
f 699/1214/189 691/1213/188 690/1228/203 707/1227/202
f 708/1230/205 697/1229/204 698/1216/191 702/1215/190
f 703/1222/197 687/1221/196 688/1232/207 710/1231/206
f 709/1234/209 694/1233/208 695/1224/199 706/1223/198
f 682/1235/210 709/1234/209 706/1223/198 683/1236/211
f 677/1237/212 703/1222/197 710/1231/206 675/1238/213
f 685/1239/214 708/1230/205 702/1215/190 686/1240/215
f 680/1209/216 699/1214/189 707/1227/202 679/1210/217
f 675/1238/213 710/1231/206 709/1234/209 682/1235/210
f 684/1241/218 705/1226/201 708/1230/205 685/1239/214
f 679/1210/217 707/1227/202 704/1219/194 678/1208/219
f 676/1242/220 701/1218/193 700/1211/186 681/1243/221
f 683/1236/211 706/1223/198 705/1226/201 684/1241/218
f 678/1208/219 704/1219/194 703/1222/197 677/1237/212
f 686/1240/215 702/1215/190 701/1218/193 676/1242/220
f 681/1243/221 700/1211/186 699/1214/189 680/1209/216
f 683/1236/185 684/1241/185 685/1239/185
f 675/1238/185 676/1242/185 681/1243/185 677/1237/185
f 677/1237/185 681/1243/185 680/1209/185 678/1208/185
f 675/1238/185 682/1235/185 686/1240/185 676/1242/185
f 682/1235/185 683/1236/185 685/1239/185 686/1240/185
o Data_block_glass_cover
v 0.300000 -0.000000 -0.000000
v 0.300000 0.900000 -0.020000
v 0.300000 0.230000 -0.020000
v 0.300000 0.210000 -0.000000
v -0.300000 -0.000000 -0.000000
v -0.300000 0.900000 -0.020000
v -0.300000 0.230000 -0.020000
v -0.300000 0.210000 -0.000000
v 0.300000 0.000000 0.060000
v 0.300000 0.900000 0.060000
v -0.300000 0.900000 0.060000
v -0.300000 0.000000 0.060000
vn -1.0000 -0.0000 -0.0000
vn 1.0000 -0.0000 -0.0000
vn -0.0000 -1.0000 -0.0000
vn -0.0000 1.0000 -0.0000
vn -0.0000 -0.0000 1.0000
vt 0.388787 0.027649
vt 0.413485 0.027649
vt 0.388787 0.114094
vt 0.380554 0.398126
vt 0.380554 0.122327
vt 0.413485 0.398126
vt 0.685169 0.027649
vt 0.685169 0.114094
vt 0.660470 0.027649
vt 0.693402 0.398126
vt 0.660470 0.398126
vt 0.693402 0.122327
vt 0.413485 0.002951
vt 0.660470 0.002951
vt 0.413485 0.431058
vt 0.660470 0.431058
s 1
usemtl bb
f 715/1244/222 722/1245/222 718/1246/222
f 716/1247/222 717/1248/222 721/1249/222
f 711/1250/223 714/1251/223 719/1252/223
f 712/1253/223 720/1254/223 713/1255/223
s 0
f 719/1252/224 715/1256/224 711/1257/224
f 716/1258/225 720/1254/225 712/1259/225
s 1
f 718/1246/222 721/1249/222 717/1248/222
f 720/1254/223 714/1251/223 713/1255/223
s 0
f 721/1249/226 719/1252/226 720/1254/226
f 719/1252/224 722/1245/224 715/1256/224
f 716/1258/225 721/1249/225 720/1254/225
s 1
f 718/1246/222 722/1245/222 721/1249/222
f 720/1254/223 719/1252/223 714/1251/223
s 0
f 721/1249/226 722/1245/226 719/1252/226
o Data_block_reader
v -0.189416 0.396177 -0.013000
v -0.220976 0.383413 -0.013000
v -0.241927 0.356579 -0.013000
v -0.246653 0.322865 -0.013000
v -0.233889 0.291304 -0.013000
v -0.207055 0.270354 -0.013000
v -0.173341 0.265627 -0.013000
v -0.141780 0.278391 -0.013000
v -0.120829 0.305226 -0.013000
v -0.155701 0.391451 -0.013000
v 0.062179 0.356613 -0.013000
v 0.051187 0.350389 -0.013000
v 0.054040 0.327224 -0.013000
v 0.066213 0.323853 -0.013000
v 0.077204 0.330077 -0.013000
v 0.080576 0.342250 -0.013000
v 0.074352 0.353241 -0.013000
v -0.120829 0.305226 -0.018000
v -0.155701 0.391451 -0.018000
v 0.077204 0.330077 -0.018000
v 0.074352 0.353241 -0.018000
v 0.062179 0.356613 -0.018000
v 0.066213 0.323853 -0.018000
v 0.051187 0.350389 -0.018000
v 0.054040 0.327224 -0.018000
v 0.080576 0.342250 -0.018000
v -0.155701 0.391451 -0.026000
v -0.116103 0.338940 -0.026000
v -0.128867 0.370501 -0.026000
v -0.120829 0.305226 -0.039000
v 0.080576 0.342250 -0.031000
v 0.054040 0.327224 -0.031000
v 0.051187 0.350389 -0.031000
v 0.066213 0.323853 -0.031000
v 0.062179 0.356613 -0.031000
v 0.074352 0.353241 -0.031000
v 0.077204 0.330077 -0.031000
v -0.155701 0.391451 -0.031000
v -0.120829 0.305226 -0.031000
v 0.074352 0.353241 -0.026000
v 0.080576 0.342250 -0.026000
v 0.077204 0.330077 -0.026000
v 0.066213 0.323853 -0.026000
v 0.054040 0.327224 -0.026000
v 0.051187 0.350389 -0.026000
v 0.062179 0.356613 -0.026000
v -0.120829 0.305226 -0.026000
v -0.116103 0.338940 -0.018000
v -0.128867 0.370501 -0.018000
v -0.155701 0.391451 -0.039000
v 0.062179 0.356613 -0.039000
v 0.051187 0.350389 -0.039000
v 0.054040 0.327224 -0.039000
v 0.066213 0.323853 -0.039000
v 0.077204 0.330077 -0.039000
v 0.080576 0.342250 -0.039000
v 0.074352 0.353241 -0.039000
v -0.120829 0.305226 -0.044000
v -0.155701 0.391451 -0.044000
v 0.077204 0.330077 -0.044000
v 0.074352 0.353241 -0.044000
v 0.062179 0.356613 -0.044000
v 0.066213 0.323853 -0.044000
v 0.051187 0.350389 -0.044000
v 0.054040 0.327224 -0.044000
v 0.080576 0.342250 -0.044000
v -0.220976 0.383413 -0.060000
v -0.241927 0.356579 -0.060000
v -0.189416 0.396177 -0.060000
v -0.207055 0.270354 -0.060000
v -0.233889 0.291304 -0.060000
v -0.173341 0.265627 -0.060000
v -0.141780 0.278391 -0.060000
v -0.246653 0.322865 -0.060000
v -0.120829 0.305226 -0.060000
v -0.128867 0.370501 -0.060000
v -0.116103 0.338940 -0.060000
v -0.155701 0.391451 -0.060000
v -0.116103 0.338940 -0.044000
v -0.128867 0.370501 -0.044000
v 0.070637 0.357654 -0.022000
v 0.105968 0.346479 -0.022000
v 0.062830 0.351326 -0.022000
v 0.050597 0.355187 -0.022000
v 0.044055 0.360294 -0.022000
v 0.048383 0.359095 -0.022000
v 0.038947 0.353752 -0.022000
v 0.040146 0.358081 -0.022000
v 0.074671 0.324894 -0.022000
v 0.106235 0.344307 -0.022000
v 0.065562 0.329140 -0.022000
v 0.054630 0.322427 -0.022000
v 0.049523 0.315885 -0.022000
v 0.053432 0.318098 -0.022000
v 0.042981 0.320992 -0.022000
v 0.045194 0.317084 -0.022000
v 0.070637 0.357654 -0.018000
v 0.105968 0.346479 -0.018000
v 0.062830 0.351326 -0.018000
v 0.050597 0.355187 -0.018000
v 0.044055 0.360294 -0.018000
v 0.048383 0.359095 -0.018000
v 0.038947 0.353752 -0.018000
v 0.040146 0.358081 -0.018000
v 0.074671 0.324894 -0.018000
v 0.106235 0.344307 -0.018000
v 0.065562 0.329140 -0.018000
v 0.054630 0.322427 -0.018000
v 0.049523 0.315885 -0.018000
v 0.053432 0.318098 -0.018000
v 0.042981 0.320992 -0.018000
v 0.045194 0.317084 -0.018000
v 0.070637 0.357654 -0.035000
v 0.105968 0.346479 -0.035000
v 0.062830 0.351326 -0.035000
v 0.050597 0.355187 -0.035000
v 0.044055 0.360294 -0.035000
v 0.048383 0.359095 -0.035000
v 0.038947 0.353752 -0.035000
v 0.040146 0.358081 -0.035000
v 0.074671 0.324894 -0.035000
v 0.106235 0.344307 -0.035000
v 0.065562 0.329140 -0.035000
v 0.054630 0.322427 -0.035000
v 0.049523 0.315885 -0.035000
v 0.053432 0.318098 -0.035000
v 0.042981 0.320992 -0.035000
v 0.045194 0.317084 -0.035000
v 0.070637 0.357654 -0.031000
v 0.105968 0.346479 -0.031000
v 0.062830 0.351326 -0.031000
v 0.050597 0.355187 -0.031000
v 0.044055 0.360294 -0.031000
v 0.048383 0.359095 -0.031000
v 0.038947 0.353752 -0.031000
v 0.040146 0.358081 -0.031000
v 0.074671 0.324894 -0.031000
v 0.106235 0.344307 -0.031000
v 0.065562 0.329140 -0.031000
v 0.054630 0.322427 -0.031000
v 0.049523 0.315885 -0.031000
v 0.053432 0.318098 -0.031000
v 0.042981 0.320992 -0.031000
v 0.045194 0.317084 -0.031000
v 0.070637 0.357654 -0.048000
v 0.105968 0.346479 -0.048000
v 0.062830 0.351326 -0.048000
v 0.050597 0.355187 -0.048000
v 0.044055 0.360294 -0.048000
v 0.048383 0.359095 -0.048000
v 0.038947 0.353752 -0.048000
v 0.040146 0.358081 -0.048000
v 0.074671 0.324894 -0.048000
v 0.106235 0.344307 -0.048000
v 0.065562 0.329140 -0.048000
v 0.054630 0.322427 -0.048000
v 0.049523 0.315885 -0.048000
v 0.053432 0.318098 -0.048000
v 0.042981 0.320992 -0.048000
v 0.045194 0.317084 -0.048000
v 0.070637 0.357654 -0.044000
v 0.105968 0.346479 -0.044000
v 0.062830 0.351326 -0.044000
v 0.050597 0.355187 -0.044000
v 0.044055 0.360294 -0.044000
v 0.048383 0.359095 -0.044000
v 0.038947 0.353752 -0.044000
v 0.040146 0.358081 -0.044000
v 0.074671 0.324894 -0.044000
v 0.106235 0.344307 -0.044000
v 0.065562 0.329140 -0.044000
v 0.054630 0.322427 -0.044000
v 0.049523 0.315885 -0.044000
v 0.053432 0.318098 -0.044000
v 0.042981 0.320992 -0.044000
v 0.045194 0.317084 -0.044000
v 0.063472 0.346107 -0.039000
v 0.058321 0.339509 -0.039000
v 0.064919 0.334358 -0.039000
v 0.070070 0.340956 -0.039000
v 0.063472 0.346107 -0.009435
v 0.058321 0.339509 -0.009435
v 0.064919 0.334358 -0.009435
v 0.070070 0.340956 -0.009435
vn -0.0000 -0.0000 1.0000
vn 0.9925 0.1222 -0.0000
vn 0.6154 0.7882 -0.0000
vn -0.1222 0.9925 -0.0000
vn -0.1590 0.9873 -0.0000
vn 0.4939 -0.8695 -0.0000
vn 0.7517 -0.6596 -0.0000
vn -0.0725 -0.9974 -0.0000
vn 0.2786 0.9604 -0.0000
vn 0.1668 0.9860 -0.0000
vn 0.1222 -0.9925 -0.0000
vn 0.7882 -0.6154 -0.0000
vn 0.6021 -0.7984 -0.0000
vn -0.3904 -0.9206 -0.0000
vn -0.7984 -0.6021 -0.0000
vn 0.1575 0.9875 -0.0000
vn 0.6078 -0.7941 -0.0000
vn -0.6021 0.7984 -0.0000
vn 0.7984 0.6021 -0.0000
vn -0.9925 -0.1222 -0.0000
vn -0.9206 0.3904 -0.0000
vn 0.3904 0.9206 -0.0000
vn 0.9206 -0.3904 -0.0000
vn 0.7690 0.6392 -0.0000
vn -0.1863 0.9825 -0.0000
vn 0.7990 -0.6013 -0.0000
vn -0.1866 0.9824 -0.0000
vn 0.6293 0.7772 -0.0000
vn -0.9496 -0.3135 -0.0000
vn -0.6154 -0.7882 -0.0000
vn 0.0573 -0.9984 -0.0000
vn 0.0576 -0.9983 -0.0000
vn -0.7882 0.6154 -0.0000
vn -0.9973 0.0738 -0.0000
vn 0.9011 -0.4336 -0.0000
vt 0.340363 0.535799
vt 0.366095 0.544282
vt 0.351402 0.588852
vt 0.298376 0.544977
vt 0.300436 0.544977
vt 0.300436 0.550181
vt 0.298376 0.550181
vt 0.300436 0.555385
vt 0.298376 0.555385
vt 0.300436 0.560589
vt 0.298376 0.560589
vt 0.298376 0.456757
vt 0.300436 0.456757
vt 0.300436 0.529366
vt 0.298376 0.529366
vt 0.300436 0.647484
vt 0.298376 0.647484
vt 0.300436 0.534570
vt 0.298376 0.534570
vt 0.300436 0.539774
vt 0.298376 0.539774
vt 0.201982 0.730753
vt 0.182619 0.730753
vt 0.182619 0.716727
vt 0.201982 0.716727
vt 0.201982 0.702702
vt 0.182619 0.702702
vt 0.182619 0.688677
vt 0.201982 0.688677
vt 0.182619 0.632576
vt 0.187975 0.618551
vt 0.190035 0.618551
vt 0.193330 0.744778
vt 0.190035 0.744778
vt 0.201982 0.632576
vt 0.201982 0.646601
vt 0.182619 0.646601
vt 0.290179 0.564467
vt 0.288119 0.564467
vt 0.288119 0.559263
vt 0.290179 0.559263
vt 0.290179 0.569671
vt 0.288119 0.569671
vt 0.290179 0.574875
vt 0.288119 0.574875
vt 0.290179 0.543652
vt 0.288119 0.543652
vt 0.288119 0.456757
vt 0.290179 0.456757
vt 0.187975 0.590501
vt 0.187975 0.604526
vt 0.184679 0.604526
vt 0.184679 0.590501
vt 0.184679 0.618551
vt 0.187975 0.576476
vt 0.184679 0.576476
vt 0.290179 0.647484
vt 0.288119 0.647484
vt 0.290179 0.548856
vt 0.288119 0.548856
vt 0.290179 0.554060
vt 0.288119 0.554060
vt 0.182619 0.674652
vt 0.201982 0.674652
vt 0.310693 0.559263
vt 0.308633 0.559263
vt 0.308633 0.554060
vt 0.310693 0.554060
vt 0.182619 0.660627
vt 0.201982 0.660627
vt 0.308633 0.548856
vt 0.310693 0.548856
vt 0.308633 0.543652
vt 0.310693 0.543652
vt 0.310693 0.647484
vt 0.308633 0.647484
vt 0.308633 0.574875
vt 0.310693 0.574875
vt 0.308633 0.456757
vt 0.310693 0.456757
vt 0.308633 0.569671
vt 0.310693 0.569671
vt 0.308633 0.564467
vt 0.310693 0.564467
vt 0.195390 0.604526
vt 0.201982 0.604526
vt 0.201982 0.618551
vt 0.195390 0.618551
vt 0.195390 0.576476
vt 0.201982 0.576476
vt 0.201982 0.590501
vt 0.195390 0.590501
vt 0.051673 0.528595
vt 0.038407 0.525607
vt 0.052735 0.523877
vt 0.332984 0.740978
vt 0.334069 0.746150
vt 0.320803 0.743163
vt 0.362360 0.697305
vt 0.362360 0.682039
vt 0.364008 0.682039
vt 0.364008 0.697305
vt 0.362360 0.646062
vt 0.362360 0.644212
vt 0.364008 0.644212
vt 0.364008 0.646062
vt 0.362360 0.677898
vt 0.362360 0.672614
vt 0.364008 0.672614
vt 0.364008 0.677898
vt 0.362360 0.647913
vt 0.364008 0.647913
vt 0.362360 0.670763
vt 0.364008 0.670763
vt 0.362360 0.651614
vt 0.362360 0.649763
vt 0.364008 0.649763
vt 0.364008 0.651614
vt 0.362360 0.668913
vt 0.364008 0.668913
vt 0.362360 0.638927
vt 0.362360 0.634787
vt 0.364008 0.634787
vt 0.364008 0.638927
vt 0.362360 0.667062
vt 0.362360 0.665212
vt 0.364008 0.665212
vt 0.364008 0.667062
vt 0.362360 0.619520
vt 0.364008 0.619520
vt 0.342823 0.645914
vt 0.344471 0.645914
vt 0.344471 0.646815
vt 0.342823 0.646815
vt 0.354239 0.617605
vt 0.354239 0.632871
vt 0.352592 0.632871
vt 0.352592 0.617605
vt 0.354239 0.668848
vt 0.354239 0.670698
vt 0.352592 0.670698
vt 0.352592 0.668848
vt 0.354239 0.637012
vt 0.354239 0.642296
vt 0.352592 0.642296
vt 0.352592 0.637012
vt 0.354239 0.666997
vt 0.352592 0.666997
vt 0.354239 0.644147
vt 0.352592 0.644147
vt 0.354239 0.663296
vt 0.354239 0.665147
vt 0.352592 0.665147
vt 0.352592 0.663296
vt 0.354239 0.645997
vt 0.352592 0.645997
vt 0.354239 0.675983
vt 0.354239 0.680123
vt 0.352592 0.680123
vt 0.352592 0.675983
vt 0.354239 0.647848
vt 0.354239 0.649698
vt 0.352592 0.649698
vt 0.352592 0.647848
vt 0.354239 0.695390
vt 0.352592 0.695390
vt 0.362360 0.618619
vt 0.364008 0.618619
vt 0.354239 0.696291
vt 0.352592 0.696291
vt 0.342823 0.724600
vt 0.342823 0.709334
vt 0.344471 0.709334
vt 0.344471 0.724600
vt 0.342823 0.673357
vt 0.342823 0.671507
vt 0.344471 0.671507
vt 0.344471 0.673357
vt 0.342823 0.705193
vt 0.342823 0.699908
vt 0.344471 0.699908
vt 0.344471 0.705193
vt 0.342823 0.675208
vt 0.344471 0.675208
vt 0.342823 0.698058
vt 0.344471 0.698058
vt 0.342823 0.678909
vt 0.342823 0.677058
vt 0.344471 0.677058
vt 0.344471 0.678909
vt 0.342823 0.696208
vt 0.344471 0.696208
vt 0.342823 0.666222
vt 0.342823 0.662081
vt 0.344471 0.662081
vt 0.344471 0.666222
vt 0.342823 0.694357
vt 0.342823 0.692507
vt 0.344471 0.692507
vt 0.344471 0.694357
vt 0.082473 0.466647
vt 0.081389 0.461474
vt 0.094654 0.464462
vt 0.119700 0.763901
vt 0.119700 0.751721
vt 0.123149 0.751721
vt 0.123149 0.763901
vt 0.112804 0.763901
vt 0.112804 0.751721
vt 0.116252 0.751721
vt 0.116252 0.763901
vt 0.109355 0.763901
vt 0.109355 0.751721
vt 0.112804 0.748272
vt 0.116252 0.748272
vt 0.328488 0.657750
vt 0.328874 0.662940
vt 0.325478 0.666882
vt 0.320288 0.667268
vt 0.316346 0.663872
vt 0.315960 0.658682
vt 0.319356 0.654740
vt 0.319356 0.567845
vt 0.320150 0.553842
vt 0.327839 0.542113
vt 0.354366 0.536593
vt 0.372409 0.556806
vt 0.371615 0.570808
vt 0.363926 0.582538
vt 0.193330 0.618551
vt 0.182619 0.618551
vt 0.184679 0.744778
vt 0.182619 0.744778
vt 0.201982 0.744778
vt 0.195390 0.744778
vt 0.187975 0.744778
vt 0.048476 0.532803
vt 0.049845 0.536710
vt 0.039492 0.530780
vt 0.040602 0.548860
vt 0.036580 0.533723
vt 0.039723 0.548662
vt 0.036895 0.524541
vt 0.037646 0.521205
vt 0.036580 0.522717
vt 0.054563 0.526767
vt 0.053496 0.528279
vt 0.039469 0.520890
vt 0.054247 0.524944
vt 0.335581 0.747217
vt 0.335897 0.749040
vt 0.334830 0.750553
vt 0.333007 0.750868
vt 0.319741 0.747880
vt 0.318229 0.746814
vt 0.317913 0.744991
vt 0.318980 0.743478
vt 0.324000 0.738955
vt 0.322631 0.735048
vt 0.331874 0.722898
vt 0.335897 0.738035
vt 0.332753 0.723096
vt 0.079876 0.460408
vt 0.079561 0.458585
vt 0.080627 0.457072
vt 0.082451 0.456757
vt 0.095717 0.459744
vt 0.097229 0.460811
vt 0.097544 0.462634
vt 0.096478 0.464147
vt 0.091457 0.468670
vt 0.092827 0.472577
vt 0.083583 0.484727
vt 0.079561 0.469590
vt 0.082704 0.484529
s 0
usemtl bb
f 725/1260/227 727/1261/227 731/1262/227
s 1
f 738/1263/228 748/1264/228 743/1265/229 739/1266/229
f 739/1266/229 743/1265/229 744/1267/230 733/1268/230
f 733/1268/230 744/1267/230 746/1269/231 734/1270/231
f 731/1271/232 740/1272/233 747/1273/234 735/1274/234
f 734/1270/231 746/1269/231 741/1275/235 732/1276/236
f 735/1274/234 747/1273/234 745/1277/237 736/1278/237
f 736/1278/237 745/1277/237 742/1279/238 737/1280/238
f 737/1280/238 742/1279/238 748/1264/228 738/1263/228
f 795/1281/239 730/1282/239 729/1283/237 794/1284/237
f 792/1285/240 728/1286/240 727/1287/241 793/1288/241
f 723/1289/230 749/1290/235 760/1291/242
f 730/1282/239 752/1292/243 761/1293/243
f 723/1289/230 791/1294/230 789/1295/244 724/1296/244
f 764/1297/238 759/1298/238 753/1299/228 763/1300/228
f 765/1301/237 756/1302/237 759/1298/238 764/1297/238
f 766/1303/234 754/1304/234 756/1302/237 765/1301/237
f 767/1305/231 755/1306/231 760/1307/242 749/1308/235
f 750/1309/228 751/1310/245 771/1311/245 770/1312/228
f 751/1310/245 749/1290/235 741/1313/235 771/1311/245
f 769/1314/233 750/1309/228 770/1312/228 740/1315/233
f 769/1316/233 761/1317/243 754/1304/234 766/1303/234
f 768/1318/230 757/1319/230 755/1306/231 767/1305/231
f 762/1320/229 758/1321/229 757/1319/230 768/1318/230
f 763/1300/228 753/1299/228 758/1321/229 762/1320/229
f 726/1322/246 796/1323/246 793/1288/241 727/1287/241
f 778/1324/228 788/1325/228 783/1326/229 779/1327/229
f 725/1328/247 790/1329/247 796/1323/246 726/1322/246
f 779/1327/229 783/1326/229 784/1330/230 773/1331/230
f 773/1331/230 784/1330/230 786/1332/231 774/1333/231
f 752/1334/243 780/1335/233 787/1336/234 775/1337/234
f 774/1333/231 786/1332/231 781/1338/235 772/1339/242
f 775/1337/234 787/1336/234 785/1340/237 776/1341/237
f 776/1341/237 785/1340/237 782/1342/238 777/1343/238
f 777/1343/238 782/1342/238 788/1325/228 778/1324/228
f 724/1296/244 789/1295/244 790/1329/247 725/1328/247
f 802/1344/245 798/1345/245 800/1346/248 781/1347/235
f 780/1348/233 797/1349/249 799/1350/228 801/1351/228
f 792/1285/240 794/1284/237 729/1283/237 728/1286/240
f 801/1351/228 799/1350/228 798/1345/245 802/1344/245
s 0
f 862/1352/227 854/1353/227 865/1354/227
f 821/1355/227 822/1356/227 830/1357/227
s 1
f 804/1358/250 803/1359/251 819/1360/251 820/1361/250
f 816/1362/238 814/1363/252 830/1364/252 832/1365/238
f 805/1366/253 806/1367/254 822/1368/254 821/1369/253
f 815/1370/237 816/1362/238 832/1365/238 831/1371/237
f 806/1367/254 808/1372/229 824/1373/229 822/1368/254
f 817/1374/255 818/1375/256 834/1376/256 833/1377/255
f 808/1372/229 807/1378/230 823/1379/230 824/1373/229
f 813/1380/257 811/1381/258 827/1382/258 829/1383/257
f 810/1384/259 809/1385/260 825/1386/260 826/1387/259
f 818/1375/256 815/1370/237 831/1371/237 834/1376/256
f 803/1359/251 805/1366/253 821/1369/253 819/1360/251
f 811/1381/258 812/1388/261 828/1389/261 827/1382/258
f 807/1378/230 810/1384/259 826/1387/259 823/1379/230
f 814/1363/252 813/1380/257 829/1383/257 830/1364/252
f 868/1390/250 884/1391/250 892/1392/261 876/1393/261
f 836/1394/250 835/1395/251 851/1396/251 852/1397/250
f 848/1398/238 846/1399/252 862/1400/252 864/1401/238
f 837/1402/253 838/1403/254 854/1404/254 853/1405/253
f 847/1406/237 848/1398/238 864/1401/238 863/1407/237
f 838/1403/254 840/1408/229 856/1409/229 854/1404/254
f 849/1410/255 850/1411/256 866/1412/256 865/1413/255
f 840/1408/229 839/1414/230 855/1415/230 856/1409/229
f 845/1416/257 843/1417/258 859/1418/258 861/1419/257
f 842/1420/259 841/1421/260 857/1422/260 858/1423/259
f 850/1411/256 847/1406/237 863/1407/237 866/1412/256
f 835/1395/251 837/1402/253 853/1405/253 851/1396/251
f 843/1417/258 844/1424/261 860/1425/261 859/1418/258
f 839/1414/230 842/1420/259 858/1423/259 855/1415/230
f 846/1399/252 845/1416/257 861/1419/257 862/1400/252
f 841/1421/260 849/1410/255 865/1413/255 857/1422/260
f 804/1426/250 820/1427/250 828/1389/261 812/1388/261
f 836/1428/250 852/1429/250 860/1425/261 844/1424/261
f 809/1385/260 817/1374/255 833/1377/255 825/1386/260
f 868/1430/250 867/1431/251 883/1432/251 884/1433/250
f 880/1434/238 878/1435/252 894/1436/252 896/1437/238
f 869/1438/253 870/1439/254 886/1440/254 885/1441/253
f 879/1442/237 880/1434/238 896/1437/238 895/1443/237
f 870/1439/254 872/1444/229 888/1445/229 886/1440/254
f 881/1446/255 882/1447/256 898/1448/256 897/1449/255
f 872/1444/229 871/1450/230 887/1451/230 888/1445/229
f 877/1452/257 875/1453/258 891/1454/258 893/1455/257
f 874/1456/259 873/1457/260 889/1458/260 890/1459/259
f 882/1447/256 879/1442/237 895/1443/237 898/1448/256
s 0
f 885/1460/227 886/1461/227 894/1462/227
s 1
f 867/1431/251 869/1438/253 885/1441/253 883/1432/251
f 875/1453/258 876/1393/261 892/1392/261 891/1454/258
f 871/1450/230 874/1456/259 890/1459/259 887/1451/230
f 878/1435/252 877/1452/257 893/1455/257 894/1436/252
f 873/1457/260 881/1446/255 897/1449/255 889/1458/260
s 0
f 902/1463/238 906/1464/238 905/1465/238 901/1466/238
f 900/1467/259 904/1468/259 903/1469/259 899/1470/259
f 899/1470/229 903/1469/229 906/1464/229 902/1463/229
f 901/1471/256 905/1472/256 904/1468/256 900/1467/256
f 904/1468/227 905/1473/227 906/1474/227 903/1469/227
f 735/1475/227 736/1476/227 737/1477/227
f 737/1477/227 738/1478/227 735/1475/227
f 738/1478/227 739/1479/227 735/1475/227
f 739/1479/227 733/1480/227 734/1481/227
f 734/1481/227 732/1482/227 731/1262/227
f 732/1482/227 723/1483/227 731/1262/227
f 723/1483/227 724/1484/227 725/1260/227
f 725/1260/227 726/1485/227 727/1261/227
f 727/1261/227 728/1486/227 729/1487/227
f 729/1487/227 730/1488/227 727/1261/227
f 730/1488/227 731/1262/227 727/1261/227
f 731/1262/227 735/1475/227 734/1481/227
f 735/1475/227 739/1479/227 734/1481/227
f 723/1483/227 725/1260/227 731/1262/227
s 1
f 781/1347/235 800/1346/248 791/1294/230
f 791/1294/230 723/1289/230 772/1489/242
f 723/1289/230 732/1490/236 741/1313/235
f 723/1289/230 741/1313/235 749/1290/235
f 772/1489/242 781/1347/235 791/1294/230
f 760/1291/242 772/1489/242 723/1289/230
f 740/1491/233 731/1492/232 730/1282/239
f 730/1282/239 795/1281/239 752/1292/243
f 795/1281/239 797/1493/249 780/1494/233
f 795/1281/239 780/1494/233 752/1292/243
f 769/1495/233 740/1491/233 730/1282/239
f 761/1293/243 769/1495/233 730/1282/239
s 0
f 861/1496/227 859/1497/227 853/1498/227
f 859/1497/227 860/1499/227 851/1500/227
f 853/1498/227 859/1497/227 851/1500/227
f 860/1499/227 852/1501/227 851/1500/227
f 854/1353/227 856/1502/227 858/1503/227
f 856/1502/227 855/1504/227 858/1503/227
f 861/1496/227 853/1498/227 862/1352/227
f 853/1498/227 854/1353/227 862/1352/227
f 863/1505/227 864/1506/227 862/1352/227
f 858/1503/227 857/1507/227 854/1353/227
f 857/1507/227 865/1354/227 854/1353/227
f 865/1354/227 866/1508/227 863/1505/227
f 863/1505/227 862/1352/227 865/1354/227
f 822/1356/227 824/1509/227 823/1510/227
f 823/1510/227 826/1511/227 825/1512/227
f 825/1512/227 833/1513/227 822/1356/227
f 833/1513/227 834/1514/227 830/1357/227
f 822/1356/227 833/1513/227 830/1357/227
f 834/1514/227 831/1515/227 830/1357/227
f 831/1515/227 832/1516/227 830/1357/227
f 823/1510/227 825/1512/227 822/1356/227
f 830/1357/227 829/1517/227 821/1355/227
f 829/1517/227 827/1518/227 821/1355/227
f 827/1518/227 828/1519/227 819/1520/227
f 821/1355/227 827/1518/227 819/1520/227
f 828/1519/227 820/1521/227 819/1520/227
f 886/1461/227 888/1522/227 887/1523/227
f 887/1523/227 890/1524/227 889/1525/227
f 889/1525/227 897/1526/227 886/1461/227
f 897/1526/227 898/1527/227 894/1462/227
f 886/1461/227 897/1526/227 894/1462/227
f 898/1527/227 895/1528/227 894/1462/227
f 895/1528/227 896/1529/227 894/1462/227
f 887/1523/227 889/1525/227 886/1461/227
f 894/1462/227 893/1530/227 885/1460/227
f 893/1530/227 891/1531/227 885/1460/227
f 891/1531/227 892/1532/227 883/1533/227
f 885/1460/227 891/1531/227 883/1533/227
f 892/1532/227 884/1534/227 883/1533/227
o Data_block_reader_shield
v -0.270000 0.414978 -0.007963
v -0.252760 0.393551 -0.007963
v -0.252760 0.320965 -0.007963
v -0.238722 0.289493 -0.007963
v -0.210725 0.269274 -0.007963
v -0.177817 0.258943 -0.007963
v -0.169167 0.278589 -0.007963
v -0.202635 0.465000 -0.060000
v -0.270000 0.465000 -0.060000
v -0.202635 0.430352 -0.007963
v -0.270000 0.430352 -0.007963
v -0.202635 0.465000 -0.030450
v -0.202635 0.442513 -0.007963
v -0.202635 0.458414 -0.014549
v -0.270000 0.442513 -0.007963
v -0.270000 0.465000 -0.030450
v -0.270000 0.458414 -0.014549
v -0.146225 0.278589 -0.007963
v -0.146225 0.230000 -0.060000
v -0.080000 0.230000 -0.060000
v -0.146225 0.246716 -0.007963
v -0.146225 0.230000 -0.024679
v -0.146225 0.234896 -0.012859
v -0.080000 0.246716 -0.007963
v -0.080000 0.230000 -0.024679
v -0.080000 0.234896 -0.012859
v -0.111055 0.230000 -0.060000
v -0.119256 0.230000 -0.060000
v -0.111055 0.246716 -0.007963
v -0.119256 0.246716 -0.007963
v -0.111055 0.230000 -0.024679
v -0.119256 0.230000 -0.024679
v -0.119256 0.234896 -0.012859
v -0.111055 0.234896 -0.012859
v -0.111055 0.253565 -0.007963
v -0.119256 0.253565 -0.007963
v -0.061074 0.234896 -0.012859
v -0.046319 0.239574 -0.017537
v -0.040207 0.250867 -0.028830
v -0.061074 0.230000 -0.024679
v -0.046319 0.236112 -0.025895
v -0.061074 0.246716 -0.007963
v -0.046319 0.247932 -0.014075
v -0.040207 0.250867 -0.060000
v -0.061074 0.230000 -0.060000
v -0.046319 0.236112 -0.060000
v -0.080000 0.278391 -0.007974
v -0.040207 0.278391 -0.028841
v -0.040207 0.278391 -0.060000
v -0.046319 0.278391 -0.014086
v -0.061074 0.278391 -0.007974
v -0.202635 0.397275 -0.007963
v -0.163648 0.358288 -0.007963
v -0.191216 0.369707 -0.007963
v -0.119166 0.358288 -0.007963
v -0.080000 0.319122 -0.007969
v -0.091472 0.346817 -0.007965
v -0.238722 0.252550 -0.007963
v -0.234622 0.242652 -0.007963
v -0.210725 0.252550 -0.007963
v -0.224724 0.238552 -0.007963
v -0.214825 0.242652 -0.007963
v -0.270000 0.414978 -0.012963
v -0.252760 0.393551 -0.012963
v -0.252760 0.320965 -0.012963
v -0.238722 0.289493 -0.012963
v -0.210725 0.269274 -0.012963
v -0.177817 0.258943 -0.012963
v -0.169167 0.278589 -0.012963
v -0.202635 0.430352 -0.012963
v -0.146225 0.278589 -0.012963
v -0.146225 0.235000 -0.060000
v -0.080000 0.235000 -0.060000
v -0.146225 0.247711 -0.012963
v -0.146225 0.235000 -0.025674
v -0.146225 0.238723 -0.016686
v -0.080000 0.247710 -0.012963
v -0.080000 0.235000 -0.025674
v -0.080000 0.238723 -0.016686
v -0.111055 0.235000 -0.060000
v -0.119256 0.235000 -0.060000
v -0.111055 0.247710 -0.012963
v -0.119256 0.247711 -0.012963
v -0.111055 0.235000 -0.025674
v -0.119256 0.235000 -0.025674
v -0.119256 0.238723 -0.016686
v -0.111055 0.238723 -0.016686
v -0.111055 0.253564 -0.012963
v -0.119257 0.253565 -0.012963
v -0.062171 0.238707 -0.016670
v -0.050165 0.242487 -0.020449
v -0.045215 0.251679 -0.029643
v -0.062081 0.234998 -0.025673
v -0.050088 0.240001 -0.026669
v -0.062081 0.247710 -0.012961
v -0.050088 0.248705 -0.017964
v -0.045207 0.251862 -0.060000
v -0.062069 0.235000 -0.060000
v -0.050146 0.239939 -0.060000
v -0.080000 0.278390 -0.012974
v -0.045207 0.278391 -0.029836
v -0.045207 0.278391 -0.060000
v -0.050146 0.278390 -0.017913
v -0.062069 0.278389 -0.012974
v -0.202635 0.397275 -0.012963
v -0.163648 0.358288 -0.012963
v -0.191216 0.369707 -0.012963
v -0.119167 0.358288 -0.012963
v -0.080000 0.319122 -0.012969
v -0.091472 0.346817 -0.012965
v -0.238722 0.252550 -0.012963
v -0.234622 0.242652 -0.012963
v -0.210725 0.252550 -0.012963
v -0.224724 0.238552 -0.012963
v -0.214825 0.242652 -0.012963
vn -0.0000 0.7071 0.7071
vn -0.0000 0.9808 0.1951
vn -0.0000 0.1951 0.9808
vn -0.0000 -0.0000 1.0000
vn -0.0000 1.0000 -0.0000
vn -0.0000 -0.9808 0.1951
vn -0.0000 -1.0000 -0.0000
vn -0.0000 -0.7071 0.7071
vn -0.0000 -0.1951 0.9808
vn -0.0000 -0.1949 0.9808
vn 0.0001 0.0003 1.0000
vn -0.0000 0.0003 1.0000
vn 0.9808 0.0001 0.1950
vn 0.9747 -0.1581 0.1582
vn 0.9808 -0.1951 -0.0000
vn 1.0000 -0.0000 -0.0000
vn 0.6889 -0.7109 0.1414
vn 0.7071 -0.7071 -0.0000
vn 0.1938 -0.9622 0.1914
vn 0.1951 -0.9808 -0.0000
vn 0.6889 -0.1413 0.7110
vn 0.6824 -0.5169 0.5169
vn 0.1938 -0.1912 0.9622
vn 0.1994 -0.6929 0.6929
vn 0.1951 0.0004 0.9808
vn 0.7071 0.0003 0.7071
vn 0.0001 0.0001 1.0000
vn 0.0002 0.9808 -0.1948
vn -0.0000 0.9808 -0.1951
vn -0.0000 0.7071 -0.7071
vn -0.0000 0.1951 -0.9808
vn -0.0000 0.1949 -0.9808
vn 0.0002 0.1947 -0.9809
vn 0.0004 0.7071 -0.7071
vn -0.0001 -0.0003 -1.0000
vn -0.0000 -0.0004 -1.0000
vn -0.9808 -0.0008 -0.1950
vn -1.0000 0.0001 -0.0001
vn -0.9808 0.1952 0.0007
vn -0.9749 0.1574 -0.1576
vn -0.7066 0.7076 0.0005
vn -0.6914 0.7082 -0.1425
vn -0.1957 0.9807 -0.0003
vn -0.1945 0.9622 -0.1908
vn -0.6801 0.5184 -0.5184
vn -0.6914 0.1424 -0.7083
vn -0.1980 0.6931 -0.6931
vn -0.1945 0.1906 -0.9622
vn -0.1957 -0.0001 -0.9807
vn -0.7066 -0.0008 -0.7076
vn -0.0000 -0.0000 -1.0000
vn -0.0002 -0.0002 -1.0000
vn 0.0001 0.0002 -1.0000
vn -0.9432 -0.3323 -0.0000
vn -0.7791 -0.6269 -0.0000
vn -0.9781 -0.2082 -0.0000
vn -0.2995 -0.9541 -0.0000
vn 0.9152 -0.4030 -0.0000
vn -1.0000 -0.0000 -0.0000
vn -0.0000 -1.0000 0.0001
vn -0.0000 1.0000 -0.0003
vn -0.0001 1.0000 -0.0003
vn -0.0002 1.0000 -0.0002
vn -0.0001 1.0000 -0.0000
vn 0.7071 0.7071 -0.0000
vn 0.1951 0.9808 -0.0000
vn 0.9808 0.1951 -0.0000
vn -0.7071 -0.7071 -0.0000
vn -0.9808 -0.1951 -0.0000
vn 0.0002 0.0002 1.0000
vn 0.0001 -0.0000 1.0000
vn 0.0002 -0.0001 1.0000
vn 0.0001 -0.0001 1.0000
vn -0.0000 -0.0001 1.0000
vt 0.219514 0.477234
vt 0.191670 0.477249
vt 0.191670 0.470134
vt 0.219512 0.470122
vt 0.191670 0.484364
vt 0.219517 0.484346
vt 0.219521 0.489370
vt 0.191670 0.489392
vt 0.191670 0.457921
vt 0.219508 0.457909
vt 0.142179 0.575890
vt 0.154182 0.576272
vt 0.154182 0.590583
vt 0.139992 0.590583
vt 0.157446 0.575868
vt 0.168460 0.575870
vt 0.168460 0.590468
vt 0.157446 0.590468
vt 0.168460 0.570583
vt 0.157446 0.570579
vt 0.157446 0.565290
vt 0.168460 0.565297
vt 0.154182 0.570747
vt 0.142411 0.570535
vt 0.142114 0.565244
vt 0.154182 0.565207
vt 0.154182 0.562457
vt 0.140437 0.552448
vt 0.117646 0.561943
vt 0.124066 0.570879
vt 0.117435 0.581033
vt 0.108378 0.572499
vt 0.129419 0.573872
vt 0.123788 0.585480
vt 0.135146 0.575413
vt 0.131035 0.588594
vt 0.129283 0.567655
vt 0.130121 0.570793
vt 0.134998 0.565901
vt 0.135676 0.570642
vt 0.131427 0.554122
vt 0.124077 0.557218
vt 0.168460 0.552139
vt 0.157446 0.562457
vt 0.186949 0.514476
vt 0.191670 0.503070
vt 0.212405 0.504584
vt 0.196801 0.566977
vt 0.195098 0.562889
vt 0.206667 0.562867
vt 0.051013 0.483472
vt 0.036632 0.485583
vt 0.036632 0.471385
vt 0.050683 0.471385
vt 0.050892 0.467994
vt 0.036580 0.467994
vt 0.036580 0.456757
vt 0.050875 0.456757
vt 0.054921 0.456757
vt 0.058963 0.456757
vt 0.059020 0.467994
vt 0.054954 0.467994
vt 0.054932 0.471385
vt 0.059182 0.471385
vt 0.059193 0.483607
vt 0.055123 0.483356
vt 0.061533 0.471385
vt 0.071725 0.485633
vt 0.063230 0.505338
vt 0.052772 0.514286
vt 0.044601 0.505318
vt 0.054622 0.499090
vt 0.041085 0.500023
vt 0.052538 0.494737
vt 0.038558 0.494116
vt 0.051330 0.490097
vt 0.054759 0.494201
vt 0.057013 0.494897
vt 0.054937 0.489721
vt 0.058505 0.490318
vt 0.069850 0.494152
vt 0.067137 0.500087
vt 0.071725 0.456757
vt 0.061471 0.467994
vt 0.376961 0.744116
vt 0.376961 0.755446
vt 0.374902 0.755446
vt 0.374902 0.744116
vt 0.376961 0.714212
vt 0.374901 0.714212
vt 0.376961 0.700016
vt 0.374901 0.700016
vt 0.376961 0.646042
vt 0.376961 0.660251
vt 0.374901 0.660251
vt 0.374901 0.646042
vt 0.376961 0.637198
vt 0.374901 0.637199
vt 0.376961 0.627747
vt 0.374901 0.627747
vt 0.374943 0.609747
vt 0.376960 0.614616
vt 0.374900 0.615026
vt 0.373367 0.611323
vt 0.370073 0.607730
vt 0.369664 0.609790
vt 0.355522 0.607730
vt 0.355522 0.609790
vt 0.061388 0.756164
vt 0.046836 0.756163
vt 0.046837 0.754103
vt 0.060978 0.754104
vt 0.046836 0.733371
vt 0.061388 0.733370
vt 0.060978 0.735430
vt 0.046837 0.735431
vt 0.066257 0.735386
vt 0.068275 0.740256
vt 0.066215 0.740665
vt 0.064681 0.736963
vt 0.068275 0.749277
vt 0.066257 0.754147
vt 0.064681 0.752570
vt 0.066215 0.748868
vt 0.068275 0.746456
vt 0.066215 0.746456
vt 0.068275 0.743077
vt 0.066215 0.743077
vt 0.036585 0.653545
vt 0.036584 0.645748
vt 0.038644 0.646158
vt 0.038645 0.653545
vt 0.039101 0.639669
vt 0.040678 0.641245
vt 0.045179 0.637150
vt 0.045589 0.639210
vt 0.058016 0.637148
vt 0.058016 0.639208
vt 0.036580 0.725642
vt 0.036580 0.713349
vt 0.038640 0.713349
vt 0.038640 0.725642
vt 0.036580 0.737935
vt 0.038640 0.737935
vt 0.036580 0.751562
vt 0.038639 0.751562
vt 0.036583 0.670325
vt 0.038642 0.670325
vt 0.036581 0.682674
vt 0.038641 0.682674
vt 0.036580 0.695024
vt 0.038640 0.695024
vt 0.376961 0.675968
vt 0.376961 0.680382
vt 0.374901 0.680382
vt 0.374901 0.675969
vt 0.376961 0.667141
vt 0.374901 0.667141
vt 0.376961 0.684796
vt 0.374901 0.684796
vt 0.376961 0.671555
vt 0.374901 0.671555
vt 0.140764 0.535543
vt 0.145553 0.524063
vt 0.157042 0.519293
vt 0.175520 0.519231
vt 0.177938 0.552139
vt 0.195085 0.555975
vt 0.181509 0.560257
vt 0.212405 0.534595
vt 0.206628 0.547607
vt 0.219525 0.495724
vt 0.204982 0.566960
vt 0.200895 0.568663
s 1
usemtl bb
f 923/1535/262 920/1536/262 918/1537/263 922/1538/263
f 919/1539/264 921/1540/264 917/1541/265 916/1542/265
f 918/1537/263 914/1543/266 915/1544/266 922/1538/263
f 931/1545/267 937/1546/267 933/1547/268 926/1548/268
f 938/1549/267 928/1550/267 925/1551/268 934/1552/268
f 929/1553/269 939/1554/269 936/1555/270 927/1556/270
f 940/1557/269 932/1558/269 930/1559/271 935/1560/271
f 928/1550/267 938/1549/267 939/1554/269 929/1553/269
f 937/1546/267 931/1545/267 932/1558/269 940/1557/269
f 919/1539/264 920/1536/262 923/1535/262 921/1540/264
f 941/1561/272 935/1560/271 930/1559/271 953/1562/273
f 954/1563/274 945/1564/275 950/1565/276 955/1566/277
f 950/1565/276 945/1564/275 947/1567/278 952/1568/279
f 952/1568/279 947/1567/278 946/1569/280 951/1570/281
f 945/1564/275 949/1571/282 944/1572/283
f 944/1572/283 949/1571/282 948/1573/284 943/1574/285
f 945/1564/275 944/1572/283 947/1567/278
f 947/1567/278 944/1572/283 943/1574/285 946/1569/280
f 932/1558/269 931/1545/267 946/1569/280 943/1574/285
f 930/1559/271 932/1558/269 943/1574/285 948/1573/284
f 931/1545/267 926/1548/268 951/1570/281 946/1569/280
f 953/1562/273 930/1559/271 948/1573/284 957/1575/286
f 949/1571/282 956/1576/287 957/1575/286 948/1573/284
f 945/1564/275 954/1563/274 956/1576/287 949/1571/282
f 924/1577/288 927/1556/270 936/1555/270 942/1578/288
f 960/1579/265 958/1580/265 908/1581/265
f 968/1582/265 966/1583/265 964/1584/265
f 984/1585/289 979/1586/266 986/1587/266 990/1588/290
f 991/1589/290 987/1590/266 978/1591/266 981/1592/290
f 982/1593/291 980/1594/292 989/1595/292 992/1596/291
f 993/1597/291 988/1598/293 983/1599/294 985/1600/295
f 981/1592/290 982/1593/291 992/1596/291 991/1589/290
f 990/1588/290 993/1597/291 985/1600/295 984/1585/289
f 994/1601/296 1006/1602/297 983/1599/294 988/1598/293
f 1007/1603/298 1008/1604/299 1003/1605/300 998/1606/301
f 1003/1605/300 1005/1607/302 1000/1608/303 998/1606/301
f 1005/1607/302 1004/1609/304 999/1610/305 1000/1608/303
f 998/1606/301 997/1611/306 1002/1612/307
f 997/1611/306 996/1613/308 1001/1614/309 1002/1612/307
f 998/1606/301 1000/1608/303 997/1611/306
f 1000/1608/303 999/1610/305 996/1613/308 997/1611/306
f 985/1600/295 996/1613/308 999/1610/305 984/1585/289
f 983/1599/294 1001/1614/309 996/1613/308 985/1600/295
f 984/1585/289 999/1610/305 1004/1609/304 979/1586/266
f 1006/1602/297 1010/1615/310 1001/1614/309 983/1599/294
f 1002/1612/307 1001/1614/309 1010/1615/310 1009/1616/311
f 998/1606/301 1002/1612/307 1009/1616/311 1007/1603/298
f 977/1617/312 995/1618/312 989/1595/292 980/1594/292
f 1006/1602/313 994/1601/313 995/1618/314 977/1617/314
f 908/1619/315 907/1620/316 969/1621/316 970/1622/315
f 909/1623/317 908/1619/315 970/1622/315 971/1624/317
f 910/1625/317 909/1623/317 971/1624/317 972/1626/317
s 0
f 912/1627/318 911/1628/318 973/1629/318 974/1630/318
f 913/1631/319 912/1627/319 974/1630/319 975/1632/319
f 924/1633/268 913/1631/268 975/1632/268 977/1634/268
s 1
f 929/1635/320 927/1636/320 980/1637/320 982/1638/320
f 928/1639/320 929/1635/320 982/1638/320 981/1640/320
f 925/1641/320 928/1639/320 981/1640/320 978/1642/320
f 938/1643/277 934/1644/277 987/1645/277 991/1646/277
f 933/1647/320 937/1648/320 990/1649/320 986/1650/320
f 940/1651/320 935/1652/320 988/1653/320 993/1654/320
f 936/1655/277 939/1656/277 992/1657/277 989/1658/277
f 937/1648/320 940/1651/320 993/1654/320 990/1649/320
f 939/1656/277 938/1643/277 991/1646/277 992/1657/277
f 942/1659/277 936/1655/277 989/1658/277 995/1660/277
f 935/1652/320 941/1661/320 994/1662/320 988/1653/320
f 927/1636/320 924/1633/320 977/1634/320 980/1637/320
s 0
f 941/1661/321 942/1659/321 995/1660/321 994/1662/321
s 1
f 953/1663/322 957/1664/323 1010/1665/323 1006/1666/322
f 957/1664/323 956/1667/324 1009/1668/324 1010/1665/323
f 956/1667/324 954/1669/325 1007/1670/325 1009/1668/324
f 954/1669/325 955/1671/266 1008/1672/266 1007/1670/325
f 960/1673/326 959/1674/327 1012/1675/327 1013/1676/326
f 958/1677/328 960/1673/326 1013/1676/326 1011/1678/328
f 916/1679/277 958/1677/328 1011/1678/328 976/1680/277
f 962/1681/328 953/1663/277 1006/1666/277 1015/1682/328
f 963/1683/326 962/1681/328 1015/1682/328 1016/1684/326
f 961/1685/327 963/1683/326 1016/1684/326 1014/1686/327
f 959/1674/327 961/1685/327 1014/1686/327 1012/1675/327
f 967/1687/268 965/1688/329 1018/1689/329 1020/1690/268
f 911/1628/277 966/1691/276 1019/1692/276 973/1629/277
f 964/1693/330 910/1625/317 972/1626/317 1017/1694/330
f 965/1688/329 964/1693/330 1017/1694/330 1018/1689/329
f 968/1695/279 967/1687/268 1020/1690/268 1021/1696/279
f 966/1691/276 968/1695/279 1021/1696/279 1019/1692/276
f 941/1561/331 953/1562/331 924/1577/288 942/1578/288
f 924/1577/332 953/1562/333 962/1697/334
f 962/1697/334 963/1698/335 961/1699/265
f 962/1697/334 961/1699/265 924/1577/332
f 961/1699/265 959/1700/265 924/1577/332
f 913/1701/265 924/1577/332 959/1700/265
f 911/1702/265 912/1703/265 913/1701/265
f 909/1704/265 910/1705/265 960/1579/265
f 910/1705/265 911/1702/265 913/1701/265
f 960/1579/265 910/1705/265 913/1701/265
f 917/1541/265 907/1706/265 908/1581/265
f 908/1581/265 909/1704/265 960/1579/265
f 960/1579/265 913/1701/265 959/1700/265
f 958/1580/265 916/1542/265 908/1581/265
f 916/1542/265 917/1541/265 908/1581/265
f 966/1583/265 911/1702/265 964/1584/265
f 911/1702/265 910/1705/265 964/1584/265
f 964/1584/265 965/1707/265 968/1582/265
f 965/1707/265 967/1708/265 968/1582/265
o Data_block_shield
v -0.214063 0.723590 -0.016009
v 0.000000 0.847179 -0.016009
v 0.123590 0.814063 -0.016009
v -0.123590 0.814063 -0.016009
v 0.000000 0.775518 -0.016009
v 0.087759 0.752003 -0.016009
v -0.087759 0.752003 -0.016009
v -0.152003 0.687759 -0.016009
v -0.152003 0.687759 -0.010009
v 0.000000 0.775518 -0.010009
v -0.087759 0.752003 -0.010009
v 0.087759 0.752003 -0.010009
v 0.000000 0.847179 -0.010009
v -0.123590 0.814063 -0.010009
v 0.123590 0.814063 -0.010009
v -0.214063 0.723590 -0.010009
v 0.177675 0.715758 -0.016009
v 0.125142 0.714620 -0.016009
v 0.151655 0.703827 -0.016009
v 0.125142 0.714620 -0.010009
v 0.177675 0.715758 -0.010009
v 0.151655 0.703827 -0.010009
v -0.150848 0.786805 -0.016009
v -0.186805 0.750848 -0.016009
v -0.150848 0.786805 -0.010009
v -0.186805 0.750848 -0.010009
v 0.131578 0.806074 -0.016009
v 0.236818 0.778177 -0.016009
v 0.236818 0.778177 -0.010009
v 0.131578 0.806074 -0.010009
v 0.220040 0.820040 -0.016009
v 0.220040 0.820040 -0.010009
v 0.139001 0.813497 -0.016009
v 0.137014 0.838549 -0.016009
v 0.133275 0.827320 -0.016009
v 0.137014 0.838549 -0.010009
v 0.139001 0.813497 -0.010009
v 0.133275 0.827320 -0.010009
v -0.161097 0.797054 -0.010009
v -0.179075 0.804500 -0.010009
v -0.197054 0.797054 -0.010009
v -0.197054 0.761097 -0.010009
v -0.204500 0.779075 -0.010009
v -0.197054 0.797054 -0.016009
v -0.161097 0.797054 -0.016009
v -0.179075 0.804500 -0.016009
v -0.197054 0.761097 -0.016009
v -0.204500 0.779075 -0.016009
v 0.157782 0.844992 -0.016009
v 0.146203 0.845278 -0.016009
v 0.157782 0.844992 -0.010009
v 0.146203 0.845278 -0.010009
v -0.219379 0.471095 -0.000000
v -0.128905 0.380622 -0.000000
v -0.235850 0.454624 -0.000000
v -0.235850 0.426318 -0.000000
v -0.241712 0.440471 -0.000000
v -0.173681 0.364150 -0.000000
v -0.145376 0.364151 -0.000000
v -0.159528 0.358288 -0.000000
v -0.241712 0.440471 -0.005950
v -0.235850 0.426318 -0.005950
v -0.235850 0.454624 -0.005950
v -0.159528 0.358288 -0.005950
v -0.145376 0.364151 -0.005950
v -0.173681 0.364150 -0.005950
v -0.152003 0.512241 -0.010009
v -0.219379 0.471095 -0.005950
v -0.128905 0.380622 -0.005950
v -0.123589 0.385937 -0.010009
v -0.175518 0.600000 -0.004009
v -0.152003 0.512241 -0.004009
v -0.214063 0.476410 -0.004009
v -0.214063 0.476410 -0.010009
v -0.123589 0.385937 -0.004059
v -0.116827 0.477066 -0.010009
v -0.108313 0.412396 -0.010009
v -0.105047 0.457762 -0.010009
v -0.101930 0.434092 -0.010009
v -0.108313 0.412396 -0.004037
v -0.116827 0.477066 -0.004009
v -0.101930 0.434092 -0.004023
v -0.105047 0.457762 -0.004012
v -0.247179 0.600000 -0.004009
v -0.245571 0.606000 -0.010009
v -0.247179 0.600000 -0.016009
v -0.245626 0.594204 -0.010009
v -0.173910 0.606000 -0.010009
v -0.173965 0.594204 -0.010009
v -0.175518 0.600000 -0.016009
vn -0.0000 -1.0000 -0.0000
vn 0.5000 -0.8660 -0.0000
vn -0.5000 0.8660 -0.0000
vn -0.0000 1.0000 -0.0000
vn -0.5000 -0.8660 -0.0000
vn 0.5000 0.8660 -0.0000
vn -0.5530 -0.8332 -0.0000
vn 0.0217 -0.9998 -0.0000
vn 0.5820 -0.8132 -0.0000
vn -0.8660 0.5000 -0.0000
vn -0.7071 0.7071 -0.0000
vn 0.7071 0.7071 -0.0000
vn 0.9282 0.3720 -0.0000
vn 0.7259 -0.6878 -0.0000
vn -0.8080 0.5892 -0.0000
vn -0.9994 -0.0356 -0.0000
vn -0.9239 -0.3827 -0.0000
vn 0.8660 -0.5000 -0.0000
vn 0.5556 0.8315 -0.0000
vn -0.8315 -0.5556 -0.0000
vn -1.0000 -0.0000 -0.0000
vn -0.7071 -0.7071 -0.0000
vn -0.2990 0.9542 -0.0000
vn 0.2016 0.9795 -0.0000
vn -0.0000 -0.0000 1.0000
vn 0.3344 0.3342 0.8812
vn 0.5556 -0.8315 -0.0000
vn -0.8315 0.5556 -0.0000
vn -0.5556 -0.8315 -0.0000
vn -0.9429 0.3331 -0.0000
vn -0.9881 0.1535 -0.0000
vn 0.7071 -0.7071 -0.0000
vn 0.7823 -0.6229 -0.0000
vn 0.8081 -0.5890 -0.0000
vn -0.0000 -0.0002 1.0000
vn 0.9192 -0.3938 -0.0000
vn 0.9192 -0.3939 -0.0000
vn 0.9970 -0.0775 -0.0000
vn 0.9429 0.3329 -0.0000
vn 0.9429 0.3330 -0.0000
vn 0.7859 0.6184 -0.0000
vn 0.8660 0.5000 -0.0000
vn -0.0001 -0.0003 1.0000
vn -0.9963 -0.0864 -0.0000
vn -0.9659 0.2588 -0.0000
vn -0.9960 0.0890 -0.0000
vn 0.9963 0.0865 -0.0000
vn 0.9659 0.2588 -0.0000
vn 0.9960 -0.0889 -0.0000
vn -0.0000 0.7071 0.7071
vn -0.9960 0.0891 -0.0000
vn -0.9659 -0.2588 -0.0000
vn 0.9659 -0.2588 -0.0000
vn 0.9960 -0.0891 -0.0000
vn 0.9963 0.0863 -0.0000
vn -0.0001 -0.0004 1.0000
vn -0.0000 -0.0003 1.0000
vn -0.0002 -0.0004 1.0000
vn -0.0000 -0.0004 1.0000
vt 0.105238 0.630465
vt 0.103469 0.632210
vt 0.084376 0.599604
vt 0.086731 0.598963
vt 0.053707 0.608566
vt 0.055940 0.607561
vt 0.082491 0.652976
vt 0.080731 0.654706
vt 0.135727 0.651687
vt 0.136557 0.649364
vt 0.126470 0.682465
vt 0.127704 0.680340
vt 0.157288 0.651986
vt 0.157724 0.649551
vt 0.169767 0.654755
vt 0.168022 0.656392
vt 0.174595 0.666953
vt 0.172188 0.667207
vt 0.053722 0.553281
vt 0.055975 0.554250
vt 0.055247 0.570144
vt 0.053112 0.568898
vt 0.053078 0.592722
vt 0.055202 0.591631
vt 0.132385 0.680861
vt 0.130519 0.682523
vt 0.155628 0.710128
vt 0.172388 0.702399
vt 0.174595 0.703265
vt 0.155616 0.712571
vt 0.132568 0.685348
vt 0.130767 0.684221
vt 0.125361 0.693154
vt 0.123036 0.692933
vt 0.125368 0.687454
vt 0.127190 0.688777
vt 0.086667 0.562674
vt 0.084269 0.562028
vt 0.049258 0.591034
vt 0.048421 0.593360
vt 0.040214 0.589651
vt 0.041993 0.588050
vt 0.036580 0.580953
vt 0.038949 0.580996
vt 0.048288 0.568698
vt 0.049164 0.570765
vt 0.041876 0.573885
vt 0.040183 0.572273
vt 0.126328 0.697555
vt 0.124283 0.698697
vt 0.129829 0.700479
vt 0.128747 0.702756
vt 0.128139 0.477017
vt 0.181005 0.477017
vt 0.181094 0.480514
vt 0.127895 0.480514
vt 0.183351 0.466930
vt 0.180986 0.467418
vt 0.178493 0.461635
vt 0.180151 0.460019
vt 0.130713 0.461606
vt 0.129164 0.459865
vt 0.136291 0.456757
vt 0.136496 0.459194
vt 0.128273 0.467332
vt 0.125856 0.466761
vt 0.172801 0.459194
vt 0.173027 0.456757
vt 0.126443 0.478620
vt 0.125925 0.476904
vt 0.183278 0.477428
vt 0.183477 0.481176
vt 0.135974 0.509284
vt 0.103506 0.528345
vt 0.082657 0.507827
vt 0.177775 0.492652
vt 0.180084 0.493590
vt 0.175116 0.502400
vt 0.173284 0.500769
vt 0.166583 0.508944
vt 0.165517 0.506741
vt 0.156746 0.511385
vt 0.156489 0.508942
vt 0.136798 0.511623
vt 0.080490 0.510452
vt 0.079555 0.506917
vt 0.106873 0.529172
vt 0.105150 0.530894
vt 0.101779 0.531596
vt 0.083319 0.504549
s 1
usemtl bb
f 1026/1709/336 1031/1710/336 1032/1711/337 1028/1712/337
f 1025/1713/338 1035/1714/338 1034/1715/339 1023/1716/339
f 1033/1717/340 1031/1710/336 1026/1709/336 1027/1718/340
f 1024/1719/341 1023/1716/339 1034/1715/339 1036/1720/341
f 1041/1721/342 1039/1722/342 1040/1723/343 1043/1724/343
f 1043/1724/343 1040/1723/343 1038/1725/344 1042/1726/344
f 1027/1718/340 1039/1722/342 1041/1721/342 1033/1717/340
f 1022/1727/345 1037/1728/345 1047/1729/346 1045/1730/346
f 1044/1731/346 1046/1732/346 1035/1714/338 1025/1713/338
f 1024/1719/341 1036/1720/341 1051/1733/347 1048/1734/347
f 1053/1735/347 1050/1736/348 1049/1737/348 1052/1738/347
f 1038/1725/344 1049/1737/349 1050/1736/349 1042/1726/344
s 0
f 1048/1734/346 1051/1733/346 1058/1739/346 1054/1740/346
s 1
f 1057/1741/350 1055/1742/350 1056/1743/351 1059/1744/351
f 1059/1744/351 1056/1743/351 1054/1740/352 1058/1739/352
f 1029/1745/353 1028/1712/337 1032/1711/337 1030/1746/353
f 1060/1747/354 1066/1748/354 1067/1749/339 1061/1750/339
f 1061/1750/339 1067/1749/339 1065/1751/346 1062/1752/346
f 1068/1753/355 1063/1754/355 1064/1755/356 1069/1756/356
f 1069/1756/356 1064/1755/356 1062/1752/346 1065/1751/346
f 1046/1732/347 1044/1731/347 1066/1748/354 1060/1747/354
f 1045/1730/357 1047/1729/357 1063/1754/355 1068/1753/355
f 1055/1742/350 1057/1741/350 1073/1757/358 1071/1758/358
f 1071/1758/358 1073/1757/358 1072/1759/359 1070/1760/359
f 1052/1738/347 1070/1760/359 1072/1759/359 1053/1735/347
f 1053/1735/360 1072/1759/360 1058/1739/360
f 1050/1736/360 1053/1735/360 1058/1739/360 1042/1726/360
f 1032/1711/360 1046/1732/360 1047/1729/360 1030/1746/360
f 1064/1755/360 1063/1754/360 1062/1752/360
f 1036/1720/360 1034/1715/360 1031/1710/360 1033/1717/360
f 1062/1752/360 1063/1754/360 1061/1750/360
f 1047/1729/360 1037/1728/360 1030/1746/360
f 1061/1750/360 1063/1754/360 1060/1747/360
f 1035/1714/360 1046/1732/360 1032/1711/360
f 1033/1717/360 1041/1721/360 1051/1733/360
f 1041/1721/360 1043/1724/360 1042/1726/360
f 1041/1721/360 1042/1726/360 1051/1733/360
f 1035/1714/360 1032/1711/360 1031/1710/360 1034/1715/360
f 1051/1733/360 1036/1720/360 1033/1717/360
f 1057/1741/360 1059/1744/360 1072/1759/360
f 1059/1744/360 1058/1739/360 1072/1759/360
f 1073/1757/360 1057/1741/360 1072/1759/360
f 1058/1739/360 1051/1733/360 1042/1726/360
f 1046/1732/360 1060/1747/360 1063/1754/360 1047/1729/360
s 0
f 1074/1761/361 1075/1762/361 1096/1763/361 1094/1764/361
s 1
f 1086/1765/362 1080/1766/362 1081/1767/336 1085/1768/336
f 1078/1769/356 1082/1770/356 1083/1771/355 1077/1772/355
f 1076/1773/363 1084/1774/363 1082/1770/356 1078/1769/356
f 1085/1768/336 1081/1767/336 1079/1775/364 1087/1776/364
s 0
f 1079/1775/360 1081/1767/360 1080/1766/360
s 1
f 1087/1776/364 1079/1775/364 1077/1772/355 1083/1771/355
f 1094/1764/365 1095/1777/366 1089/1778/346 1074/1761/346
f 1080/1766/362 1086/1765/362 1090/1779/367 1075/1762/367
f 1096/1763/368 1075/1762/367 1090/1779/367 1091/1780/369
f 1076/1773/363 1074/1761/346 1089/1778/346 1084/1774/363
f 1094/1764/370 1093/1781/360 1092/1782/360 1105/1783/360
f 1101/1784/371 1098/1785/372 1100/1786/373 1103/1787/373
f 1103/1787/373 1100/1786/373 1099/1788/374 1104/1789/375
f 1104/1789/375 1099/1788/374 1097/1790/376 1102/1791/376
f 1097/1790/376 1088/1792/377 1093/1781/377 1102/1791/376
f 1101/1784/371 1096/1763/368 1091/1780/369 1098/1785/372
f 1102/1791/378 1093/1781/360 1094/1764/370
f 1105/1783/379 1106/1793/380 1107/1794/381
f 1092/1782/382 1110/1795/383 1111/1796/384
s 0
f 1109/1797/385 1106/1793/385 1105/1783/385 1092/1782/385
s 1
f 1022/1727/345 1107/1794/386 1106/1793/380 1037/1728/345
f 1106/1793/360 1109/1797/360 1030/1746/360 1037/1728/360
f 1095/1777/366 1094/1764/365 1105/1783/379 1108/1798/387
f 1088/1792/377 1110/1795/383 1092/1782/382 1093/1781/377
f 1029/1745/353 1030/1746/353 1109/1797/388 1111/1796/389
f 1109/1797/388 1092/1782/390 1111/1796/389
f 1108/1798/387 1105/1783/379 1107/1794/381
s 0
f 1080/1766/360 1075/1762/360 1079/1775/360
f 1075/1762/360 1074/1761/360 1079/1775/360
f 1074/1761/360 1076/1773/360 1077/1772/360
f 1076/1773/360 1078/1769/360 1077/1772/360
f 1077/1772/360 1079/1775/360 1074/1761/360
s 1
f 1096/1763/391 1101/1784/392 1094/1764/370
f 1101/1784/392 1103/1787/393 1102/1791/378
f 1094/1764/370 1101/1784/392 1102/1791/378
f 1103/1787/393 1104/1789/394 1102/1791/378
o Data_cable
v 0.002898 0.210157 -0.030000
v -0.127931 0.305226 -0.030000
v -0.075125 0.306399 -0.030000
v -0.017804 0.291944 -0.030000
v 0.007820 0.249062 -0.030000
v 0.010000 0.210157 -0.060000
v -0.120829 0.305226 -0.060000
v -0.068023 0.306399 -0.060000
v -0.010702 0.291944 -0.060000
v 0.014922 0.249062 -0.060000
v -0.075406 0.303905 -0.030000
v -0.127876 0.302716 -0.030000
v -0.019302 0.289930 -0.030000
v 0.005364 0.248547 -0.030000
v 0.000408 0.210157 -0.030000
v -0.068305 0.303905 -0.060000
v -0.120774 0.302716 -0.060000
v -0.012200 0.289930 -0.060000
v 0.012466 0.248547 -0.060000
v 0.007510 0.210157 -0.060000
vn 0.9552 0.1909 0.2261
vn 0.6239 0.7674 0.1477
vn 0.5532 0.8227 0.1310
vn 0.9515 0.2097 0.2252
vn 0.9658 -0.1222 0.2286
vn 0.1316 0.9908 0.0312
vn 0.0925 0.9955 0.0219
vn -0.0222 0.9997 -0.0053
vn -0.9555 -0.1892 -0.2262
vn -0.9518 -0.2079 -0.2253
vn -0.5523 -0.8233 -0.1307
vn -0.6234 -0.7678 -0.1476
vn -0.9655 0.1246 -0.2286
vn -0.0910 -0.9956 -0.0215
vn -0.1298 -0.9911 -0.0307
vn 0.0227 -0.9997 0.0054
vn -0.0000 -0.0000 1.0000
vt 0.823213 0.426664
vt 0.823213 0.406712
vt 0.835749 0.406712
vt 0.835749 0.426664
vt 0.823213 0.442507
vt 0.835749 0.442507
vt 0.823213 0.382936
vt 0.835749 0.382936
vt 0.823213 0.361526
vt 0.835749 0.361526
vt 0.849278 0.426664
vt 0.836742 0.426664
vt 0.836742 0.406712
vt 0.849278 0.406712
vt 0.849278 0.442507
vt 0.836742 0.442507
vt 0.836742 0.382936
vt 0.849278 0.382936
vt 0.836742 0.361526
vt 0.849278 0.361526
s 1
usemtl bb
f 1121/1799/395 1120/1800/396 1115/1801/397 1116/1802/398
f 1117/1803/399 1121/1799/395 1116/1802/398 1112/1804/399
f 1120/1800/396 1119/1805/400 1114/1806/401 1115/1801/397
f 1119/1805/400 1118/1807/402 1113/1808/402 1114/1806/401
f 1130/1809/403 1125/1810/404 1124/1811/405 1129/1812/406
f 1131/1813/407 1126/1814/407 1125/1810/404 1130/1809/403
f 1129/1812/406 1124/1811/405 1122/1815/408 1127/1816/409
f 1127/1816/409 1122/1815/408 1123/1817/410 1128/1818/410
f 1116/1802/411 1125/1810/411 1126/1814/411 1112/1804/411
f 1113/1808/411 1123/1817/411 1122/1815/411 1114/1806/411
f 1114/1806/411 1122/1815/411 1124/1811/411 1115/1801/411
f 1115/1801/411 1124/1811/411 1125/1810/411 1116/1802/411
o Data_contact_cover
v 0.280000 -0.000000 -0.100000
v 0.280000 -0.000000 -0.110000
v 0.260000 0.080000 -0.100000
v 0.260000 -0.000000 -0.100000
v 0.250000 0.080000 -0.100000
v 0.250000 0.080000 -0.040000
v 0.260000 0.080000 -0.040000
v 0.250000 -0.000000 -0.040000
v 0.260000 -0.000000 -0.040000
v 0.280000 0.120000 -0.100000
v 0.280000 0.120000 -0.110000
v 0.210000 0.120000 -0.100000
v -0.280000 -0.000000 -0.100000
v -0.280000 -0.000000 -0.110000
v -0.260000 0.080000 -0.100000
v -0.260000 -0.000000 -0.100000
v -0.250000 0.080000 -0.100000
v -0.250000 0.080000 -0.040000
v -0.260000 0.080000 -0.040000
v -0.250000 -0.000000 -0.040000
v -0.260000 -0.000000 -0.040000
v -0.280000 0.120000 -0.100000
v -0.280000 0.120000 -0.110000
v -0.210000 0.120000 -0.110000
v 0.170000 0.080000 -0.100000
v 0.170000 0.080000 -0.110000
v 0.210000 0.120000 -0.110000
v -0.170000 0.080000 -0.100000
v -0.210000 0.120000 -0.100000
v -0.170000 0.080000 -0.110000
v -0.250000 -0.000000 -0.110000
v 0.250000 -0.000000 -0.110000
v 0.250000 0.010000 -0.100000
v -0.250000 0.010000 -0.100000
v 0.250000 0.010000 -0.110000
v -0.250000 0.010000 -0.110000
v 0.210000 0.020000 -0.100000
v -0.210000 0.020000 -0.110000
v -0.220000 0.010000 -0.110000
v -0.220000 0.010000 -0.100000
v -0.210000 0.020000 -0.100000
v 0.220000 0.010000 -0.110000
v 0.210000 0.020000 -0.110000
v 0.220000 0.010000 -0.100000
vn 1.0000 -0.0000 -0.0000
vn -0.0000 1.0000 -0.0000
vn -0.0000 -1.0000 -0.0000
vn -1.0000 -0.0000 -0.0000
vn -0.7071 0.7071 -0.0000
vn 0.7071 0.7071 -0.0000
vn -0.7071 -0.7071 -0.0000
vn 0.7071 -0.7071 -0.0000
vn -0.0000 -0.0000 -1.0000
vn -0.0000 -0.0000 1.0000
vt 0.044995 0.036864
vt 0.044995 0.003906
vt 0.069714 0.003906
vt 0.069714 0.036864
vt 0.851926 0.320648
vt 0.876644 0.324767
vt 0.851926 0.353606
vt 0.880764 0.550645
vt 0.880764 0.600082
vt 0.876644 0.600082
vt 0.876644 0.550645
vt 0.830744 0.507356
vt 0.826607 0.507438
vt 0.826607 0.478934
vt 0.830415 0.477715
vt 0.851926 0.316528
vt 0.876644 0.316528
vt 0.135555 0.061264
vt 0.110837 0.061264
vt 0.110837 0.028306
vt 0.135555 0.028306
vt 0.876644 0.308289
vt 0.876644 0.258852
vt 0.880764 0.258852
vt 0.880764 0.308289
vt 0.826946 0.275172
vt 0.830857 0.275216
vt 0.830857 0.304887
vt 0.826946 0.303726
vt 0.811127 0.461613
vt 0.815224 0.461165
vt 0.815224 0.321447
vt 0.811127 0.320977
vt 0.876644 0.542406
vt 0.876644 0.342953
vt 0.880764 0.342953
vt 0.880764 0.515981
vt 0.876644 0.515981
vt 0.880764 0.521807
vt 0.876644 0.521807
vt 0.876644 0.337127
vt 0.880764 0.337127
vt 0.880764 0.324768
vt 0.786202 0.478198
vt 0.905533 0.493835
vt 0.905533 0.497954
vt 0.889054 0.506194
vt 0.851926 0.505328
vt 0.876644 0.505328
vt 0.876644 0.534167
vt 0.880764 0.534167
vt 0.880764 0.320648
vt 0.876644 0.353606
vt 0.851926 0.542406
vt 0.851926 0.538286
vt 0.880764 0.538286
vt 0.777817 0.287686
vt 0.777817 0.275172
vt 0.781961 0.287710
vt 0.786202 0.304370
vt 0.781860 0.494942
vt 0.777668 0.507438
vt 0.777668 0.494959
vt 0.781860 0.482401
vt 0.781961 0.300195
vt 0.938491 0.497954
vt 0.938491 0.506194
vt 0.889054 0.477356
vt 0.905533 0.460877
vt 0.905533 0.320806
vt 0.889054 0.304327
vt 0.905533 0.287848
vt 0.889054 0.275489
vt 0.938491 0.275489
vt 0.905533 0.283729
vt 0.938491 0.283729
vt 0.934371 0.287848
vt 0.930252 0.304327
vt 0.934371 0.300208
vt 0.930252 0.477356
vt 0.934371 0.481475
vt 0.934371 0.493835
s 0
usemtl bb
f 1135/1819/412 1134/1820/412 1138/1821/412 1140/1822/412
f 1151/1823/412 1165/1824/412 1149/1825/412
f 1133/1826/412 1142/1827/412 1141/1828/412 1132/1829/412
f 1141/1830/413 1142/1831/413 1158/1832/413 1143/1833/413
f 1151/1823/414 1152/1834/414 1147/1835/414
f 1147/1836/415 1152/1837/415 1150/1838/415 1146/1839/415
f 1144/1840/415 1153/1841/415 1154/1842/415 1145/1843/415
f 1154/1844/413 1153/1845/413 1160/1846/413 1155/1847/413
f 1143/1833/416 1158/1832/416 1157/1848/416 1156/1849/416
f 1159/1850/417 1161/1851/417 1155/1847/417 1160/1846/417
f 1157/1848/413 1161/1851/413 1159/1850/413 1156/1849/413
f 1133/1826/414 1132/1829/414 1135/1852/414
f 1172/1853/414 1169/1854/414 1174/1855/414 1168/1856/414
f 1173/1857/418 1175/1858/418 1168/1856/418 1174/1855/418
f 1169/1854/419 1172/1853/419 1171/1859/419 1170/1860/419
f 1165/1824/414 1167/1861/414 1170/1860/414 1171/1859/414
f 1161/1851/420 1157/1848/420 1174/1862/420
f 1136/1863/421 1134/1864/421 1141/1865/421
f 1137/1866/415 1136/1867/415 1164/1868/415
f 1175/1858/414 1173/1857/414 1166/1869/414 1164/1868/414
f 1151/1823/412 1162/1870/412 1165/1824/412
f 1162/1870/412 1167/1861/412 1165/1824/412
f 1165/1824/412 1148/1871/412 1149/1825/412
f 1144/1840/414 1145/1843/414 1147/1835/414
f 1145/1843/414 1162/1870/414 1147/1835/414
f 1162/1870/414 1151/1823/414 1147/1835/414
f 1140/1872/414 1139/1873/414 1135/1852/414
f 1139/1873/414 1163/1874/414 1135/1852/414
f 1163/1874/414 1133/1826/414 1135/1852/414
f 1162/1875/420 1145/1876/420 1167/1877/420
f 1145/1876/420 1154/1844/420 1167/1877/420
f 1154/1844/420 1155/1847/420 1167/1877/420
f 1155/1847/420 1161/1851/420 1169/1878/420
f 1167/1877/420 1155/1847/420 1169/1878/420
f 1157/1848/420 1158/1832/420 1174/1862/420
f 1158/1832/420 1142/1831/420 1166/1879/420
f 1158/1832/420 1166/1879/420 1174/1862/420
f 1142/1831/420 1133/1880/420 1166/1879/420
f 1133/1880/420 1163/1881/420 1166/1879/420
f 1166/1879/420 1173/1882/420 1174/1862/420
f 1169/1878/420 1170/1883/420 1167/1877/420
f 1174/1862/420 1169/1878/420 1161/1851/420
f 1134/1864/421 1135/1884/421 1132/1885/421
f 1141/1865/421 1143/1886/421 1136/1863/421
f 1143/1886/421 1156/1887/421 1136/1863/421
f 1159/1888/421 1160/1889/421 1148/1890/421
f 1160/1889/421 1153/1891/421 1148/1890/421
f 1153/1891/421 1144/1892/421 1146/1893/421
f 1144/1892/421 1147/1894/421 1146/1893/421
f 1153/1891/421 1146/1893/421 1148/1890/421
f 1148/1890/421 1165/1895/421 1172/1896/421
f 1165/1895/421 1171/1897/421 1172/1896/421
f 1159/1888/421 1148/1890/421 1172/1896/421
f 1168/1898/421 1175/1899/421 1164/1900/421
f 1159/1888/421 1172/1896/421 1168/1898/421
f 1156/1887/421 1159/1888/421 1168/1898/421
f 1168/1898/421 1164/1900/421 1136/1863/421
f 1134/1864/421 1132/1885/421 1141/1865/421
f 1156/1887/421 1168/1898/421 1136/1863/421
f 1166/1869/415 1163/1874/415 1164/1868/415
f 1163/1874/415 1139/1873/415 1164/1868/415
f 1139/1873/415 1137/1866/415 1164/1868/415
o Reader_head_holder
v 0.106425 0.321033 -0.018000
v 0.106425 0.377354 -0.018000
v 0.106425 0.321033 -0.048000
v 0.106425 0.377354 -0.048000
v 0.113285 0.319661 -0.018000
v 0.113285 0.378726 -0.018000
v 0.113285 0.319661 -0.048000
v 0.113285 0.378726 -0.048000
v 0.106425 0.321033 -0.022000
v 0.106425 0.377354 -0.022000
v 0.106425 0.377354 -0.031000
v 0.106425 0.321033 -0.031000
v 0.106425 0.377354 -0.035000
v 0.106425 0.321033 -0.035000
v 0.106425 0.377354 -0.044000
v 0.106425 0.321033 -0.044000
v 0.102132 0.321891 -0.031000
v 0.102132 0.321891 -0.022000
v 0.102132 0.376495 -0.022000
v 0.102132 0.376495 -0.031000
v 0.102132 0.321891 -0.044000
v 0.102132 0.321891 -0.035000
v 0.102132 0.376495 -0.035000
v 0.102132 0.376495 -0.044000
v 0.113285 0.369173 -0.037184
v 0.127413 0.335065 -0.028817
v 0.113285 0.329214 -0.028817
v 0.113285 0.369173 -0.028817
v 0.113285 0.329214 -0.037183
v 0.127413 0.335065 -0.037183
v 0.133265 0.349193 -0.037183
v 0.127413 0.363321 -0.037184
v 0.133265 0.349193 -0.028817
v 0.127413 0.363321 -0.028817
vn -1.0000 -0.0000 -0.0000
vn -0.0000 -0.0000 -1.0000
vn -0.0000 -0.0000 1.0000
vn 1.0000 -0.0000 -0.0000
vn -0.1961 -0.9806 -0.0000
vn -0.1961 0.9806 -0.0000
vn 0.7071 0.7071 -0.0000
vn 0.7071 -0.7071 -0.0000
vn 0.3827 -0.9239 -0.0000
vn 0.3827 0.9239 -0.0000
vt 0.167801 0.724859
vt 0.144599 0.724859
vt 0.144599 0.723211
vt 0.167801 0.723211
vt 0.144033 0.720385
vt 0.168367 0.720385
vt 0.168367 0.745470
vt 0.144033 0.745470
vt 0.144599 0.742644
vt 0.167801 0.742644
vt 0.285337 0.711778
vt 0.285337 0.736111
vt 0.272978 0.736111
vt 0.272978 0.711778
vt 0.144599 0.740996
vt 0.167801 0.740996
vt 0.279982 0.738993
vt 0.278334 0.738993
vt 0.167801 0.733752
vt 0.144599 0.733752
vt 0.144599 0.732104
vt 0.167801 0.732104
vt 0.167448 0.735520
vt 0.144952 0.735520
vt 0.167448 0.739228
vt 0.144952 0.739228
vt 0.167448 0.730335
vt 0.144952 0.730335
vt 0.144952 0.726627
vt 0.167448 0.726627
vt 0.274626 0.708896
vt 0.278334 0.708896
vt 0.132531 0.612445
vt 0.131212 0.615629
vt 0.125391 0.613218
vt 0.126710 0.610034
vt 0.120890 0.607623
vt 0.119571 0.610808
vt 0.113751 0.608397
vt 0.115070 0.605212
vt 0.138351 0.614855
vt 0.137032 0.618040
vt 0.122981 0.623860
vt 0.125391 0.618040
vt 0.138351 0.598393
vt 0.274626 0.738993
vt 0.272978 0.738993
vt 0.285337 0.738993
vt 0.283689 0.738993
vt 0.283689 0.740797
vt 0.279982 0.740797
vt 0.278334 0.740797
vt 0.274626 0.740797
vt 0.279982 0.708896
vt 0.279982 0.707092
vt 0.283689 0.707092
vt 0.283689 0.708896
vt 0.285337 0.708896
vt 0.274626 0.707092
vt 0.278334 0.707092
vt 0.272978 0.708896
vt 0.125391 0.629680
vt 0.130120 0.606624
vt 0.132531 0.600804
s 0
usemtl bb
f 1191/1901/422 1190/1902/422 1179/1903/422 1178/1904/422
f 1178/1904/423 1179/1903/423 1183/1905/423 1182/1906/423
f 1180/1907/424 1181/1908/424 1177/1909/424 1176/1910/424
f 1181/1911/425 1180/1912/425 1182/1913/425 1183/1914/425
f 1176/1910/422 1177/1909/422 1185/1915/422 1184/1916/422
f 1182/1913/426 1187/1917/426 1189/1918/426
f 1187/1919/422 1186/1920/422 1188/1921/422 1189/1922/422
f 1186/1920/423 1187/1919/423 1192/1923/423 1195/1924/423
f 1193/1925/422 1194/1926/422 1195/1924/422 1192/1923/422
f 1197/1927/422 1198/1928/422 1199/1929/422 1196/1930/422
f 1190/1902/423 1191/1901/423 1196/1930/423 1199/1929/423
f 1184/1916/424 1185/1915/424 1194/1926/424 1193/1925/424
f 1189/1922/424 1188/1921/424 1198/1928/424 1197/1927/424
f 1190/1931/427 1188/1932/427 1183/1914/427
s 1
f 1207/1933/428 1209/1934/428 1208/1935/425 1206/1936/425
f 1205/1937/429 1201/1938/429 1202/1939/430 1204/1940/430
f 1200/1941/431 1203/1942/431 1209/1934/428 1207/1933/428
f 1206/1936/425 1208/1935/425 1201/1938/429 1205/1937/429
s 0
f 1201/1943/424 1208/1944/424 1209/1934/424
f 1204/1945/423 1200/1941/423 1207/1933/423
f 1191/1946/426 1178/1947/426 1182/1913/426
f 1182/1913/426 1180/1912/426 1187/1917/426
f 1180/1912/426 1176/1948/426 1184/1949/426
f 1184/1949/426 1193/1950/426 1192/1951/426
f 1180/1912/426 1184/1949/426 1187/1917/426
f 1197/1952/426 1196/1953/426 1191/1946/426
f 1184/1949/426 1192/1951/426 1187/1917/426
f 1189/1918/426 1197/1952/426 1191/1946/426
f 1189/1918/426 1191/1946/426 1182/1913/426
f 1186/1954/427 1195/1955/427 1194/1956/427
f 1185/1957/427 1177/1958/427 1181/1911/427
f 1186/1954/427 1194/1956/427 1185/1957/427
f 1199/1959/427 1198/1960/427 1188/1932/427
f 1186/1954/427 1185/1957/427 1181/1911/427
f 1190/1931/427 1199/1959/427 1188/1932/427
f 1188/1932/427 1186/1954/427 1181/1911/427
f 1181/1911/427 1183/1914/427 1188/1932/427
f 1183/1914/427 1179/1961/427 1190/1931/427
f 1209/1934/424 1203/1942/424 1202/1962/424
f 1202/1962/424 1201/1943/424 1209/1934/424
f 1206/1963/423 1205/1964/423 1207/1933/423
f 1205/1964/423 1204/1945/423 1207/1933/423
