{"obj":true,"model":"~/arc-a1","flip_v":true,"display":{"thirdperson_righthand":{"translation":[-4.736842,6.5,3.0],"rotation":[0.0,-90.0,0.0],"scale":[0.65,0.65,0.65]},"thirdperson_lefthand":{"translation":[-4.736842,6.5,3.0],"rotation":[0.0,-90.0,0.0],"scale":[0.65,0.65,0.65]},"firstperson_righthand":{"translation":[-11.052631,10.894737,3.0],"rotation":[0.0,-90.0,0.0],"scale":[1.0,1.0,1.0]},"firstperson_lefthand":{"translation":[0.0,-80.0,0.0],"scale":[1.0,1.0,1.0]},"head":{"scale":[1.0,1.0,1.0]},"gui":{"translation":[-1.5,3.0,0.0],"rotation":[30.0,-135.0,0.0],"scale":[3.0,0.625,0.625]},"ground":{"translation":[-2.0,0.75,0.0],"rotation":[90.0,0.0,0.0],"scale":[0.9,0.9,0.9]},"fixed":{"translation":[7.4210525,12.0,6.631579],"scale":[0.99671054,0.99671054,0.99671054]}}}