{"obj":true,"model":"~/fire_axe","flip_v":true,"display":{"thirdperson_righthand":{"translation":[-9.157895,-4.736842,9.157895],"rotation":[0.0,-90.0,0.0],"scale":[1.1546053,1.1546053,1.1546053]},"thirdperson_lefthand":{"translation":[9.0,-4.736842,9.157895],"rotation":[0.0,90.0,0.0],"scale":[1.1546053,1.1546053,1.1546053]},"firstperson_righthand":{"translation":[-12.789474,-2.2105262,8.842105],"rotation":[-65.13158,-72.23684,-75.197365],"scale":[1.0,1.0,1.0]},"firstperson_lefthand":{"translation":[3.631579,-6.631579,8.052631],"rotation":[31.381578,75.789474,-15.394737],"scale":[1.0,1.0,1.0]},"head":{"scale":[1.0,1.0,1.0]},"gui":{"translation":[5.5263157,-24.0,0.0],"rotation":[0.0,-30.197369,0.0],"scale":[2.0032895,2.0032895,2.0032895]},"ground":{"scale":[1.0,1.0,1.0]},"fixed":{"translation":[17.526316,-14.368421,16.894737],"scale":[2.25,2.25,2.25]}}}