# Blender 4.5.14 LTS
# www.blender.org
mtllib black_box.mtl
o Bolt
v -0.181458 0.343156 -0.035000
v -0.192783 0.331831 -0.035000
v -0.181458 0.320506 -0.035000
v -0.170133 0.331831 -0.035000
v -0.181458 0.343156 0.020114
v -0.192783 0.331831 0.020114
v -0.181458 0.320506 0.020114
v -0.170133 0.331831 0.020114
v 0.211227 0.336407 -0.035000
v 0.199902 0.325082 -0.035000
v 0.211227 0.313757 -0.035000
v 0.222552 0.325082 -0.035000
v 0.211227 0.336407 0.020114
v 0.199902 0.325082 0.020114
v 0.211227 0.313757 0.020114
v 0.222552 0.325082 0.020114
v 0.151084 0.388979 -0.035000
v 0.139759 0.377655 -0.035000
v 0.151084 0.366330 -0.035000
v 0.162408 0.377655 -0.035000
v 0.151084 0.388979 0.020114
v 0.139759 0.377655 0.020114
v 0.151084 0.366330 0.020114
v 0.162408 0.377655 0.020114
v -0.254775 0.092319 0.035952
v -0.266100 0.080994 0.035952
v -0.254775 0.069669 0.035952
v -0.243450 0.080994 0.035952
v -0.254775 0.092319 0.049593
v -0.266100 0.080994 0.049593
v -0.254775 0.069669 0.049593
v -0.243450 0.080994 0.049593
v 0.256289 0.236219 0.035952
v 0.244964 0.224894 0.035952
v 0.256289 0.213569 0.035952
v 0.267614 0.224894 0.035952
v 0.256289 0.236219 0.049593
v 0.244964 0.224894 0.049593
v 0.256289 0.213569 0.049593
v 0.267614 0.224894 0.049593
v -0.224609 -0.186125 -0.000704
v -0.235934 -0.197450 -0.000704
v -0.224609 -0.208775 -0.000704
v -0.213284 -0.197450 -0.000704
v -0.224609 -0.186125 0.021164
v -0.235934 -0.197450 0.021164
v -0.224609 -0.208775 0.021164
v -0.213284 -0.197450 0.021164
v 0.122518 -0.092611 -0.045000
v 0.114322 -0.100807 -0.045000
v 0.122518 -0.109003 -0.045000
v 0.130715 -0.100807 -0.045000
v 0.122518 -0.092611 -0.000872
v 0.114322 -0.100807 -0.000872
v 0.122518 -0.109003 -0.000872
v 0.130715 -0.100807 -0.000872
v 0.180260 -0.183256 -0.031821
v 0.168935 -0.194581 -0.031821
v 0.180260 -0.205906 -0.031821
v 0.191585 -0.194581 -0.031821
v 0.180260 -0.183256 -0.018179
v 0.168935 -0.194581 -0.018179
v 0.180260 -0.205906 -0.018179
v 0.191585 -0.194581 -0.018179
v 0.000000 0.206751 0.049859
v -0.011325 0.195427 0.049859
v 0.000000 0.184102 0.049859
v 0.011325 0.195427 0.049859
v 0.000000 0.206751 0.054982
v -0.011325 0.195427 0.054982
v 0.000000 0.184102 0.054982
v 0.011325 0.195427 0.054982
v -0.049148 0.178376 0.049859
v -0.045003 0.162906 0.049859
v -0.029533 0.167051 0.049859
v -0.033678 0.182521 0.049859
v -0.049148 0.178376 0.054982
v -0.045003 0.162906 0.054982
v -0.029533 0.167051 0.054982
v -0.033678 0.182521 0.054982
v -0.049148 0.121624 0.049859
v -0.033678 0.117479 0.049859
v -0.029533 0.132949 0.049859
v -0.045003 0.137094 0.049859
v -0.049148 0.121624 0.054982
v -0.033678 0.117479 0.054982
v -0.029533 0.132949 0.054982
v -0.045003 0.137094 0.054982
v 0.000000 0.093248 0.049859
v 0.011325 0.104573 0.049859
v 0.000000 0.115898 0.049859
v -0.011325 0.104573 0.049859
v 0.000000 0.093248 0.054982
v 0.011325 0.104573 0.054982
v 0.000000 0.115898 0.054982
v -0.011325 0.104573 0.054982
v 0.049148 0.121624 0.049859
v 0.045003 0.137094 0.049859
v 0.029533 0.132949 0.049859
v 0.033678 0.117479 0.049859
v 0.049148 0.121624 0.054982
v 0.045003 0.137094 0.054982
v 0.029533 0.132949 0.054982
v 0.033678 0.117479 0.054982
v 0.049148 0.178376 0.049859
v 0.033678 0.182521 0.049859
v 0.029533 0.167051 0.049859
v 0.045003 0.162906 0.049859
v 0.049148 0.178376 0.054982
v 0.033678 0.182521 0.054982
v 0.029533 0.167051 0.054982
v 0.045003 0.162906 0.054982
v -0.181378 -0.091019 0.012000
v -0.201233 -0.099243 0.012000
v -0.209457 -0.119098 0.012000
v -0.201233 -0.138952 0.012000
v -0.181378 -0.147176 0.012000
v -0.161524 -0.138952 0.012000
v -0.153300 -0.119098 0.012000
v -0.161524 -0.099243 0.012000
v -0.181378 -0.098502 0.025000
v -0.195941 -0.104534 0.025000
v -0.201974 -0.119098 0.025000
v -0.195941 -0.133661 0.025000
v -0.181378 -0.139693 0.025000
v -0.166815 -0.133661 0.025000
v -0.160782 -0.119098 0.025000
v -0.166815 -0.104534 0.025000
v -0.201233 -0.099243 0.025000
v -0.181378 -0.091019 0.025000
v -0.209457 -0.119098 0.025000
v -0.201233 -0.138952 0.025000
v -0.181378 -0.147176 0.025000
v -0.161524 -0.138952 0.025000
v -0.153300 -0.119098 0.025000
v -0.161524 -0.099243 0.025000
v -0.195941 -0.104534 0.044812
v -0.181378 -0.098502 0.044812
v -0.201974 -0.119098 0.044812
v -0.195941 -0.133661 0.044812
v -0.181378 -0.139693 0.044812
v -0.166815 -0.133661 0.044812
v -0.160782 -0.119098 0.044812
v -0.166815 -0.104534 0.044812
v -0.181378 -0.102773 0.044812
v -0.195515 -0.110936 0.044812
v -0.181378 -0.135422 0.044812
v -0.195515 -0.127260 0.044812
v -0.167241 -0.110936 0.044812
v -0.181378 -0.105279 0.040472
v -0.193346 -0.112188 0.040472
v -0.193346 -0.126007 0.040472
v -0.181378 -0.132916 0.040472
v -0.167241 -0.127260 0.044812
v -0.169411 -0.126007 0.040472
v -0.169411 -0.112188 0.040472
vn 1.0000 -0.0000 -0.0000
vn -0.0000 -1.0000 -0.0000
vn -1.0000 -0.0000 -0.0000
vn -0.0000 1.0000 -0.0000
vn -0.0000 -0.0000 1.0000
vn 0.5000 0.8660 -0.0000
vn 0.8660 -0.5000 -0.0000
vn -0.5000 -0.8660 -0.0000
vn -0.8660 0.5000 -0.0000
vn -0.5000 0.8660 -0.0000
vn 0.8660 0.5000 -0.0000
vn 0.5000 -0.8660 -0.0000
vn -0.8660 -0.5000 -0.0000
vn -0.7071 -0.7071 -0.0000
vn -0.7071 0.7071 -0.0000
vn 0.7071 0.7071 -0.0000
vn 0.7071 -0.7071 -0.0000
vn 0.7500 -0.4330 0.5000
vn -0.0000 -0.8660 0.5000
vn 0.7500 0.4330 0.5000
vn -0.0000 0.8660 0.5000
vn -0.7500 0.4330 0.5000
vn -0.7500 -0.4330 0.5000
vt 0.153074 0.598398
vt 0.153074 0.621103
vt 0.146476 0.621103
vt 0.146476 0.598398
vt 0.166270 0.598398
vt 0.166270 0.621103
vt 0.159672 0.621103
vt 0.159672 0.598398
vt 0.172868 0.598398
vt 0.172868 0.621103
vt 0.166270 0.627701
vt 0.159672 0.627701
vt 0.129149 0.740457
vt 0.129149 0.717752
vt 0.135747 0.717752
vt 0.135747 0.740457
vt 0.115953 0.740457
vt 0.115953 0.717752
vt 0.122551 0.717752
vt 0.122551 0.740457
vt 0.109355 0.740457
vt 0.109355 0.717752
vt 0.115953 0.711154
vt 0.122551 0.711154
vt 0.234152 0.709816
vt 0.234152 0.732521
vt 0.227554 0.732521
vt 0.227554 0.709816
vt 0.247348 0.709816
vt 0.247348 0.732521
vt 0.240750 0.732521
vt 0.240750 0.709816
vt 0.253946 0.709816
vt 0.253946 0.732521
vt 0.247348 0.739119
vt 0.240750 0.739119
vt 0.376532 0.512215
vt 0.370912 0.512215
vt 0.370912 0.505617
vt 0.376532 0.505617
vt 0.376532 0.525411
vt 0.370912 0.525411
vt 0.370912 0.518813
vt 0.376532 0.518813
vt 0.376532 0.532009
vt 0.370912 0.532009
vt 0.364314 0.525411
vt 0.364314 0.518813
vt 0.303756 0.741446
vt 0.298136 0.741446
vt 0.298136 0.734848
vt 0.303756 0.734848
vt 0.303756 0.754643
vt 0.298136 0.754643
vt 0.298136 0.748045
vt 0.303756 0.748045
vt 0.303756 0.761241
vt 0.298136 0.761241
vt 0.291538 0.754643
vt 0.291538 0.748045
vt 0.361849 0.725817
vt 0.352840 0.725817
vt 0.352840 0.719219
vt 0.361849 0.719219
vt 0.361849 0.739013
vt 0.352840 0.739013
vt 0.352840 0.732415
vt 0.361849 0.732415
vt 0.361849 0.745611
vt 0.352840 0.745611
vt 0.346242 0.739013
vt 0.346242 0.732415
vt 0.096329 0.757210
vt 0.096329 0.739031
vt 0.101104 0.739031
vt 0.101104 0.757210
vt 0.086778 0.757210
vt 0.086778 0.739031
vt 0.091554 0.739031
vt 0.091554 0.757210
vt 0.082003 0.757210
vt 0.082003 0.739031
vt 0.086778 0.734255
vt 0.091554 0.734255
vt 0.215839 0.745995
vt 0.210219 0.745995
vt 0.210219 0.739397
vt 0.215839 0.739397
vt 0.215839 0.759191
vt 0.210219 0.759191
vt 0.210219 0.752593
vt 0.215839 0.752593
vt 0.215839 0.765789
vt 0.210219 0.765789
vt 0.203621 0.759191
vt 0.203621 0.752593
vt 0.387675 0.533226
vt 0.385565 0.533226
vt 0.385565 0.526628
vt 0.387675 0.526628
vt 0.387675 0.546422
vt 0.385565 0.546422
vt 0.385565 0.539824
vt 0.387675 0.539824
vt 0.387675 0.553020
vt 0.385565 0.553020
vt 0.378967 0.546422
vt 0.378967 0.539824
vt 0.331506 0.688200
vt 0.329396 0.688200
vt 0.329396 0.681602
vt 0.331506 0.681602
vt 0.331506 0.701396
vt 0.329396 0.701396
vt 0.329396 0.694798
vt 0.331506 0.694798
vt 0.329396 0.675004
vt 0.331506 0.675004
vt 0.322798 0.694798
vt 0.322798 0.688200
vt 0.045288 0.616065
vt 0.043178 0.616065
vt 0.043178 0.609467
vt 0.045288 0.609467
vt 0.045288 0.629261
vt 0.043178 0.629261
vt 0.043178 0.622663
vt 0.045288 0.622663
vt 0.043178 0.602869
vt 0.045288 0.602869
vt 0.036580 0.622663
vt 0.036580 0.616065
vt 0.258730 0.760130
vt 0.256620 0.760130
vt 0.256620 0.753532
vt 0.258730 0.753532
vt 0.258730 0.746934
vt 0.256620 0.746934
vt 0.256620 0.740336
vt 0.258730 0.740336
vt 0.258730 0.766728
vt 0.256620 0.766728
vt 0.250022 0.766728
vt 0.250022 0.760130
vt 0.384256 0.597718
vt 0.382146 0.597718
vt 0.382146 0.591120
vt 0.384256 0.591120
vt 0.384256 0.584522
vt 0.382146 0.584522
vt 0.382146 0.577924
vt 0.384256 0.577924
vt 0.382146 0.571326
vt 0.384256 0.571326
vt 0.375548 0.591120
vt 0.375548 0.584522
vt 0.385233 0.483149
vt 0.383123 0.483149
vt 0.383123 0.476551
vt 0.385233 0.476551
vt 0.385233 0.469953
vt 0.383123 0.469953
vt 0.383123 0.463355
vt 0.385233 0.463355
vt 0.383123 0.456757
vt 0.385233 0.456757
vt 0.376525 0.476551
vt 0.376525 0.469953
vt 0.298848 0.717273
vt 0.293492 0.717273
vt 0.293492 0.708419
vt 0.298848 0.708419
vt 0.298848 0.699566
vt 0.293492 0.699566
vt 0.293492 0.690712
vt 0.298848 0.690712
vt 0.293492 0.681859
vt 0.298848 0.681859
vt 0.298848 0.673005
vt 0.293492 0.673005
vt 0.293492 0.664152
vt 0.298848 0.664152
vt 0.298848 0.726126
vt 0.293492 0.726126
vt 0.293492 0.655298
vt 0.298848 0.655298
vt 0.314841 0.688069
vt 0.314841 0.694564
vt 0.306679 0.694564
vt 0.306679 0.688069
vt 0.078842 0.686778
vt 0.072348 0.686778
vt 0.071169 0.683930
vt 0.080022 0.683930
vt 0.083434 0.691370
vt 0.086282 0.690191
vt 0.083434 0.697864
vt 0.086282 0.699044
vt 0.078842 0.702456
vt 0.080022 0.705304
vt 0.072348 0.702456
vt 0.071169 0.705304
vt 0.067756 0.697864
vt 0.064908 0.699044
vt 0.067756 0.691370
vt 0.064908 0.690191
vt 0.239662 0.749921
vt 0.233076 0.748718
vt 0.233118 0.746931
vt 0.314841 0.675081
vt 0.314841 0.681575
vt 0.306679 0.681575
vt 0.306679 0.675081
vt 0.314841 0.714046
vt 0.314841 0.720540
vt 0.306679 0.720540
vt 0.306679 0.714046
vt 0.314841 0.701058
vt 0.314841 0.707552
vt 0.306679 0.707552
vt 0.306679 0.701058
vt 0.314841 0.727034
vt 0.306679 0.727034
vt 0.232713 0.763874
vt 0.232670 0.765662
vt 0.226122 0.762665
vt 0.237728 0.753700
vt 0.233072 0.750774
vt 0.239498 0.752693
vt 0.237556 0.759195
vt 0.239321 0.760204
vt 0.232716 0.761820
vt 0.228056 0.758886
vt 0.226288 0.759893
vt 0.228237 0.753391
vt 0.226471 0.752382
vt 0.242142 0.756513
vt 0.239354 0.762981
vt 0.226438 0.749606
vt 0.223647 0.756071
s 1
usemtl bb
f 4/1/1 8/2/1 7/3/2 3/4/2
f 2/5/3 6/6/3 5/7/4 1/8/4
f 1/8/4 5/7/4 8/2/1 4/1/1
f 3/9/2 7/10/2 6/6/3 2/5/3
s 0
f 6/6/5 7/11/5 8/12/5 5/7/5
s 1
f 12/13/1 16/14/1 15/15/2 11/16/2
f 10/17/3 14/18/3 13/19/4 9/20/4
f 9/20/4 13/19/4 16/14/1 12/13/1
f 11/21/2 15/22/2 14/18/3 10/17/3
s 0
f 14/18/5 15/23/5 16/24/5 13/19/5
s 1
f 20/25/1 24/26/1 23/27/2 19/28/2
f 18/29/3 22/30/3 21/31/4 17/32/4
f 17/32/4 21/31/4 24/26/1 20/25/1
f 19/33/2 23/34/2 22/30/3 18/29/3
s 0
f 22/30/5 23/35/5 24/36/5 21/31/5
s 1
f 28/37/1 32/38/1 31/39/2 27/40/2
f 26/41/3 30/42/3 29/43/4 25/44/4
f 25/44/4 29/43/4 32/38/1 28/37/1
f 27/45/2 31/46/2 30/42/3 26/41/3
s 0
f 30/42/5 31/47/5 32/48/5 29/43/5
s 1
f 36/49/1 40/50/1 39/51/2 35/52/2
f 34/53/3 38/54/3 37/55/4 33/56/4
f 33/56/4 37/55/4 40/50/1 36/49/1
f 35/57/2 39/58/2 38/54/3 34/53/3
s 0
f 38/54/5 39/59/5 40/60/5 37/55/5
s 1
f 44/61/1 48/62/1 47/63/2 43/64/2
f 42/65/3 46/66/3 45/67/4 41/68/4
f 41/68/4 45/67/4 48/62/1 44/61/1
f 43/69/2 47/70/2 46/66/3 42/65/3
s 0
f 46/66/5 47/71/5 48/72/5 45/67/5
s 1
f 52/73/1 56/74/1 55/75/2 51/76/2
f 50/77/3 54/78/3 53/79/4 49/80/4
f 49/80/4 53/79/4 56/74/1 52/73/1
f 51/81/2 55/82/2 54/78/3 50/77/3
s 0
f 54/78/5 55/83/5 56/84/5 53/79/5
s 1
f 60/85/1 64/86/1 63/87/2 59/88/2
f 58/89/3 62/90/3 61/91/4 57/92/4
f 57/92/4 61/91/4 64/86/1 60/85/1
f 59/93/2 63/94/2 62/90/3 58/89/3
s 0
f 62/90/5 63/95/5 64/96/5 61/91/5
s 1
f 68/97/1 72/98/1 71/99/2 67/100/2
f 66/101/3 70/102/3 69/103/4 65/104/4
f 65/104/4 69/103/4 72/98/1 68/97/1
f 67/105/2 71/106/2 70/102/3 66/101/3
s 0
f 70/102/5 71/107/5 72/108/5 69/103/5
s 1
f 76/109/6 80/110/6 79/111/7 75/112/7
f 74/113/8 78/114/8 77/115/9 73/116/9
f 73/116/9 77/115/9 80/110/6 76/109/6
f 75/112/7 79/111/7 78/117/8 74/118/8
s 0
f 78/119/5 79/120/5 80/110/5 77/115/5
s 1
f 84/121/10 88/122/10 87/123/11 83/124/11
f 82/125/12 86/126/12 85/127/13 81/128/13
f 81/128/13 85/127/13 88/122/10 84/121/10
f 83/124/11 87/123/11 86/129/12 82/130/12
s 0
f 86/131/5 87/132/5 88/122/5 85/127/5
s 1
f 92/133/3 96/134/3 95/135/4 91/136/4
f 90/137/1 94/138/1 93/139/2 89/140/2
f 89/141/2 93/142/2 96/134/3 92/133/3
f 91/136/4 95/135/4 94/138/1 90/137/1
s 0
f 94/143/5 95/144/5 96/134/5 93/142/5
s 1
f 100/145/8 104/146/8 103/147/9 99/148/9
f 98/149/6 102/150/6 101/151/7 97/152/7
f 97/152/7 101/151/7 104/153/8 100/154/8
f 99/148/9 103/147/9 102/150/6 98/149/6
s 0
f 102/150/5 103/147/5 104/155/5 101/156/5
s 1
f 108/157/12 112/158/12 111/159/13 107/160/13
f 106/161/10 110/162/10 109/163/11 105/164/11
f 105/164/11 109/163/11 112/165/12 108/166/12
f 107/160/13 111/159/13 110/162/10 106/161/10
s 0
f 110/162/5 111/159/5 112/167/5 109/168/5
s 1
f 116/169/14 132/170/14 131/171/3 115/172/3
f 114/173/15 129/174/15 130/175/4 113/176/4
f 113/176/4 130/175/4 136/177/16 120/178/16
f 119/179/1 135/180/1 134/181/17 118/182/17
f 117/183/2 133/184/2 132/170/14 116/169/14
f 115/172/3 131/171/3 129/174/15 114/173/15
f 120/178/16 136/177/16 135/180/1 119/179/1
f 118/182/17 134/181/17 133/185/2 117/186/2
f 127/187/1 128/188/16 144/189/16 143/190/1
f 122/191/5 121/192/5 130/193/5 129/194/5
f 123/195/5 122/191/5 129/194/5 131/196/5
f 124/197/5 123/195/5 131/196/5 132/198/5
f 125/199/5 124/197/5 132/198/5 133/200/5
f 126/201/5 125/199/5 133/200/5 134/202/5
f 127/203/5 126/201/5 134/202/5 135/204/5
f 128/205/5 127/203/5 135/204/5 136/206/5
f 121/192/5 128/205/5 136/206/5 130/193/5
f 137/207/5 145/208/5 138/209/5
f 125/210/2 126/211/17 142/212/17 141/213/2
f 123/214/3 124/215/14 140/216/14 139/217/3
f 121/218/4 122/219/15 137/220/15 138/221/4
f 128/188/16 121/218/4 138/221/4 144/189/16
f 126/211/17 127/187/1 143/190/1 142/212/17
f 124/215/14 125/222/2 141/223/2 140/216/14
f 122/219/15 123/214/3 139/217/3 137/220/15
f 147/224/5 141/225/5 142/226/5
f 151/227/18 150/228/19 145/208/19 146/229/18
f 152/230/20 151/227/18 146/229/18 148/231/20
f 153/232/21 152/230/20 148/231/20 147/224/21
f 155/233/22 153/232/21 147/224/21 154/234/22
f 156/235/23 155/233/22 154/234/22 149/236/23
f 150/228/19 156/235/23 149/236/23 145/208/19
s 0
f 155/233/5 156/235/5 151/227/5
s 1
f 137/207/5 139/237/5 146/229/5
f 139/237/5 140/238/5 148/231/5
f 146/229/5 139/237/5 148/231/5
f 145/208/5 149/236/5 144/239/5
f 145/208/5 144/239/5 138/209/5
f 137/207/5 146/229/5 145/208/5
f 143/240/5 144/239/5 149/236/5
f 143/240/5 149/236/5 154/234/5
f 148/231/5 140/238/5 147/224/5
f 140/238/5 141/225/5 147/224/5
f 142/226/5 143/240/5 154/234/5
f 154/234/5 147/224/5 142/226/5
s 0
f 156/235/5 150/228/5 151/227/5
f 151/227/5 152/230/5 153/232/5
f 153/232/5 155/233/5 151/227/5
o Data_block
v -0.270000 0.050000 0.045000
v 0.300000 0.450000 -0.075000
v 0.300000 -0.450000 -0.075000
v -0.270000 0.110000 0.045000
v 0.300000 -0.450000 0.025000
v 0.280000 -0.430000 0.025000
v 0.280000 -0.250000 0.025000
v -0.240000 0.060000 0.045000
v -0.240000 0.100000 0.045000
v 0.300000 0.450000 0.005000
v 0.280000 0.430000 0.005000
v 0.280000 -0.240000 0.025000
v 0.280000 -0.220000 0.005000
v 0.300000 -0.220000 0.005000
v 0.300000 -0.240000 0.025000
v -0.280000 0.050000 0.045000
v 0.270000 -0.240000 0.025000
v 0.270000 -0.240000 -0.035000
v -0.280000 0.110000 0.045000
v 0.270000 0.420000 0.005000
v 0.270000 0.196892 0.045000
v -0.300000 0.450000 -0.075000
v 0.270000 0.256892 0.045000
v -0.300000 -0.450000 -0.075000
v -0.300000 -0.450000 0.025000
v -0.280000 -0.430000 0.025000
v 0.240000 0.206892 0.045000
v -0.280000 -0.250000 0.025000
v 0.240000 0.246892 0.045000
v -0.300000 0.450000 0.005000
v -0.280000 -0.240000 0.025000
v -0.280000 -0.220000 0.005000
v -0.300000 -0.220000 0.005000
v -0.300000 -0.240000 0.025000
v 0.280000 0.196892 0.045000
v -0.233827 0.015000 -0.035000
v 0.280000 0.256892 0.045000
v -0.000000 0.420000 -0.035000
v -0.233827 0.015000 0.005000
v -0.270000 0.015000 -0.035000
v -0.270000 0.015000 0.005000
v 0.123590 0.364065 -0.034998
v 0.214063 0.273590 -0.035000
v -0.214063 0.026410 -0.035000
v 0.000000 0.212245 0.049859
v -0.031122 0.203905 0.049859
v -0.053905 0.181122 0.049859
v -0.062245 0.150000 0.049859
v -0.053905 0.118878 0.049859
v -0.031122 0.096095 0.049859
v 0.000000 0.087755 0.049859
v 0.031122 0.096095 0.049859
v 0.053905 0.118878 0.049859
v 0.062245 0.150000 0.049859
v 0.053905 0.181122 0.049859
v 0.031122 0.203905 0.049859
v 0.000000 0.220185 -0.085000
v -0.035092 0.210782 -0.085000
v -0.060782 0.185093 -0.085000
v -0.070185 0.150000 -0.085000
v -0.060782 0.114907 -0.085000
v -0.035092 0.089218 -0.085000
v 0.000000 0.079815 -0.085000
v 0.035093 0.089218 -0.085000
v 0.060782 0.114907 -0.085000
v 0.070185 0.150000 -0.085000
v 0.060782 0.185093 -0.085000
v 0.035093 0.210782 -0.085000
v -0.035092 0.210782 0.042571
v 0.000000 0.220185 0.042571
v -0.060782 0.185093 0.042571
v -0.070185 0.150000 0.042571
v -0.060782 0.114907 0.042571
v -0.035092 0.089218 0.042571
v 0.000000 0.079815 0.042571
v 0.035093 0.089218 0.042571
v 0.060782 0.114907 0.042571
v 0.070185 0.150000 0.042571
v 0.060782 0.185093 0.042571
v 0.035093 0.210782 0.042571
v -0.031122 0.203905 0.042571
v 0.000000 0.212245 0.042571
v -0.053905 0.181122 0.042571
v -0.062245 0.150000 0.042571
v -0.053905 0.118878 0.042571
v -0.031122 0.096095 0.042571
v 0.000000 0.087755 0.042571
v 0.031122 0.096095 0.042571
v 0.053905 0.118878 0.042571
v 0.062245 0.150000 0.042571
v 0.053905 0.181122 0.042571
v 0.031122 0.203905 0.042571
v -0.123590 0.364063 -0.005000
v 0.247179 0.150000 -0.005000
v 0.214063 0.026410 -0.005000
v -0.214063 0.026410 -0.005000
v -0.214063 0.273590 -0.005000
v 0.214063 0.273590 -0.005000
v -0.247179 0.150000 -0.005000
v 0.000000 0.397179 -0.005000
v 0.123590 0.364049 -0.005012
v 0.123590 0.366450 0.005011
v 0.216437 0.273648 0.005000
v 0.249920 0.150000 0.005000
v 0.215740 -0.016327 -0.005000
v -0.216437 0.274960 0.005000
v -0.249920 0.150000 0.005000
v -0.216437 0.025040 0.005000
v -0.168826 0.372061 -0.035000
v -0.131184 0.356469 -0.005000
v -0.234338 0.317460 0.005000
v -0.206469 0.356469 -0.035000
v -0.206469 0.281184 -0.005000
v -0.207565 0.283831 0.005000
v -0.222061 0.318827 -0.035000
v -0.206469 0.281184 -0.035000
v -0.131184 0.356469 -0.035000
v 0.123590 0.392033 -0.034999
v 0.123590 0.392021 0.004998
v 0.144742 0.400218 0.005000
v 0.250217 0.294742 0.005000
v 0.242023 0.274275 0.005000
v 0.242032 0.274275 -0.035000
v 0.250217 0.294742 -0.035000
v 0.144742 0.400218 -0.035000
v 0.000000 0.420000 0.005000
v 0.000000 0.399920 0.005000
v -0.124960 0.366437 0.005000
v -0.133831 0.357566 0.005000
v -0.270000 0.340845 0.005000
v -0.000000 0.410886 -0.035000
v -0.130443 0.375934 -0.035000
v -0.168826 0.383526 -0.035000
v -0.215454 0.363856 0.005000
v -0.136316 0.370060 -0.035000
v -0.270000 0.340845 -0.035000
v -0.220000 0.420000 -0.035000
v -0.270000 0.370000 -0.035000
v 0.239124 0.005825 -0.005000
v 0.186811 -0.066434 -0.015000
v 0.270000 -0.114463 -0.035000
v 0.270000 -0.114463 -0.015000
v 0.270000 0.015000 0.005000
v 0.270000 0.015000 -0.015000
v 0.215740 -0.016327 -0.015000
v 0.239124 0.005825 -0.015000
v 0.234460 -0.077196 -0.015000
v 0.193283 -0.070171 -0.015000
v 0.186811 -0.066434 -0.005000
v 0.224635 0.055638 0.005000
v 0.222078 0.056323 -0.005000
v 0.270000 0.015000 -0.005000
v 0.220040 0.370040 0.005000
v 0.220040 0.370040 -0.035000
v -0.270000 -0.155107 -0.035000
v -0.185107 -0.240000 -0.035000
v 0.170630 -0.048819 -0.005000
v 0.173252 -0.058606 -0.005000
v 0.270000 -0.150063 -0.035000
v 0.249966 -0.158361 -0.035000
v 0.241667 -0.178396 -0.035000
v 0.249966 -0.198430 -0.035000
v 0.270000 -0.206729 -0.035000
v 0.241667 -0.178396 -0.015000
v 0.249966 -0.158361 -0.015000
v 0.270000 -0.150063 -0.015000
v 0.249966 -0.198430 -0.015000
v 0.270000 -0.206729 -0.015000
v -0.080000 -0.220000 -0.015000
v -0.080000 -0.220000 -0.035000
v -0.205902 -0.220000 -0.015000
v -0.205902 -0.220000 -0.035000
v -0.070000 -0.240000 -0.015000
v -0.070000 -0.240000 -0.035000
v -0.205902 -0.240000 -0.015000
v -0.185107 -0.240000 0.005001
v -0.210726 -0.180726 -0.035000
v -0.210726 -0.180726 0.004998
v 0.270000 0.420002 0.015000
v 0.160912 0.420002 0.014991
v 0.160912 0.430002 0.015000
v 0.280000 0.430002 0.015000
v 0.270000 0.327839 0.015000
v 0.280000 0.327839 0.015000
v 0.150912 0.430000 0.025000
v 0.270000 0.317837 0.025000
v 0.150912 0.420000 0.024990
v 0.280000 0.317837 0.025000
v -0.168826 0.372061 0.024950
v -0.206469 0.356469 0.024950
v -0.133831 0.357566 0.024950
v -0.222061 0.318827 0.024950
v -0.215454 0.363856 0.024950
v -0.234338 0.317460 0.024950
v -0.168826 0.383526 0.024950
v -0.130443 0.375934 0.024950
v -0.136316 0.370060 0.024950
v -0.124960 0.366437 0.024950
v -0.019950 0.405540 0.024950
v 0.000000 0.410886 0.005000
v -0.019950 0.394574 0.024950
v -0.215829 0.303781 0.024950
v -0.220173 0.283831 0.005000
v -0.228576 0.303781 0.024950
v -0.101894 0.372617 0.014975
v -0.101894 0.383583 0.014975
v -0.048499 0.397891 0.014975
v -0.038518 0.400565 0.024950
v -0.111875 0.380909 0.024950
v -0.111875 0.369943 0.024950
v -0.038518 0.389599 0.024950
v -0.048499 0.386925 0.014975
v -0.280000 -0.135108 0.025000
v -0.270006 -0.155108 0.004997
v -0.270000 -0.135108 0.025000
v -0.280006 -0.240001 0.005003
v -0.280006 -0.155108 0.005003
v -0.280000 0.050000 0.025000
v -0.280000 0.110000 0.025000
v -0.270000 0.050000 0.005000
v -0.270000 0.110000 0.005000
v -0.270000 0.050000 0.024983
v 0.240000 0.206892 0.005000
v 0.240000 0.246892 0.005000
v 0.270000 0.196892 0.005000
v 0.270000 0.256892 0.005000
v -0.240000 0.100000 0.005000
v -0.240000 0.060000 0.005000
v 0.280000 0.256892 0.025000
v 0.280000 0.196892 0.025000
v -0.270000 0.110000 0.024978
v 0.270000 0.196892 0.025000
v 0.270000 0.256892 0.025000
v 0.260000 -0.450000 -0.075000
v -0.260000 -0.450000 -0.075000
v 0.260000 -0.390000 -0.075000
v -0.260000 -0.390000 -0.075000
v 0.260000 -0.450000 -0.015000
v -0.260000 -0.450000 -0.015000
v 0.260000 -0.390000 -0.015000
v -0.260000 -0.390000 -0.015000
v -0.200000 0.420000 0.024999
v -0.220000 0.420000 0.005000
v -0.280000 0.350000 0.025000
v -0.280001 0.370000 0.005000
v -0.220000 0.430000 0.005000
v -0.200000 0.430000 0.025000
v -0.270000 0.370000 0.005000
v -0.270000 0.350000 0.024998
v -0.123589 -0.064063 -0.035000
v -0.214063 0.273590 -0.055000
v 0.000000 0.397179 -0.055000
v 0.123590 0.364063 -0.055000
v -0.123590 0.364063 -0.055000
v 0.247179 0.150000 -0.055000
v 0.214063 0.026410 -0.055000
v -0.247179 0.150000 -0.055000
v -0.214063 0.026410 -0.055000
v 0.214063 0.273590 -0.055000
v -0.123589 -0.064063 -0.055000
v 0.000000 -0.097178 -0.055000
v 0.123589 -0.064063 -0.055000
v -0.061795 -0.080621 -0.035000
v -0.061795 -0.080621 -0.045000
v 0.000000 -0.097178 -0.045000
v 0.123589 -0.064063 -0.045000
v 0.011909 -0.165281 -0.035000
v -0.061795 -0.110744 -0.035000
v -0.040207 -0.158641 -0.035000
v -0.061795 -0.110744 -0.045000
v 0.011909 -0.165281 -0.045000
v -0.040207 -0.158641 -0.045000
v 0.249261 -0.092717 -0.035000
v 0.249261 -0.092717 -0.045000
v 0.214063 0.026410 -0.045000
v 0.234460 -0.077196 -0.045000
v 0.193283 -0.070171 -0.045000
v 0.173252 -0.058606 -0.045000
v 0.170630 -0.048819 -0.045000
v -0.280000 -0.250000 0.064615
v -0.280000 -0.430000 0.064615
v 0.280000 -0.430000 0.064615
v 0.280000 -0.250000 0.064615
v -0.257085 -0.272915 0.064615
v -0.250046 -0.290000 0.064615
v -0.260000 -0.280046 0.064615
v -0.257085 -0.287084 0.064615
v -0.250046 -0.270000 0.064615
v -0.243007 -0.272915 0.064615
v -0.240092 -0.280046 0.064615
v -0.243007 -0.287084 0.064615
v -0.211630 -0.290000 0.064615
v -0.221584 -0.280046 0.064615
v -0.218669 -0.287084 0.064615
v -0.211630 -0.270000 0.064615
v -0.218669 -0.272915 0.064615
v -0.201584 -0.280046 0.064615
v -0.204500 -0.287084 0.064615
v -0.204500 -0.272915 0.064615
v -0.173366 -0.290000 0.064615
v -0.183321 -0.280046 0.064615
v -0.180405 -0.287084 0.064615
v -0.173367 -0.270000 0.064615
v -0.180405 -0.272915 0.064615
v -0.163321 -0.280046 0.064615
v -0.166236 -0.287084 0.064615
v -0.166236 -0.272915 0.064615
v -0.240092 -0.279954 0.054615
v -0.243007 -0.272915 0.054615
v -0.250046 -0.270000 0.054615
v -0.257085 -0.272915 0.054615
v -0.260000 -0.280046 0.054615
v -0.257085 -0.287084 0.054615
v -0.250046 -0.290000 0.054615
v -0.243007 -0.287084 0.054615
v -0.204500 -0.272915 0.054615
v -0.211630 -0.270000 0.054615
v -0.218669 -0.272915 0.054615
v -0.221584 -0.280046 0.054615
v -0.211630 -0.290000 0.054615
v -0.218669 -0.287084 0.054615
v -0.201584 -0.280046 0.054615
v -0.204500 -0.287084 0.054615
v -0.163321 -0.279954 0.054615
v -0.166236 -0.272915 0.054615
v -0.173367 -0.270000 0.054615
v -0.180405 -0.272915 0.054615
v -0.183321 -0.280046 0.054615
v -0.173366 -0.290000 0.054615
v -0.180405 -0.287084 0.054615
v -0.166236 -0.287084 0.054615
v -0.255574 -0.285528 0.060144
v -0.255574 -0.274472 0.060144
v -0.244518 -0.285528 0.060144
v -0.244518 -0.274472 0.060144
v -0.256785 -0.286740 0.054615
v -0.256785 -0.280000 0.061355
v -0.256785 -0.273260 0.054615
v -0.243306 -0.286740 0.054615
v -0.243306 -0.273260 0.054615
v -0.243306 -0.280000 0.061355
v -0.250046 -0.286740 0.061355
v -0.250046 -0.273260 0.061355
v -0.259328 -0.280000 0.054615
v -0.240764 -0.280000 0.054615
v -0.250046 -0.280000 0.063897
v -0.250046 -0.289282 0.054615
v -0.250046 -0.270718 0.054615
v -0.217158 -0.285528 0.060144
v -0.217158 -0.274472 0.060144
v -0.206102 -0.285528 0.060144
v -0.206102 -0.274472 0.060144
v -0.218369 -0.286740 0.054615
v -0.218369 -0.280000 0.061355
v -0.218369 -0.273260 0.054615
v -0.204890 -0.286740 0.054615
v -0.204890 -0.273260 0.054615
v -0.204890 -0.280000 0.061355
v -0.211630 -0.286740 0.061355
v -0.211630 -0.273260 0.061355
v -0.220912 -0.280000 0.054615
v -0.202348 -0.280000 0.054615
v -0.211630 -0.280000 0.063897
v -0.211630 -0.289282 0.054615
v -0.211630 -0.270718 0.054615
v -0.178895 -0.285528 0.060144
v -0.178895 -0.274472 0.060144
v -0.167838 -0.285528 0.060144
v -0.167838 -0.274472 0.060144
v -0.180106 -0.286740 0.054615
v -0.180106 -0.280000 0.061355
v -0.180106 -0.273260 0.054615
v -0.166627 -0.286740 0.054615
v -0.166627 -0.273260 0.054615
v -0.166627 -0.280000 0.061355
v -0.173367 -0.286740 0.061355
v -0.173367 -0.273260 0.061355
v -0.182648 -0.280000 0.054615
v -0.164085 -0.280000 0.054615
v -0.173367 -0.280000 0.063897
v -0.173367 -0.289282 0.054615
v -0.173367 -0.270718 0.054615
v 0.150030 -0.123054 -0.035000
v 0.111139 -0.134944 -0.035000
v 0.111139 -0.134944 -0.045000
v 0.150030 -0.123054 -0.045000
v 0.103795 -0.110922 -0.035000
v 0.105287 -0.095430 -0.035000
v 0.142686 -0.099032 -0.035000
v 0.117296 -0.085531 -0.035000
v 0.132787 -0.087023 -0.035000
v 0.142686 -0.099032 -0.045000
v 0.132787 -0.087023 -0.045000
v 0.103795 -0.110922 -0.045000
v 0.117296 -0.085531 -0.045000
v 0.105287 -0.095430 -0.045000
v 0.010000 -0.240000 -0.005000
v 0.010000 -0.240000 -0.035000
v 0.200000 -0.240000 -0.005000
v 0.200000 -0.240000 -0.035000
v 0.200000 -0.180000 -0.035000
v 0.067500 -0.180000 -0.035000
v 0.030500 -0.199000 -0.035000
v 0.067500 -0.180000 -0.005000
v 0.030500 -0.199000 -0.005000
v 0.045272 -0.185565 -0.005000
v 0.045272 -0.185565 -0.035000
v 0.150000 -0.180000 -0.005000
v 0.200000 -0.210000 -0.005000
v 0.170000 -0.210000 -0.005000
v 0.200000 -0.180000 -0.025000
v 0.150000 -0.180000 -0.025000
v 0.200000 -0.210000 -0.025000
v 0.170000 -0.210000 -0.025000
vn 0.9239 0.3827 -0.0000
vn 1.0000 0.0001 -0.0000
vn 1.0000 -0.0000 -0.0000
vn -0.0000 0.7071 0.7071
vn -0.9912 -0.0006 0.1322
vn -0.9589 -0.2576 0.1190
vn -0.9071 -0.4210 -0.0000
vn -0.0000 -0.0000 -1.0000
vn -0.0000 -1.0000 -0.0000
vn 0.2588 -0.9659 -0.0000
vn -1.0000 -0.0000 -0.0000
vn -0.0000 1.0000 -0.0000
vn 0.4953 -0.8579 0.1363
vn 0.5000 -0.8660 -0.0000
vn -0.0006 -0.9912 0.1322
vn 0.8660 0.5000 -0.0000
vn 0.5000 0.8660 -0.0000
vn -0.5000 0.8660 -0.0000
vn 0.8660 -0.5000 -0.0000
vn -0.8660 -0.5000 -0.0000
vn -0.5000 -0.8660 -0.0000
vn -0.8660 0.5000 -0.0000
vn -0.0000 -0.0000 1.0000
vn 0.7071 -0.7071 -0.0000
vn 1.0000 -0.0001 -0.0000
vn 0.9907 -0.0000 0.1363
vn 0.8579 -0.4953 0.1363
vn -0.2525 -0.9372 0.2407
vn 0.0538 -0.9772 0.2052
vn -0.2576 -0.9589 0.1191
vn -0.9666 -0.0011 0.2564
vn -0.9373 -0.2525 0.2404
vn 0.8352 -0.4822 0.2643
vn 0.9644 -0.0000 0.2643
vn 0.9575 0.2566 0.1318
vn 0.9338 0.2502 0.2559
vn 0.7008 -0.7008 0.1332
vn 0.6836 -0.6836 0.2559
vn 0.7016 -0.7016 0.1245
vn 0.4957 -0.8586 0.1305
vn -0.9284 0.3715 -0.0001
vn 0.3611 -0.9325 -0.0001
vn -0.3720 -0.9282 -0.0000
vn -0.0245 0.9997 -0.0000
vn -0.0033 1.0000 -0.0000
vn -0.0032 1.0000 -0.0000
vn -0.1951 0.9808 -0.0000
vn 0.7850 -0.6194 -0.0000
vn -0.9914 0.1305 -0.0000
vn -0.7934 -0.6088 -0.0000
vn 0.2849 -0.9586 -0.0000
vn -0.9624 0.2579 0.0859
vn -0.9338 0.2502 0.2559
vn -0.6589 -0.7499 0.0585
vn -0.9282 -0.3720 -0.0000
vn 0.7071 0.7071 -0.0000
vn 0.3967 0.9179 -0.0000
vn -0.9239 0.3827 -0.0000
vn -0.8972 0.4415 -0.0000
vn -0.3394 -0.9406 -0.0000
vn -0.7071 -0.7071 -0.0000
vn -0.7071 0.7071 -0.0000
vn -0.3827 0.9239 -0.0000
vn -0.3827 -0.9239 -0.0000
vn 0.8944 0.4472 -0.0000
vn 0.9179 0.3968 -0.0000
vn -0.0000 0.7070 0.7072
vn 0.7071 -0.0007 0.7071
vn -0.7115 0.7027 -0.0000
vn -1.0000 -0.0061 -0.0000
vn -0.7116 0.7026 -0.0000
vn -0.0000 -0.7071 0.7071
vn -0.9216 -0.3882 -0.0000
vn -0.2588 0.9659 -0.0000
vn 0.7069 -0.0000 0.7073
vn -0.7069 -0.0000 0.7073
vn 0.7071 -0.0000 0.7071
vn 0.0008 -0.0000 1.0000
vn 0.0002 -0.7071 0.7071
vn 1.0000 -0.0003 -0.0003
vn 0.3162 -0.9487 -0.0000
vn 0.3162 0.9487 -0.0000
vn -0.3162 -0.9487 -0.0000
vn -0.3162 0.9487 -0.0000
vn 0.0001 0.7071 0.7071
vn -0.7071 -0.0000 0.7071
vn -0.0000 -1.0000 0.0001
vn -0.0000 -1.0000 -0.0002
vn -0.0000 -0.0005 1.0000
vn 0.0012 -0.0000 1.0000
vn -1.0000 -0.0000 0.0001
vn -1.0000 -0.0000 0.0002
vn -0.0002 -0.0000 1.0000
vn -0.0000 1.0000 0.0002
vn -0.5000 -0.8660 0.0001
vn -0.4210 -0.9071 -0.0001
vn 0.9071 0.4210 -0.0000
vn 0.2588 0.9659 -0.0000
vn -0.0849 0.9964 -0.0000
vn 0.1264 0.9920 -0.0000
vn 0.9117 0.4109 -0.0000
vn 0.9777 0.2101 -0.0000
vn -0.1682 -0.9858 -0.0000
vn -0.7237 -0.6901 -0.0000
vn 1.0000 0.0023 -0.0000
vn 0.7087 -0.7055 -0.0000
vn 0.0023 -1.0000 -0.0000
vn -1.0000 -0.0022 -0.0000
vn -1.0000 0.0022 -0.0000
vn -0.7063 -0.7079 -0.0009
vn -0.7079 -0.7063 -0.0009
vn -0.7079 0.7063 0.0009
vn 0.0023 1.0000 -0.0000
vn -1.0000 0.0023 -0.0000
vn -0.7063 0.7079 0.0009
vn -0.7055 0.7087 -0.0000
vn -0.5774 -0.5773 0.5773
vn -0.9469 -0.0000 0.3215
vn -0.6656 -0.6656 0.3374
vn -0.5774 0.5774 0.5773
vn -0.6656 0.6656 0.3374
vn 0.9469 -0.0000 0.3215
vn 0.6656 0.6656 0.3374
vn 0.5773 0.5774 0.5774
vn 0.6656 -0.6656 0.3374
vn 0.5774 -0.5773 0.5774
vn -0.0000 -0.9469 0.3215
vn -0.0000 0.9469 0.3215
vn -0.5774 -0.5773 0.5774
vn -0.5773 0.5774 0.5774
vn -0.2924 0.9563 -0.0000
vn 0.8809 0.4733 -0.0000
vn 0.4695 0.8829 -0.0000
vn -0.9950 -0.1002 -0.0000
vn -0.8829 0.4695 -0.0000
vn -0.9563 -0.2924 -0.0000
vn 0.9563 0.2924 -0.0000
vn -0.4721 0.8815 -0.0000
vn -0.7972 0.6038 -0.0000
vn -0.1224 0.9925 -0.0000
vn -0.8944 0.4472 -0.0000
vn 0.8321 0.5547 -0.0000
vn -0.0000 -0.0004 1.0000
vn -0.0000 -0.0003 1.0000
vn -0.0000 -0.0002 1.0000
vn -0.0000 -0.0001 1.0000
vn -0.3887 0.9214 -0.0000
vn -0.0000 -1.0000 0.0002
vn -1.0000 -0.0000 0.0003
vn -1.0000 -0.0000 0.0004
vn -0.0000 0.0001 1.0000
vn -0.0000 0.0002 1.0000
vn -0.0000 1.0000 -0.0002
vn 0.0001 -0.0000 1.0000
vt 0.967750 0.651197
vt 0.955391 0.651197
vt 0.955391 0.634412
vt 0.086193 0.415879
vt 0.053235 0.415879
vt 0.053235 0.139857
vt 0.404225 0.740018
vt 0.395985 0.740018
vt 0.395985 0.728366
vt 0.404225 0.728366
vt 0.749016 0.162352
vt 0.749110 0.109610
vt 0.761442 0.109632
vt 0.892520 0.242850
vt 0.892520 0.028625
vt 0.917238 0.028625
vt 0.917238 0.242850
vt 0.159989 0.028306
vt 0.159989 0.043208
vt 0.143510 0.043208
vt 0.143510 0.028306
vt 0.868144 0.020227
vt 0.793989 0.020227
vt 0.793989 0.003906
vt 0.868144 0.003906
vt 0.316897 0.069822
vt 0.333376 0.415879
vt 0.366334 0.139857
vt 0.333376 0.045103
vt 0.374573 0.131618
vt 0.634929 0.740018
vt 0.634929 0.728366
vt 0.643169 0.728366
vt 0.643169 0.740018
vt 0.922570 0.830468
vt 0.922570 0.642976
vt 0.939050 0.642976
vt 0.749054 0.584067
vt 0.769673 0.584082
vt 0.769673 0.636795
vt 0.749082 0.636795
vt 0.280110 0.576494
vt 0.227554 0.576494
vt 0.227554 0.561527
vt 0.280110 0.561527
vt 0.280110 0.546560
vt 0.227554 0.546560
vt 0.227554 0.531593
vt 0.280110 0.531593
vt 0.280110 0.621396
vt 0.227554 0.621396
vt 0.227554 0.606429
vt 0.280110 0.606429
vt 0.280110 0.486691
vt 0.227554 0.486691
vt 0.227554 0.471724
vt 0.280110 0.471724
vt 0.227554 0.516626
vt 0.280110 0.516626
vt 0.227554 0.591461
vt 0.280110 0.591461
vt 0.227554 0.456757
vt 0.280110 0.456757
vt 0.227554 0.501658
vt 0.280110 0.501658
vt 0.280110 0.636363
vt 0.227554 0.636363
vt 0.365171 0.498585
vt 0.355762 0.507948
vt 0.343056 0.460067
vt 0.219323 0.564432
vt 0.219323 0.577706
vt 0.216321 0.577706
vt 0.216321 0.564432
vt 0.219323 0.630801
vt 0.219323 0.644075
vt 0.216321 0.644075
vt 0.216321 0.630801
vt 0.219323 0.590980
vt 0.216321 0.590980
vt 0.219323 0.657349
vt 0.216321 0.657349
vt 0.219323 0.604254
vt 0.216321 0.604254
vt 0.219323 0.670623
vt 0.216321 0.670623
vt 0.219323 0.617528
vt 0.216321 0.617528
vt 0.219323 0.683897
vt 0.216321 0.683897
vt 0.219323 0.697171
vt 0.216321 0.697171
vt 0.219323 0.710444
vt 0.216321 0.710444
vt 0.219323 0.551159
vt 0.216321 0.551159
vt 0.955391 0.617627
vt 0.980089 0.617627
vt 0.980089 0.634412
vt 0.749024 0.478667
vt 0.769673 0.478660
vt 0.769673 0.531372
vt 0.749089 0.531407
vt 0.159989 0.052610
vt 0.147630 0.052610
vt 0.744839 0.056660
vt 0.744812 0.003906
vt 0.749074 0.004199
vt 0.749078 0.056916
vt 0.744743 0.162392
vt 0.744892 0.109831
vt 0.744819 0.531661
vt 0.744759 0.478664
vt 0.749118 0.425924
vt 0.744868 0.425623
vt 0.749270 0.535868
vt 0.745125 0.536719
vt 0.955391 0.600841
vt 0.980089 0.600841
vt 0.744960 0.578747
vt 0.749190 0.579592
vt 0.744791 0.583838
vt 0.020387 0.971792
vt 0.003908 0.971792
vt 0.003909 0.962710
vt 0.020388 0.962710
vt 0.003913 0.886526
vt 0.020391 0.886528
vt 0.020391 0.895872
vt 0.003912 0.895872
vt 0.003910 0.929291
vt 0.020389 0.929291
vt 0.003906 0.875991
vt 0.008035 0.875002
vt 0.020385 0.983318
vt 0.008026 0.983315
vt 0.069451 0.841693
vt 0.044995 0.841535
vt 0.044995 0.826931
vt 0.069451 0.827273
vt 0.426878 0.483755
vt 0.420561 0.477438
vt 0.420561 0.468505
vt 0.053654 0.767866
vt 0.053656 0.764107
vt 0.070197 0.764084
vt 0.070205 0.767842
vt 0.012170 0.141611
vt 0.012169 0.065352
vt 0.020404 0.127193
vt 0.077575 0.838254
vt 0.070247 0.823888
vt 0.097601 0.854517
vt 0.292533 0.942865
vt 0.298898 0.921800
vt 0.302531 0.933946
vt 0.303438 0.951673
vt 0.300463 0.954534
vt 0.290636 0.946383
vt 0.317324 0.971330
vt 0.313992 0.973779
vt 0.311451 0.975623
vt 0.294465 0.980121
vt 0.720385 0.056033
vt 0.703906 0.056033
vt 0.703906 0.051859
vt 0.720385 0.051859
vt 0.279470 0.939136
vt 0.277972 0.942984
vt 0.749121 0.202320
vt 0.744876 0.202335
vt 0.712041 0.444428
vt 0.707922 0.440307
vt 0.712045 0.402339
vt 0.276719 0.936069
vt 0.295413 0.919347
vt 0.020416 0.030509
vt 0.036894 0.030512
vt 0.036888 0.057115
vt 0.020410 0.057113
vt 0.720385 0.091820
vt 0.703906 0.091820
vt 0.703906 0.042330
vt 0.716265 0.042330
vt 0.716265 0.045409
vt 0.761438 0.579660
vt 0.745931 0.573236
vt 0.739508 0.557727
vt 0.412322 0.477438
vt 0.420561 0.486372
vt 0.412322 0.486372
vt 0.412322 0.495306
vt 0.420561 0.495306
vt 0.420561 0.504239
vt 0.412322 0.504239
vt 0.412322 0.468505
vt 0.284854 0.820798
vt 0.288235 0.829232
vt 0.276708 0.836402
vt 0.986898 0.477028
vt 0.986898 0.425160
vt 0.995137 0.425160
vt 0.995137 0.477028
vt 0.978658 0.477028
vt 0.978658 0.421040
vt 0.986898 0.415948
vt 0.995137 0.415948
vt 0.946480 0.566665
vt 0.946480 0.471564
vt 0.954753 0.488043
vt 0.020421 0.003906
vt 0.036900 0.003910
vt 0.707926 0.396512
vt 0.712046 0.396512
vt 0.707926 0.402339
vt 0.657154 0.444425
vt 0.657155 0.440305
vt 0.662980 0.440303
vt 0.662980 0.444423
vt 0.053119 0.862483
vt 0.016261 0.560225
vt 0.020374 0.522256
vt 0.020385 0.589452
vt 0.053220 0.883145
vt 0.044995 0.883146
vt 0.044995 0.862490
vt 0.804390 0.521263
vt 0.803031 0.516190
vt 0.815154 0.516526
vt 0.816498 0.521543
vt 0.720291 0.338448
vt 0.720289 0.363166
vt 0.712049 0.363165
vt 0.712052 0.338447
vt 0.053223 0.898194
vt 0.044995 0.889267
vt 0.967750 0.584056
vt 0.971870 0.585236
vt 0.044995 0.823522
vt 0.736604 0.583788
vt 0.736674 0.578600
vt 0.744821 0.637091
vt 0.049448 0.811458
vt 0.049448 0.788623
vt 0.740699 0.616425
vt 0.740686 0.593667
vt 0.789586 0.598358
vt 0.785223 0.599527
vt 0.785223 0.576754
vt 0.789586 0.575585
vt 0.784782 0.570854
vt 0.789146 0.569685
vt 0.790027 0.604259
vt 0.785663 0.605428
vt 0.790027 0.612178
vt 0.785663 0.613347
vt 0.790908 0.623975
vt 0.786544 0.625144
vt 0.950129 0.091827
vt 0.949972 0.015568
vt 0.954092 0.015559
vt 0.954249 0.091819
vt 0.949945 0.003917
vt 0.954065 0.003906
vt 0.939052 0.595641
vt 0.947289 0.603883
vt 0.939051 0.603881
vt 0.712049 0.371405
vt 0.707929 0.371404
vt 0.020403 0.141612
vt 0.020402 0.154640
vt 0.012169 0.184146
vt 0.003922 0.171117
vt 0.020401 0.171118
vt 0.003923 0.154638
vt 0.950145 0.133024
vt 0.950142 0.124785
vt 0.954262 0.124783
vt 0.954265 0.133032
vt 0.954252 0.100065
vt 0.950132 0.100066
vt 0.020390 0.618959
vt 0.020392 0.631986
vt 0.012153 0.631988
vt 0.003908 0.602483
vt 0.003906 0.589455
vt 0.012146 0.589454
vt 0.712053 0.330208
vt 0.707932 0.338447
vt 0.707933 0.330207
vt 0.707930 0.363165
vt 0.003911 0.618961
vt 0.020387 0.602480
vt 0.966613 0.104180
vt 0.966619 0.120659
vt 0.333376 0.448836
vt 0.086193 0.448836
vt 0.695571 0.359044
vt 0.695573 0.342565
vt 0.102671 0.020385
vt 0.086193 0.003906
vt 0.333376 0.003906
vt 0.917238 0.003906
vt 0.941956 0.003906
vt 0.941956 0.028625
vt 0.941956 0.267568
vt 0.917238 0.267568
vt 0.941956 0.242850
vt 0.036870 0.291260
vt 0.036868 0.320391
vt 0.020389 0.320390
vt 0.020391 0.291259
vt 0.954065 0.243557
vt 0.949945 0.243550
vt 0.949965 0.231898
vt 0.954085 0.231905
vt 0.512589 0.440281
vt 0.512588 0.444400
vt 0.500936 0.444398
vt 0.500937 0.440278
vt 0.016262 0.477315
vt 0.012143 0.473195
vt 0.020383 0.411024
vt 0.982937 0.113123
vt 0.974698 0.003906
vt 0.982937 0.088405
vt 0.634932 0.701632
vt 0.634929 0.485302
vt 0.643169 0.728366
vt 0.720308 0.632231
vt 0.720289 0.487665
vt 0.724408 0.483544
vt 0.012153 0.283019
vt 0.020392 0.279248
vt 0.769673 0.004200
vt 0.769673 0.056915
vt 0.761432 0.056915
vt 0.761444 0.425946
vt 0.037455 0.965259
vt 0.761433 0.373230
vt 0.769673 0.373230
vt 0.769673 0.425946
vt 0.467198 0.482145
vt 0.569028 0.482145
vt 0.619944 0.570333
vt 0.761444 0.535795
vt 0.765556 0.215083
vt 0.749092 0.215071
vt 0.765553 0.346873
vt 0.769673 0.320515
vt 0.765553 0.320515
vt 0.765553 0.267800
vt 0.769673 0.267800
vt 0.769673 0.109631
vt 0.256469 0.702004
vt 0.231428 0.687546
vt 0.256469 0.644175
vt 0.769673 0.215085
vt 0.740699 0.265954
vt 0.736579 0.265954
vt 0.736579 0.244310
vt 0.740699 0.244310
vt 0.736579 0.222666
vt 0.740699 0.222666
vt 0.740699 0.210256
vt 0.736579 0.210256
vt 0.020404 0.706921
vt 0.024524 0.706920
vt 0.028652 0.760255
vt 0.703906 0.025121
vt 0.716265 0.025121
vt 0.708026 0.016286
vt 0.708026 0.003906
vt 0.716265 0.003906
vt 0.868144 0.250931
vt 0.884464 0.020227
vt 0.884464 0.250931
vt 0.395985 0.826533
vt 0.404225 0.818293
vt 0.634929 0.818293
vt 0.643169 0.826533
vt 0.868144 0.267252
vt 0.793989 0.267252
vt 0.793989 0.250931
vt 0.404225 0.744138
vt 0.777668 0.250931
vt 0.777668 0.020227
vt 0.199811 0.032018
vt 0.195691 0.032018
vt 0.195691 0.028844
vt 0.199811 0.028844
vt 0.199811 0.025096
vt 0.195691 0.025096
vt 0.195691 0.021958
vt 0.199811 0.021958
vt 0.195680 0.044628
vt 0.199800 0.044593
vt 0.199800 0.047766
vt 0.195680 0.047766
vt 0.195691 0.044021
vt 0.199811 0.044021
vt 0.199811 0.047194
vt 0.195691 0.047195
vt 0.219599 0.053485
vt 0.215479 0.053485
vt 0.215479 0.050346
vt 0.219599 0.050346
vt 0.215479 0.047208
vt 0.219599 0.047173
vt 0.215479 0.040895
vt 0.219599 0.040895
vt 0.219599 0.044034
vt 0.215479 0.044034
vt 0.199811 0.047244
vt 0.195691 0.047244
vt 0.195691 0.044105
vt 0.199811 0.044105
vt 0.199811 0.040386
vt 0.195691 0.040386
vt 0.195691 0.037248
vt 0.199811 0.037248
vt 0.180009 0.033306
vt 0.175889 0.033306
vt 0.175889 0.030132
vt 0.180009 0.030132
vt 0.180009 0.028241
vt 0.175889 0.028241
vt 0.175889 0.025103
vt 0.180009 0.025103
vt 0.175889 0.045895
vt 0.180009 0.045895
vt 0.180009 0.049069
vt 0.175889 0.049069
vt 0.175889 0.047172
vt 0.180009 0.047172
vt 0.180009 0.050346
vt 0.175889 0.050346
vt 0.199822 0.049823
vt 0.195702 0.049858
vt 0.195702 0.046684
vt 0.199822 0.046684
vt 0.199811 0.050429
vt 0.195691 0.050429
vt 0.195691 0.047256
vt 0.199811 0.047256
vt 0.180009 0.044099
vt 0.175889 0.044099
vt 0.175889 0.040960
vt 0.180009 0.040960
vt 0.180009 0.039084
vt 0.175889 0.039084
vt 0.175889 0.035945
vt 0.180009 0.035945
vt 0.180009 0.048534
vt 0.175889 0.048534
vt 0.175889 0.045396
vt 0.180009 0.045396
vt 0.180009 0.047278
vt 0.175889 0.047278
vt 0.175889 0.044105
vt 0.180009 0.044105
vt 0.215479 0.037757
vt 0.219599 0.037757
vt 0.215479 0.034618
vt 0.219599 0.034618
vt 0.215479 0.028306
vt 0.219599 0.028306
vt 0.219599 0.031445
vt 0.215479 0.031445
vt 0.210086 0.048112
vt 0.213259 0.048127
vt 0.207867 0.053471
vt 0.169575 0.047227
vt 0.171798 0.044963
vt 0.174937 0.044948
vt 0.196062 0.041812
vt 0.198292 0.047195
vt 0.190665 0.044076
vt 0.634929 0.744138
vt 0.408344 0.740018
vt 0.858703 0.235691
vt 0.855766 0.234490
vt 0.855766 0.226865
vt 0.858703 0.225664
vt 0.858703 0.219827
vt 0.855766 0.218626
vt 0.855766 0.211102
vt 0.858703 0.209901
vt 0.855766 0.218626
vt 0.852866 0.219827
vt 0.852866 0.209901
vt 0.855766 0.211102
vt 0.852866 0.235691
vt 0.852866 0.225664
vt 0.855766 0.226865
vt 0.852866 0.241491
vt 0.855766 0.242692
vt 0.858703 0.204064
vt 0.855766 0.202863
vt 0.053543 0.711111
vt 0.062929 0.720497
vt 0.061294 0.723330
vt 0.050710 0.712747
vt 0.046836 0.698290
vt 0.050710 0.683832
vt 0.053543 0.685468
vt 0.050108 0.698290
vt 0.097958 0.685468
vt 0.100791 0.683832
vt 0.104665 0.698290
vt 0.101394 0.698290
vt 0.100791 0.712747
vt 0.097958 0.711111
vt 0.061294 0.673249
vt 0.075751 0.669375
vt 0.075751 0.672646
vt 0.062929 0.676082
vt 0.090208 0.723330
vt 0.088572 0.720497
vt 0.090208 0.673249
vt 0.088572 0.676082
vt 0.075751 0.723933
vt 0.075751 0.727204
vt 0.230927 0.030492
vt 0.230515 0.032804
vt 0.227765 0.032979
vt 0.229152 0.029109
vt 0.230937 0.035050
vt 0.229544 0.036830
vt 0.238658 0.032593
vt 0.237268 0.036462
vt 0.235494 0.035076
vt 0.235908 0.032764
vt 0.236881 0.028739
vt 0.235486 0.030518
vt 0.233211 0.032783
vt 0.233211 0.030082
vt 0.233211 0.035485
vt 0.233026 0.027337
vt 0.233395 0.038231
vt 0.248161 0.029299
vt 0.247839 0.031069
vt 0.245965 0.030899
vt 0.246881 0.028468
vt 0.247784 0.032105
vt 0.248167 0.033853
vt 0.247097 0.034938
vt 0.246026 0.032564
vt 0.253600 0.030777
vt 0.252646 0.033380
vt 0.251339 0.032683
vt 0.251690 0.030779
vt 0.252424 0.029551
vt 0.253602 0.032124
vt 0.251740 0.032384
vt 0.251273 0.030482
vt 0.252593 0.030254
vt 0.252915 0.031817
vt 0.250960 0.031874
vt 0.251052 0.029904
vt 0.252920 0.031448
vt 0.252601 0.033044
vt 0.251058 0.033407
vt 0.250960 0.031389
vt 0.251018 0.031832
vt 0.250996 0.033748
vt 0.249447 0.033403
vt 0.249067 0.031884
vt 0.251001 0.029537
vt 0.251023 0.031465
vt 0.249068 0.031409
vt 0.249449 0.029889
vt 0.251728 0.028674
vt 0.254020 0.029579
vt 0.253219 0.030866
vt 0.251185 0.030476
vt 0.249011 0.027929
vt 0.251305 0.026920
vt 0.251599 0.028762
vt 0.249586 0.029272
vt 0.251556 0.036260
vt 0.249237 0.035347
vt 0.249607 0.033977
vt 0.251577 0.034357
vt 0.254300 0.033336
vt 0.252035 0.034328
vt 0.251166 0.032801
vt 0.253250 0.032252
vt 0.262529 0.029315
vt 0.262307 0.030526
vt 0.261099 0.030389
vt 0.261687 0.028839
vt 0.262249 0.031921
vt 0.262537 0.033126
vt 0.261806 0.033758
vt 0.261126 0.032250
vt 0.266056 0.030273
vt 0.265453 0.031893
vt 0.264603 0.031454
vt 0.264832 0.030207
vt 0.265337 0.030415
vt 0.266059 0.032004
vt 0.264894 0.032252
vt 0.264584 0.031005
vt 0.266190 0.030527
vt 0.266404 0.031536
vt 0.265139 0.031570
vt 0.265186 0.030303
vt 0.266410 0.031054
vt 0.266198 0.032081
vt 0.265193 0.032311
vt 0.265142 0.031019
vt 0.265175 0.031544
vt 0.265156 0.032791
vt 0.264149 0.032569
vt 0.263913 0.031576
vt 0.265160 0.029808
vt 0.265181 0.031065
vt 0.263916 0.031033
vt 0.264152 0.030034
vt 0.265914 0.029876
vt 0.267422 0.030467
vt 0.266944 0.031309
vt 0.265658 0.031063
vt 0.264151 0.028321
vt 0.265662 0.027654
vt 0.265904 0.028820
vt 0.264613 0.029144
vt 0.265820 0.034795
vt 0.264295 0.034201
vt 0.264615 0.033328
vt 0.265879 0.033570
vt 0.267611 0.031809
vt 0.266120 0.032466
vt 0.265660 0.031419
vt 0.266976 0.031082
vt 0.740699 0.308702
vt 0.736579 0.308702
vt 0.740699 0.355045
vt 0.740699 0.397793
vt 0.736579 0.397793
vt 0.736579 0.355045
vt 0.740699 0.344696
vt 0.736579 0.344696
vt 0.736579 0.338285
vt 0.740699 0.338285
vt 0.736579 0.331873
vt 0.740699 0.331873
vt 0.736579 0.319050
vt 0.740699 0.319050
vt 0.740699 0.325462
vt 0.736579 0.325462
vt 0.869320 0.693778
vt 0.850089 0.668320
vt 0.898151 0.632422
vt 0.319253 0.835493
vt 0.319253 0.792745
vt 0.334877 0.812083
vt 0.143493 0.780502
vt 0.131134 0.780502
vt 0.131134 0.772276
vt 0.143493 0.772276
vt 0.143493 0.789942
vt 0.143493 0.823930
vt 0.135254 0.823930
vt 0.143493 0.753391
vt 0.131134 0.753391
vt 0.131134 0.789942
vt 0.353889 0.019001
vt 0.353889 0.031360
vt 0.341530 0.031360
vt 0.341530 0.010762
vt 0.346100 0.003906
vt 0.358459 0.012146
vt 0.362128 0.019001
vt 0.362128 0.031360
vt 0.155852 0.856887
vt 0.198079 0.844528
vt 0.221768 0.869246
vt 0.131134 0.869246
vt 0.135254 0.856887
vt 0.143493 0.869246
vt 0.797738 0.520387
vt 0.796973 0.515356
vt 0.784422 0.530606
vt 0.782231 0.547247
vt 0.777668 0.548470
vt 0.780524 0.527818
vt 0.791730 0.559628
vt 0.789146 0.564104
vt 0.784782 0.562934
vt 0.786493 0.559971
vt 0.724406 0.392395
vt 0.728548 0.166701
vt 0.342933 0.511353
vt 0.355869 0.463533
vt 0.365233 0.472942
vt 0.368637 0.485771
vt 0.317351 0.485648
vt 0.320818 0.472835
vt 0.330226 0.463471
vt 0.320756 0.498478
vt 0.330119 0.507886
vt 0.980089 0.641121
vt 0.971870 0.650017
vt 0.044995 0.131618
vt 0.086193 0.045103
vt 0.044995 0.045103
vt 0.769673 0.162341
vt 0.102671 0.045103
vt 0.102671 0.069822
vt 0.316897 0.045103
vt 0.366334 0.415879
vt 0.374573 0.045103
vt 0.947289 0.830468
vt 0.143510 0.051481
vt 0.020389 0.875006
vt 0.003906 0.982337
vt 0.442129 0.477438
vt 0.435812 0.483755
vt 0.036883 0.127194
vt 0.073791 0.767842
vt 0.083181 0.879891
vt 0.071580 0.883047
vt 0.323226 0.963412
vt 0.322562 0.967536
vt 0.280560 0.996094
vt 0.720385 0.045409
vt 0.745933 0.542219
vt 0.276678 0.769177
vt 0.387958 0.769128
vt 0.328307 0.777308
vt 0.387960 0.772885
vt 0.337026 0.780682
vt 0.387962 0.777404
vt 0.337031 0.791221
vt 0.284997 0.880452
vt 0.276719 0.861135
vt 0.289078 0.857003
vt 0.298781 0.829487
vt 0.289073 0.840518
vt 0.297278 0.789759
vt 0.958839 0.450965
vt 0.946480 0.446846
vt 0.961382 0.432427
vt 0.946480 0.432427
vt 0.968547 0.436563
vt 0.958839 0.467444
vt 0.961172 0.557032
vt 0.968951 0.576145
vt 0.968547 0.539523
vt 0.972201 0.543178
vt 0.967007 0.543178
vt 0.069451 0.886938
vt 0.052964 0.886864
vt 0.012142 0.564346
vt 0.016255 0.522256
vt 0.980089 0.585236
vt 0.955391 0.584056
vt 0.045368 0.784340
vt 0.045368 0.776388
vt 0.044995 0.815661
vt 0.736579 0.589390
vt 0.736597 0.628599
vt 0.736592 0.620683
vt 0.003924 0.141611
vt 0.020400 0.184146
vt 0.003921 0.184145
vt 0.003913 0.631989
vt 0.316897 0.020385
vt 0.012150 0.328629
vt 0.036862 0.411025
vt 0.991176 0.088405
vt 0.991176 0.113123
vt 0.982937 0.211997
vt 0.974698 0.220236
vt 0.982936 0.012146
vt 0.630809 0.485302
vt 0.610211 0.464704
vt 0.643169 0.452345
vt 0.610211 0.460584
vt 0.404225 0.460584
vt 0.395985 0.452345
vt 0.634932 0.736606
vt 0.595836 0.736605
vt 0.606390 0.712186
vt 0.630812 0.701632
vt 0.724401 0.434483
vt 0.728521 0.434483
vt 0.728548 0.640469
vt 0.036871 0.279249
vt 0.044559 0.906213
vt 0.058188 0.916796
vt 0.053903 0.906101
vt 0.026654 0.969283
vt 0.606301 0.621248
vt 0.569029 0.658521
vt 0.518113 0.672164
vt 0.467198 0.658521
vt 0.429925 0.621248
vt 0.416282 0.570333
vt 0.429925 0.519417
vt 0.518113 0.468502
vt 0.606301 0.519417
vt 0.761433 0.346873
vt 0.227554 0.673089
vt 0.231428 0.658632
vt 0.242012 0.648049
vt 0.270926 0.648049
vt 0.281509 0.658632
vt 0.285383 0.673089
vt 0.281509 0.687546
vt 0.270926 0.698130
vt 0.242012 0.698130
vt 0.036892 0.760254
vt 0.036900 0.811971
vt 0.012182 0.811975
vt 0.028643 0.706920
vt 0.703906 0.016286
vt 0.213259 0.055704
vt 0.210086 0.055690
vt 0.207867 0.050332
vt 0.177201 0.047172
vt 0.177201 0.050346
vt 0.174937 0.044948
vt 0.177201 0.050346
vt 0.174992 0.052575
vt 0.171819 0.052575
vt 0.169575 0.047227
vt 0.171819 0.052575
vt 0.169589 0.050366
vt 0.169575 0.047227
vt 0.177201 0.050346
vt 0.198292 0.044021
vt 0.198292 0.047195
vt 0.196062 0.041812
vt 0.198292 0.047195
vt 0.196083 0.049424
vt 0.192909 0.049424
vt 0.190665 0.044076
vt 0.192909 0.049424
vt 0.190680 0.047215
vt 0.198292 0.047194
vt 0.192909 0.049424
vt 0.190665 0.044076
vt 0.190665 0.044076
vt 0.192889 0.041812
vt 0.196062 0.041812
vt 0.404225 0.560031
vt 0.408345 0.560031
vt 0.858703 0.241491
vt 0.851665 0.207001
vt 0.852866 0.209901
vt 0.852866 0.219827
vt 0.851665 0.222765
vt 0.852866 0.225664
vt 0.851665 0.238591
vt 0.852866 0.225664
vt 0.851665 0.207001
vt 0.851665 0.222765
vt 0.852866 0.204064
vt 0.855766 0.202862
vt 0.852865 0.204064
vt 0.851665 0.207001
vt 0.859904 0.238591
vt 0.859904 0.222765
vt 0.858703 0.225664
vt 0.859904 0.207001
vt 0.858703 0.209901
vt 0.859904 0.207001
vt 0.859904 0.207001
vt 0.851665 0.222765
vt 0.851665 0.222765
vt 0.859904 0.222765
vt 0.859904 0.207001
vt 0.852866 0.204064
vt 0.855766 0.202862
vt 0.859904 0.207001
vt 0.858703 0.204064
vt 0.870853 0.830468
vt 0.874392 0.781044
vt 0.861894 0.821924
vt 0.864495 0.778018
vt 0.869394 0.761996
vt 0.859548 0.773940
vt 0.889053 0.702671
vt 0.891788 0.724141
vt 0.817518 0.608003
vt 0.887597 0.608003
vt 0.817518 0.622905
vt 0.812817 0.631047
vt 0.858934 0.767558
vt 0.863012 0.762610
vt 0.879290 0.765022
vt 0.856911 0.693778
vt 0.328146 0.914728
vt 0.319253 0.894996
vt 0.347518 0.891484
vt 0.319253 0.852248
vt 0.329601 0.852248
vt 0.361484 0.913835
vt 0.349616 0.917464
vt 0.335525 0.849794
vt 0.337978 0.843871
vt 0.345678 0.838805
vt 0.346018 0.818437
vt 0.370425 0.792264
vt 0.341846 0.818582
vt 0.335525 0.837947
vt 0.329601 0.835493
vt 0.327150 0.796707
vt 0.135254 0.844528
vt 0.131134 0.844528
vt 0.143493 0.856887
vt 0.164092 0.844528
vt 0.207237 0.846821
vt 0.213322 0.852356
vt 0.720286 0.388274
vt 0.720310 0.158461
s 1
usemtl bb
f 269/241/24 272/242/24 271/243/25
f 158/244/26 166/245/26 170/246/26
s 0
f 168/247/27 171/248/27 170/249/27 169/250/27
s 1
f 250/251/28 254/252/29 199/253/30
s 0
f 394/254/31 395/255/31 397/256/31 396/257/31
s 1
f 196/258/32 192/259/33 195/260/33 197/261/32
s 0
f 439/262/26 438/263/26 162/264/26 163/265/26
s 1
f 393/266/31 178/267/31 158/244/31
f 189/268/34 180/269/34 190/270/34
s 0
f 187/271/27 188/272/27 189/273/27 190/274/27
s 1
f 174/275/35 312/276/35 332/277/35
f 249/278/36 410/279/37 408/280/32 256/281/38
f 235/282/39 223/283/39 224/284/40 236/285/40
f 226/286/35 213/287/35 214/288/41 225/289/41
f 232/290/37 220/291/37 221/292/42 233/293/42
f 229/294/43 217/295/43 218/296/44 230/297/44
f 236/285/40 224/284/40 213/287/35 226/286/35
f 225/289/41 214/288/41 215/298/45 227/299/45
f 233/293/42 221/292/42 222/300/26 234/301/26
f 230/297/44 218/296/44 219/302/32 231/303/32
f 227/299/45 215/298/45 216/304/34 228/305/34
f 234/301/26 222/300/26 223/283/39 235/282/39
f 231/306/32 219/307/32 220/291/37 232/290/37
f 228/305/34 216/304/34 217/295/43 229/294/43
f 205/308/46 206/309/46 201/310/46
f 206/311/44 205/312/43 241/313/43 242/314/44
f 201/315/35 212/316/40 248/317/40 238/318/35
f 205/312/43 204/319/34 240/320/34 241/313/43
f 212/316/40 211/321/39 247/322/39 248/317/40
f 204/319/34 203/323/45 239/324/45 240/320/34
f 211/321/39 210/325/26 246/326/26 247/322/39
f 203/323/45 202/327/41 237/328/41 239/324/45
f 210/325/26 209/329/42 245/330/42 246/326/26
f 202/327/41 201/315/35 238/318/35 237/328/41
f 209/329/42 208/331/37 244/332/37 245/330/42
f 208/331/37 207/333/32 243/334/32 244/332/37
f 207/335/32 206/311/44 242/314/44 243/336/32
f 268/337/47 346/338/47 348/339/26 271/243/48
f 255/340/49 413/341/26 407/342/42 253/343/50
f 192/259/33 200/344/37 252/345/37
f 258/346/51 283/347/52 256/348/38 257/349/53
f 260/350/54 259/351/55 254/252/29 250/251/28
f 255/340/49 253/343/50 262/352/56 263/353/57
f 252/354/58 255/340/49 263/353/57 264/355/59
f 253/343/50 269/356/60 270/357/61 262/352/56
f 265/358/32 345/359/32 346/338/47 268/337/47
f 285/360/62 266/361/60 249/278/36 284/362/63
s 0
f 279/363/64 278/364/64 277/365/64 280/366/64
f 275/367/65 274/368/65 281/369/65 276/370/65
f 309/371/66 276/370/66 281/369/66 310/372/66
s 1
f 275/367/26 258/373/26 257/374/26
f 279/363/67 199/375/67 254/376/67
f 289/377/68 351/378/69 353/379/70 291/380/70
f 320/381/46 323/382/46 324/383/46
s 0
f 356/384/34 282/385/34 194/386/34 287/387/34
s 1
f 378/388/26 371/389/48 197/390/26
f 289/391/46 288/392/46 293/393/46
f 295/394/46 307/395/46 251/396/46
f 295/394/37 261/397/71 301/398/71 302/399/37
f 301/398/71 261/397/71 305/400/42 296/401/42
f 304/402/46 303/403/46 301/398/46
f 313/404/72 435/405/72 434/406/73 314/407/73
f 308/408/74 295/394/37 302/399/37 300/409/74
f 307/410/75 306/411/76 260/350/54 250/251/28
f 338/412/46 335/413/46 340/414/46
s 0
f 308/408/77 299/415/77 306/416/77 307/395/77
f 277/365/78 309/371/78 310/372/78 280/366/78
s 1
f 334/417/79 333/418/79 311/419/80 370/420/80
f 251/421/81 431/422/82 435/405/72 313/404/72
f 433/423/83 304/424/83 296/425/44
f 273/426/46 265/427/46 268/428/46
f 318/429/84 323/382/84 320/430/34 317/431/34
f 316/432/85 321/433/85 322/434/86 315/435/86
f 319/436/87 324/383/87 323/382/84 318/429/84
f 317/431/34 320/430/34 321/433/85 316/432/85
f 277/437/46 278/438/46 382/439/46
s 0
f 327/440/35 325/441/35 326/442/35 328/443/35
f 327/440/46 331/444/46 329/445/46 325/441/46
f 325/441/88 329/446/88 330/447/88 326/442/88
s 1
f 286/448/46 377/449/46 263/450/46
f 332/451/89 312/452/89 333/418/79 334/417/79
s 0
f 342/453/90 344/454/90 340/414/90 339/455/90
f 341/456/91 343/457/91 336/458/91 337/459/91
s 1
f 290/460/92 351/378/69 289/377/68
f 339/461/34 176/462/34 382/463/34
f 290/460/92 267/464/93 350/465/93 349/466/94
s 0
f 358/467/95 360/468/95 359/469/95 270/470/95
s 1
f 386/471/26 385/472/26 193/473/26 191/474/26
f 267/464/93 359/475/96 360/476/96 350/465/93
f 265/358/32 266/477/87 285/478/87
f 291/380/70 353/379/70 352/479/41 288/392/41
f 285/360/62 284/362/63 354/480/37 347/481/47
f 249/278/36 256/281/38 283/482/52 284/362/63
f 288/392/41 362/483/97 363/484/97
f 368/485/33 361/486/33 284/362/63
s 0
f 368/487/46 363/488/46 362/489/46 361/490/46
f 365/491/98 366/492/98 361/490/98 362/489/98
f 367/493/99 364/494/99 363/488/99 368/487/99
f 364/494/46 367/493/46 357/495/46 355/496/46
f 283/497/100 356/498/100 355/496/100 357/495/100
f 374/499/101 369/500/101 371/501/101 378/502/101
f 371/501/102 369/500/102 373/503/102 370/504/102
f 188/505/103 187/506/103 372/507/103
f 385/508/46 344/454/46 342/453/46 389/509/46
s 1
f 378/388/104 376/510/104 384/511/104
f 387/512/105 165/513/105 383/514/105
s 0
f 165/513/26 164/515/26 384/511/26 383/514/26
f 375/516/35 175/517/35 160/518/35 387/519/35
f 157/520/32 172/521/32 374/499/32 378/502/32
s 1
f 379/522/106 381/523/106 388/524/106
f 185/525/107 179/526/107 389/527/107
s 0
f 386/528/32 191/474/32 177/529/32 388/530/32
f 389/509/35 179/531/35 193/473/35 385/508/35
f 379/522/34 183/532/34 185/525/34 380/533/34
s 1
f 157/520/46 164/534/46 165/535/46
s 0
f 158/244/35 178/267/35 186/536/35 166/537/35
s 1
f 179/531/46 185/538/46 183/539/46
f 394/540/32 161/541/32 181/542/32
s 0
f 395/543/26 391/544/26 393/545/26 397/256/26
f 390/546/34 394/547/34 396/257/34 392/548/34
f 397/256/32 393/545/32 392/548/32 396/257/32
f 294/549/47 293/550/47 399/551/47 404/552/47
f 404/553/108 401/554/108 400/555/108 405/556/108
f 398/557/109 403/558/109 402/559/109 399/560/109
s 1
f 336/561/110 343/562/111 282/563/32
s 0
f 403/558/112 398/557/112 343/457/112 341/456/112
f 405/556/113 400/555/113 375/516/113 387/519/113
s 1
f 375/564/114 373/565/34 374/566/115
f 373/567/116 401/568/46 189/569/46
f 403/570/117 341/571/117 337/572/117
f 405/573/26 387/512/26 286/574/26
f 408/575/32 409/576/118 198/577/119
f 255/340/49 252/354/58 200/578/120
f 280/366/46 310/372/46 199/579/46
f 200/578/120 406/580/40 416/581/40 414/582/39
f 416/583/46 418/584/46 411/585/46
f 272/586/47 407/342/42 410/279/37
f 431/587/82 251/588/81 307/410/75
f 420/589/121 417/590/35 416/581/40
f 421/591/35 422/592/41 418/593/41 417/590/35
f 199/253/30 198/577/119 409/576/118 415/594/43
f 214/595/31 224/596/31 220/597/31
f 422/592/41 431/587/82 412/598/45 418/593/41
f 423/599/122 427/600/122 428/601/123 425/602/123
f 425/602/124 428/601/124 426/603/125 424/604/125
f 419/605/26 424/604/125 426/603/125 420/606/26
f 299/607/34 308/608/34 298/609/34
f 304/424/83 433/423/83 432/610/126 303/611/126
f 429/612/127 297/613/127 298/614/127
s 0
f 436/615/35 439/262/35 163/616/35 184/617/35
s 1
f 161/618/46 162/619/46 182/620/46 181/621/46
s 0
f 184/622/34 182/623/34 437/624/34 436/615/34
s 1
f 171/248/46 168/247/46 163/625/46
s 0
f 438/263/32 437/624/32 182/626/32 162/627/32
s 1
f 457/628/128 484/629/128 483/630/129 460/631/129
f 460/632/129 483/633/129 482/634/130 459/635/130
f 480/636/131 461/637/132 463/638/133 481/639/133
f 481/640/133 463/641/133 459/642/130 482/643/130
f 444/644/32 466/645/32 465/646/134 445/647/134
f 445/647/134 465/646/134 464/648/131 446/649/132
f 470/650/35 441/651/35 447/652/135 471/653/135
f 471/653/135 447/652/135 446/649/132 464/648/131
f 456/654/136 485/655/136 486/656/79 458/657/79
f 458/658/79 486/659/79 484/660/128 457/661/128
f 449/662/128 475/663/128 474/664/129 452/665/129
f 452/666/129 474/667/129 473/668/130 451/669/130
f 478/670/137 453/671/137 455/672/84 472/673/84
f 472/674/84 455/675/84 451/676/130 473/677/130
f 461/678/132 480/679/131 487/680/138 462/681/138
f 462/682/138 487/683/138 485/684/136 456/685/136
f 448/686/136 476/687/136 477/688/79 450/689/79
f 450/690/79 477/691/79 475/692/128 449/693/128
f 453/694/137 478/695/137 479/696/139 454/697/139
f 454/698/139 479/699/139 476/700/136 448/701/136
f 441/651/35 470/650/35 469/702/79 443/703/79
f 443/703/79 469/702/79 468/704/128 442/705/128
f 466/706/32 444/707/32 440/708/129 467/709/129
f 467/709/129 440/708/129 442/705/128 468/704/128
f 471/710/46 464/711/46 469/712/46
f 476/713/46 479/714/46 478/715/46
f 480/716/46 482/717/46 485/718/46
f 184/719/46 187/271/46 190/274/46
f 163/625/46 168/247/46 173/720/46
f 445/721/46 446/722/46 449/723/46 452/724/46
f 455/725/46 453/726/46 457/727/46 460/728/46
f 453/729/46 454/730/46 458/731/46 457/732/46
f 446/722/46 447/733/46 450/734/46 449/735/46
f 436/615/46 443/736/46 442/737/46
f 463/738/46 461/739/46 439/262/46
f 245/740/46 244/741/46 232/742/46 233/743/46
f 234/744/46 235/745/46 247/746/46 246/747/46
f 239/748/46 227/749/46 228/750/46 240/751/46
f 228/750/46 229/752/46 241/753/46 240/751/46
f 236/754/46 226/755/46 238/756/46 248/757/46
f 229/752/46 230/758/46 242/759/46 241/753/46
f 238/756/46 226/755/46 225/760/46 237/761/46
f 234/744/46 246/747/46 245/740/46 233/743/46
f 244/741/46 243/762/46 231/763/46 232/742/46
f 236/754/46 248/757/46 247/746/46 235/745/46
f 225/760/46 227/749/46 239/748/46 237/761/46
f 243/762/46 242/759/46 230/758/46 231/763/46
f 488/764/140 493/765/109 500/766/141 492/767/142
f 493/765/109 489/768/143 494/769/144 500/766/141
f 501/770/145 496/771/146 491/772/147 497/773/100
f 495/774/148 501/770/145 497/773/100 490/775/149
f 490/775/149 497/773/100 502/776/46 498/777/95
f 497/773/100 491/772/147 499/778/27 502/776/46
f 502/776/46 499/778/27 489/768/143 493/765/109
f 498/777/95 502/776/46 493/765/109 488/764/140
f 503/779/150 495/774/148 490/775/149 498/777/95
f 492/767/142 503/779/150 498/777/95 488/764/140
f 504/780/151 494/769/144 489/768/143 499/778/27
f 496/771/146 504/780/151 499/778/27 491/772/147
f 505/781/152 510/782/109 517/783/141 509/784/142
f 510/785/109 506/786/153 511/787/144 517/788/141
f 518/789/145 513/790/146 508/791/147 514/792/100
f 512/793/148 518/794/145 514/795/100 507/796/149
f 507/797/149 514/798/100 519/799/46 515/800/95
f 514/801/100 508/802/147 516/803/27 519/804/46
f 519/805/46 516/806/27 506/807/153 510/808/109
f 515/809/95 519/810/46 510/811/109 505/812/152
f 520/813/150 512/814/148 507/815/149 515/816/95
f 509/817/142 520/818/150 515/819/95 505/820/152
f 521/821/151 511/822/144 506/823/153 516/824/27
f 513/825/146 521/826/151 516/827/27 508/828/147
f 522/829/152 527/830/109 534/831/141 526/832/142
f 527/833/109 523/834/153 528/835/144 534/836/141
f 535/837/145 530/838/146 525/839/147 531/840/100
f 529/841/148 535/842/145 531/843/100 524/844/149
f 524/845/149 531/846/100 536/847/46 532/848/95
f 531/849/100 525/850/147 533/851/27 536/852/46
f 536/853/46 533/854/27 523/855/153 527/856/109
f 532/857/95 536/858/46 527/859/109 522/860/152
f 537/861/150 529/862/148 524/863/149 532/864/95
f 526/865/142 537/866/150 532/867/95 522/868/152
f 538/869/151 528/870/144 523/871/153 533/872/27
f 530/873/146 538/874/151 533/875/27 525/876/147
f 423/599/122 540/877/154 541/878/154 427/600/122
s 0
f 539/879/154 429/880/154 430/881/154 542/882/154
s 1
f 545/883/155 548/884/155 549/885/156 547/886/156
f 547/886/156 549/885/156 551/887/154 546/888/154
f 550/889/157 543/890/157 544/891/158 552/892/158
f 552/892/158 544/891/158 546/888/154 551/887/154
f 541/878/159 540/877/159 543/890/157 550/889/157
f 424/893/46 406/894/46 333/895/46
f 539/879/160 542/882/160 548/884/155 545/883/155
f 542/896/46 430/897/46 433/898/46
f 562/899/161 563/900/161 559/901/162 561/902/162
f 560/903/163 564/904/35 568/905/35
f 553/906/164 561/902/162 559/901/162 554/907/164
f 560/903/163 558/908/163 563/900/161 562/899/161
s 0
f 570/909/46 569/910/46 567/911/46 568/912/46
f 564/913/165 566/914/165 570/909/165 568/912/165
f 566/915/35 565/916/35 569/910/35 570/909/35
s 1
f 566/917/46 560/918/46 553/919/46
f 556/920/26 569/921/26 555/922/26
f 360/468/46 358/467/46 348/923/46 350/924/46
f 346/925/46 345/926/46 351/927/46 349/928/46
f 347/929/46 354/930/46 352/931/46 353/932/46
f 348/923/46 346/925/46 349/928/46 350/924/46
f 353/932/46 351/927/46 345/926/46 347/929/46
f 365/491/46 352/931/46 354/930/46 366/492/46
f 340/933/26 386/471/26 169/934/26
f 206/309/46 207/935/46 201/310/46
f 201/310/46 202/936/46 205/308/46
f 202/936/46 203/937/46 205/308/46
f 203/937/46 204/938/46 205/308/46
f 210/939/46 211/940/46 212/941/46
f 209/942/46 210/939/46 212/941/46 208/943/46
f 207/935/46 208/943/46 212/941/46 201/310/46
f 271/243/48 348/339/26 358/944/24
f 358/944/24 270/945/24 271/243/48
f 270/945/24 269/241/24 271/243/25
f 170/246/26 171/946/26 159/947/26
f 171/946/26 161/948/26 159/947/26
f 159/947/26 158/244/26 170/246/26
f 199/253/30 415/594/43 411/949/34
f 411/949/34 250/251/28 199/253/30
f 159/947/31 390/950/31 392/951/31
f 393/266/31 391/952/31 180/269/31
f 158/244/31 159/947/31 392/951/31
f 393/266/31 180/269/31 178/267/31
f 158/244/31 392/951/31 393/266/31
f 189/268/34 186/953/34 178/267/34
f 178/267/34 180/269/34 189/268/34
f 180/269/34 181/954/34 190/270/34
f 332/277/35 372/507/35 187/506/35
f 187/506/35 173/955/35 332/277/35
f 173/955/35 174/275/35 332/277/35
f 252/345/37 264/956/37 195/260/33
f 195/260/33 192/259/33 252/345/37
f 198/957/26 274/368/26 257/374/26
f 274/368/26 275/367/26 257/374/26
f 259/958/67 278/364/67 254/376/67
f 278/364/67 279/363/67 254/376/67
f 324/383/46 322/959/46 321/960/46
f 321/960/46 320/381/46 324/383/46
f 370/420/26 311/419/48 371/389/48
f 311/419/48 196/961/26 371/389/48
f 197/390/26 376/510/26 378/388/26
f 196/961/26 197/390/26 371/389/48
f 289/391/46 291/380/46 288/392/46
f 288/392/46 287/387/46 194/962/46
f 194/962/46 293/393/46 288/392/46
f 293/393/46 294/963/46 289/391/46
f 294/963/46 292/964/46 289/391/46
f 251/396/46 313/965/46 261/397/46
f 313/965/46 314/966/46 305/400/46
f 261/397/46 313/965/46 305/400/46
f 295/394/46 308/408/46 307/395/46
f 261/397/46 295/394/46 251/396/46
f 303/403/46 298/967/46 300/409/46
f 300/409/46 302/399/46 303/403/46
f 302/399/46 301/398/46 303/403/46
f 301/398/46 296/401/46 304/402/46
f 338/412/46 337/459/166 335/413/46
f 337/459/166 336/458/167 335/413/46
f 335/413/46 339/455/46 340/414/46
f 305/968/44 314/407/73 296/425/44
f 314/407/73 434/406/73 296/425/44
f 434/406/73 433/423/83 296/425/44
f 271/969/46 272/586/46 268/428/46
f 272/586/46 273/426/46 268/428/46
f 176/970/46 282/971/46 276/972/46
f 282/971/46 356/973/46 275/974/168
f 276/972/46 282/971/46 275/974/168
f 356/973/46 283/975/46 275/974/168
f 283/975/46 258/976/169 275/974/46
f 306/416/46 299/415/46 260/977/46
f 299/415/46 381/978/46 260/977/46
f 260/977/46 381/978/46 379/979/46
f 259/980/46 260/977/46 379/979/46
f 259/980/46 379/979/46 380/981/46
f 176/970/46 276/972/46 309/982/46
f 259/980/46 380/981/46 278/438/46
f 380/981/46 382/439/46 278/438/46
f 382/439/46 176/970/46 277/437/46
f 176/970/46 309/982/46 277/437/46
f 384/983/46 376/984/46 195/985/46
f 376/984/46 197/986/46 195/985/46
f 195/985/46 264/987/46 384/983/46
f 383/988/46 384/983/46 264/987/46
f 383/988/46 264/987/46 263/450/46
f 267/989/46 290/990/46 286/448/46
f 262/991/46 270/992/46 359/993/46
f 359/993/46 267/989/46 286/448/46
f 377/449/46 383/988/46 263/450/46
f 263/450/46 262/991/46 359/993/46
f 359/993/46 286/448/46 263/450/46
f 289/377/68 292/994/170 290/460/92
f 292/994/170 286/995/170 290/460/92
f 290/460/92 349/466/94 351/378/69
f 382/463/34 389/527/34 342/996/34
f 339/461/34 335/997/34 176/462/34
f 382/463/34 342/996/34 339/461/34
f 347/998/87 345/359/32 285/478/87
f 345/359/32 265/358/32 285/478/87
f 265/358/32 273/999/87 266/477/87
f 363/484/97 364/1000/97 355/1001/97
f 355/1001/97 356/384/97 363/484/97
f 356/384/97 287/387/97 363/484/97
f 287/387/97 288/392/41 363/484/97
f 288/392/41 352/479/41 362/483/97
f 352/479/41 365/1002/97 362/483/97
f 361/486/33 366/1003/33 284/362/63
f 366/1003/33 354/480/37 284/362/63
f 283/482/52 357/1004/33 368/485/33
f 357/1004/33 367/1005/33 368/485/33
f 283/482/52 368/485/33 284/362/63
f 384/511/104 164/515/104 378/388/104
f 164/515/104 157/1006/104 378/388/104
f 383/514/105 377/1007/105 387/512/105
f 387/512/105 160/1008/105 165/513/105
f 388/524/106 177/1009/106 183/532/106
f 183/532/106 379/522/106 388/524/106
f 382/463/107 380/533/107 389/527/107
f 380/533/107 185/525/107 389/527/107
f 165/535/46 160/518/46 157/520/46
f 160/518/46 175/517/46 157/520/46
f 175/517/46 172/521/46 157/520/46
f 183/539/46 177/529/46 179/531/46
f 177/529/46 191/474/46 179/531/46
f 191/474/46 193/473/46 179/531/46
f 394/540/32 390/950/32 159/947/32
f 181/542/32 180/269/32 395/1010/32
f 180/269/32 391/952/32 395/1010/32
f 394/540/32 159/947/32 161/541/32
f 181/542/32 395/1010/32 394/540/32
f 343/562/111 398/1011/32 282/563/32
f 398/1011/32 399/551/32 293/550/32
f 282/563/32 398/1011/32 194/1012/32
f 293/550/32 194/1012/32 398/1011/32
f 282/563/32 176/462/171 336/561/110
f 176/462/171 335/997/171 336/561/110
f 374/566/115 172/1013/172 175/1014/172
f 375/564/34 400/1015/173 401/1016/173
f 374/566/115 175/1014/172 375/564/114
f 373/565/34 369/1017/172 374/566/115
f 375/564/114 401/1016/115 373/565/34
f 404/1018/46 399/1019/46 186/1020/46
f 399/1019/46 402/1021/46 186/1020/46
f 167/1022/46 169/250/46 170/249/46
f 401/568/46 404/1018/46 186/1020/46
f 167/1022/46 170/249/46 166/1023/46
f 402/1021/46 167/1022/46 166/1023/46
f 186/1020/46 189/569/46 401/568/46
f 189/569/46 188/272/46 373/567/116
f 188/272/174 372/1024/175 332/1025/174
f 332/1025/174 334/1026/174 188/272/174
f 334/1026/174 370/1027/46 188/272/174
f 370/1027/46 373/567/46 188/272/174
f 402/1021/46 166/1023/46 186/1020/46
f 337/572/176 338/1028/176 167/1029/176
f 167/1029/176 402/1030/35 337/572/176
f 402/1030/35 403/570/35 337/572/176
f 387/512/26 377/1007/26 286/574/26
f 286/574/26 292/1031/26 294/549/26
f 294/549/26 404/552/26 286/574/26
f 404/552/26 405/573/26 286/574/26
f 257/349/53 256/348/38 198/577/119
f 256/348/38 408/575/32 198/577/119
f 200/578/120 414/582/39 413/341/26
f 413/341/26 255/340/49 200/578/120
f 310/372/46 281/1032/46 198/1033/46
f 281/1032/46 274/1034/177 198/1033/46
f 198/1033/46 199/579/46 310/372/46
f 199/579/46 279/1035/46 280/366/46
f 411/585/46 415/1036/46 409/1037/46
f 409/1037/46 408/1038/46 410/1039/46
f 410/1039/46 407/1040/46 416/583/46
f 407/1040/46 413/1041/46 416/583/46
f 413/1041/46 414/1042/46 416/583/46
f 416/583/46 417/1043/46 418/584/46
f 418/584/46 412/1044/46 411/585/46
f 411/585/46 409/1037/46 416/583/46
f 409/1037/46 410/1039/46 416/583/46
f 272/586/47 269/356/60 253/343/50
f 410/279/37 249/278/36 273/426/47
f 249/278/36 266/361/60 273/426/47
f 272/586/47 253/343/50 407/342/42
f 410/279/37 273/426/47 272/586/47
f 307/410/75 250/251/28 411/949/34
f 411/949/34 412/598/45 307/410/75
f 412/598/45 431/587/82 307/410/75
f 416/581/40 406/580/40 420/589/121
f 406/580/40 419/1045/121 420/589/121
f 420/589/121 421/591/35 417/590/35
f 224/596/31 223/1046/31 222/1047/31
f 222/1047/31 221/1048/31 220/597/31
f 220/597/31 219/1049/31 218/1050/31
f 218/1050/31 217/1051/31 216/1052/31
f 216/1052/31 215/1053/31 214/595/31
f 214/595/31 213/1054/31 224/596/31
f 224/596/31 222/1047/31 220/597/31
f 220/597/31 218/1050/31 216/1052/31
f 216/1052/31 214/595/31 220/597/31
f 298/609/34 297/1055/34 174/1056/34
f 173/1057/34 388/524/34 299/607/34
f 388/524/34 381/523/34 299/607/34
f 298/609/34 174/1056/34 173/1057/34
f 308/608/34 300/1058/34 298/609/34
f 173/1057/34 299/607/34 298/609/34
f 298/614/127 303/611/127 429/612/127
f 303/611/127 432/610/127 429/612/127
f 432/610/127 430/1059/127 429/612/127
f 163/625/46 162/619/46 171/248/46
f 162/619/46 161/618/46 171/248/46
f 465/646/46 466/645/46 467/1060/46
f 467/1060/46 468/1061/46 465/646/46
f 468/1061/46 469/712/46 464/711/46
f 465/646/46 468/1061/46 464/711/46
f 469/712/46 470/1062/46 471/710/46
f 472/1063/46 473/1064/46 478/1065/46
f 473/1066/46 474/1067/46 475/1068/46
f 478/715/46 475/1068/46 476/1069/46
f 475/1070/46 477/1071/46 476/1072/46
f 473/1073/46 475/1068/46 478/1065/46
f 481/1074/46 482/1075/46 480/1076/46
f 482/1077/46 483/1078/46 484/1079/46
f 485/1080/46 484/1081/46 486/1082/46
f 482/1083/46 484/1084/46 485/1085/46
f 485/1086/46 487/1087/46 480/1088/46
f 181/621/46 182/620/46 190/274/46
f 182/620/46 184/719/46 190/274/46
f 187/271/46 184/719/46 173/720/46
f 184/719/46 163/625/46 173/720/46
f 168/247/46 386/1089/46 173/720/46
f 386/1089/46 388/1090/46 173/720/46
f 436/615/46 437/624/46 443/736/46
f 442/737/46 440/1091/46 436/615/46
f 456/1092/46 458/1093/46 454/1094/46
f 448/1095/46 450/1096/46 441/1097/46
f 450/1098/46 447/733/46 441/1097/46
f 456/1099/46 454/1094/46 448/1100/46
f 441/1097/46 443/736/46 437/624/46
f 437/624/46 438/263/46 462/1101/46
f 438/263/46 439/262/46 461/1102/46
f 437/624/46 462/1103/46 456/1104/46
f 436/615/46 440/1091/46 444/1105/46
f 444/1105/46 445/721/46 451/1106/46
f 445/721/46 452/1107/46 451/1106/46
f 451/1106/46 455/725/46 459/1108/46
f 455/725/46 460/1109/46 459/1110/46
f 439/262/46 436/615/46 459/1111/46
f 436/615/46 444/1105/46 451/1106/46
f 448/1112/46 441/1097/46 437/624/46
f 456/1092/46 448/1113/46 437/624/46
f 436/615/46 451/1114/46 459/1115/46
f 462/1116/46 438/263/46 461/1117/46
f 439/262/46 459/1118/46 463/1119/46
f 174/275/46 297/1120/46 539/1121/46
f 297/1120/46 429/1122/46 539/1121/46
f 539/1121/46 545/1123/46 543/1124/46
f 545/1123/46 547/1125/46 543/1124/46
f 333/895/46 312/276/46 425/1126/46
f 312/276/46 174/275/46 423/1127/46
f 425/1126/46 312/276/46 423/1127/46
f 196/1128/46 311/1129/46 192/1130/46
f 311/1129/46 333/895/46 406/894/46
f 192/1130/46 311/1129/46 406/894/46
f 406/894/46 200/1131/46 192/1130/46
f 547/1125/46 546/1132/46 543/1124/46
f 546/1132/46 544/1133/46 543/1124/46
f 543/1124/46 540/1134/46 539/1121/46
f 539/1121/46 540/1134/46 174/275/46
f 540/1134/46 423/1127/46 174/275/46
f 424/893/46 419/1135/46 406/894/46
f 425/1126/46 424/893/46 333/895/46
f 428/1136/46 427/1137/46 421/1138/46
f 427/1137/46 541/1139/46 550/1140/46
f 427/1137/46 550/1140/46 421/1138/46
f 420/1141/46 426/1142/46 421/1138/46
f 426/1142/46 428/1136/46 421/1138/46
f 550/1140/46 552/1143/46 421/1138/46
f 552/1143/46 551/1144/46 422/1145/46
f 421/1138/46 552/1143/46 422/1145/46
f 435/1146/46 431/1147/46 422/1145/46
f 434/1148/46 435/1146/46 422/1145/46
f 422/1145/46 551/1144/46 549/1149/46
f 433/898/46 434/1148/46 548/1150/46
f 434/1148/46 422/1145/46 549/1149/46
f 548/1150/46 434/1148/46 549/1149/46
f 430/897/46 432/1151/46 433/898/46
f 548/1150/46 542/896/46 433/898/46
f 567/1152/35 557/1153/35 568/905/35
f 557/1153/35 558/908/163 568/905/35
f 558/908/163 560/903/163 568/905/35
f 553/919/46 555/922/46 566/917/46
f 555/922/46 565/1154/46 566/917/46
f 566/917/46 564/1155/46 560/918/46
f 562/1156/46 561/1157/46 560/918/46
f 561/1157/46 553/919/46 560/918/46
f 556/920/26 557/1153/26 569/921/26
f 557/1153/26 567/1152/26 569/921/26
f 569/921/26 565/1154/26 555/922/26
f 169/934/26 167/1029/26 340/933/26
f 167/1029/26 338/1028/26 340/933/26
f 340/933/26 344/1158/26 385/472/26
f 386/471/26 168/1159/26 169/934/26
f 340/933/26 385/472/26 386/471/26
o Data_block_contact
v -0.240000 -0.370000 -0.055000
v -0.240000 -0.370000 -0.065000
v 0.240000 -0.370000 -0.055000
v 0.240000 -0.370000 -0.065000
v -0.240000 -0.410000 -0.055000
v -0.240000 -0.410000 -0.065000
v 0.240000 -0.410000 -0.055000
v 0.240000 -0.410000 -0.065000
v -0.140000 -0.410000 -0.065000
v -0.140000 -0.370000 -0.065000
v -0.140000 -0.410000 -0.055000
v -0.140000 -0.370000 -0.055000
v -0.180000 -0.410000 -0.055000
v -0.180000 -0.410000 -0.065000
v -0.180000 -0.370000 -0.055000
v -0.180000 -0.370000 -0.065000
v 0.240000 -0.370000 -0.025000
v 0.240000 -0.370000 -0.035000
v -0.240000 -0.370000 -0.025000
v -0.240000 -0.370000 -0.035000
v 0.240000 -0.410000 -0.025000
v 0.240000 -0.410000 -0.035000
v -0.240000 -0.410000 -0.025000
v -0.240000 -0.410000 -0.035000
v 0.140000 -0.410000 -0.035000
v 0.140000 -0.370000 -0.035000
v 0.140000 -0.410000 -0.025000
v 0.140000 -0.370000 -0.025000
v 0.180000 -0.410000 -0.025000
v 0.180000 -0.410000 -0.035000
v 0.180000 -0.370000 -0.025000
v 0.180000 -0.370000 -0.035000
vn -0.0000 -1.0000 -0.0000
vn -0.0000 -0.0000 1.0000
vn -0.0000 -0.0000 -1.0000
vn 1.0000 -0.0000 -0.0000
vn -1.0000 -0.0000 -0.0000
vt 0.672029 0.468824
vt 0.672029 0.625373
vt 0.667910 0.625373
vt 0.667910 0.468824
vt 0.889054 0.555312
vt 0.889054 0.530593
vt 0.905533 0.530593
vt 0.905533 0.555312
vt 0.688508 0.468824
vt 0.688508 0.625373
vt 0.672029 0.641852
vt 0.667910 0.641852
vt 0.905533 0.514114
vt 0.909653 0.514114
vt 0.909653 0.530593
vt 0.651431 0.625373
vt 0.651431 0.468824
vt 0.926132 0.530593
vt 0.926132 0.555312
vt 0.909653 0.555312
vt 0.970544 0.408027
vt 0.966424 0.408027
vt 0.966424 0.251477
vt 0.970544 0.251477
vt 0.909653 0.571791
vt 0.905533 0.571791
vt 0.667910 0.452345
vt 0.672029 0.452345
vt 0.837023 0.570661
vt 0.820544 0.570661
vt 0.820544 0.545942
vt 0.837023 0.545942
vt 0.987023 0.408027
vt 0.987023 0.251477
vt 0.970544 0.234999
vt 0.966424 0.234999
vt 0.820544 0.529464
vt 0.816424 0.545942
vt 0.816424 0.529464
vt 0.949945 0.251477
vt 0.949945 0.408027
vt 0.799945 0.545942
vt 0.816424 0.570661
vt 0.799945 0.570661
vt 0.820544 0.587140
vt 0.816424 0.587140
vt 0.970544 0.424506
vt 0.966424 0.424506
s 0
usemtl bb
f 579/1160/178 578/1161/178 577/1162/178 581/1163/178
f 585/1164/179 571/1165/179 575/1166/179 583/1167/179
f 580/1168/180 574/1169/180 578/1161/180 579/1160/180
f 574/1170/181 573/1171/181 577/1162/181 578/1161/181
f 571/1172/182 572/1173/182 576/1174/182 575/1166/182
f 573/1175/179 582/1176/179 581/1163/179 577/1162/179
f 572/1177/180 586/1178/180 584/1179/180 576/1174/180
f 576/1174/178 584/1179/178 583/1167/178 575/1166/178
f 595/1180/178 597/1181/178 593/1182/178 594/1183/178
f 584/1179/181 586/1184/181 585/1185/181 583/1167/181
f 581/1163/182 582/1186/182 580/1187/182 579/1160/182
f 601/1188/179 599/1189/179 591/1190/179 587/1191/179
f 596/1192/180 595/1180/180 594/1183/180 590/1193/180
f 590/1194/182 594/1183/182 593/1182/182 589/1195/182
f 587/1196/181 591/1190/181 592/1197/181 588/1198/181
f 589/1199/179 593/1182/179 597/1181/179 598/1200/179
f 588/1201/180 592/1197/180 600/1202/180 602/1203/180
f 592/1197/178 591/1190/178 599/1189/178 600/1202/178
f 600/1202/182 599/1189/182 601/1204/182 602/1205/182
f 597/1181/181 595/1180/181 596/1206/181 598/1207/181
o Data_block_disk
v -0.000000 0.386734 0.003000
v -0.000000 -0.086734 0.003000
v 0.118367 0.355018 0.003000
v 0.205018 0.268367 0.003000
v 0.236734 0.150000 0.003000
v 0.205018 0.031633 0.003000
v 0.118367 -0.055018 0.003000
v -0.118367 0.355018 0.003000
v -0.205018 0.268367 0.003000
v -0.236734 0.150000 0.003000
v -0.205018 0.031633 0.003000
v -0.118367 -0.055018 0.003000
v 0.118367 0.355018 -0.001000
v -0.000000 0.386734 -0.001000
v 0.205018 0.268367 -0.001000
v 0.236734 0.150000 -0.001000
v 0.205018 0.031633 -0.001000
v 0.118367 -0.055018 -0.001000
v -0.000000 -0.086734 -0.001000
v -0.118367 0.355018 -0.001000
v -0.205018 0.268367 -0.001000
v -0.236734 0.150000 -0.001000
v -0.205018 0.031633 -0.001000
v -0.118367 -0.055018 -0.001000
v 0.206457 0.030802 0.001000
v 0.119198 -0.056457 0.001000
v -0.000000 -0.088396 0.001000
v -0.119198 -0.056457 0.001000
v 0.119198 0.356457 0.001000
v 0.206457 0.269198 0.001000
v -0.238396 0.150000 0.001000
v -0.206457 0.269198 0.001000
v 0.238396 0.150000 0.001000
v -0.206457 0.030802 0.001000
v -0.119198 0.356457 0.001000
v -0.000000 0.388396 0.001000
v -0.000000 0.386734 -0.009912
v -0.000000 -0.086734 -0.009912
v 0.118367 0.355018 -0.009912
v 0.205018 0.268367 -0.009912
v 0.236734 0.150000 -0.009912
v 0.205018 0.031633 -0.009912
v 0.118367 -0.055018 -0.009912
v -0.118367 0.355018 -0.009912
v -0.205018 0.268367 -0.009912
v -0.236734 0.150000 -0.009912
v -0.205018 0.031633 -0.009912
v -0.118367 -0.055018 -0.009912
v 0.118367 0.355018 -0.013912
v -0.000000 0.386734 -0.013912
v 0.205018 0.268367 -0.013912
v 0.236734 0.150000 -0.013912
v 0.205018 0.031633 -0.013912
v 0.118367 -0.055018 -0.013912
v -0.000000 -0.086734 -0.013912
v -0.118367 0.355018 -0.013912
v -0.205018 0.268367 -0.013912
v -0.236734 0.150000 -0.013912
v -0.205018 0.031633 -0.013912
v -0.118367 -0.055018 -0.013912
v 0.206457 0.030802 -0.011912
v 0.119198 -0.056457 -0.011912
v -0.000000 -0.088396 -0.011912
v -0.119198 -0.056457 -0.011912
v 0.119198 0.356457 -0.011912
v 0.206457 0.269198 -0.011912
v -0.238396 0.150000 -0.011912
v -0.206457 0.269198 -0.011912
v 0.238396 0.150000 -0.011912
v -0.206457 0.030802 -0.011912
v -0.119198 0.356457 -0.011912
v -0.000000 0.388396 -0.011912
v -0.000000 0.386734 -0.023754
v -0.000000 -0.086734 -0.023754
v 0.118367 0.355018 -0.023754
v 0.205018 0.268367 -0.023754
v 0.236734 0.150000 -0.023754
v 0.205018 0.031633 -0.023754
v 0.118367 -0.055018 -0.023754
v -0.118367 0.355018 -0.023754
v -0.205018 0.268367 -0.023754
v -0.236734 0.150000 -0.023754
v -0.205018 0.031633 -0.023754
v -0.118367 -0.055018 -0.023754
v 0.118367 0.355018 -0.027754
v -0.000000 0.386734 -0.027754
v 0.205018 0.268367 -0.027754
v 0.236734 0.150000 -0.027754
v 0.205018 0.031633 -0.027754
v 0.118367 -0.055018 -0.027754
v -0.000000 -0.086734 -0.027754
v -0.118367 0.355018 -0.027754
v -0.205018 0.268367 -0.027754
v -0.236734 0.150000 -0.027754
v -0.205018 0.031633 -0.027754
v -0.118367 -0.055018 -0.027754
v 0.206457 0.030802 -0.025754
v 0.119198 -0.056457 -0.025754
v -0.000000 -0.088396 -0.025754
v -0.119198 -0.056457 -0.025754
v 0.119198 0.356457 -0.025754
v 0.206457 0.269198 -0.025754
v -0.238396 0.150000 -0.025754
v -0.206457 0.269198 -0.025754
v 0.238396 0.150000 -0.025754
v -0.206457 0.030802 -0.025754
v -0.119198 0.356457 -0.025754
v -0.000000 0.388396 -0.025754
vn -0.0000 -0.0000 1.0000
vn 0.5000 -0.8660 -0.0000
vn 0.3846 -0.6661 -0.6390
vn 0.6661 -0.3846 -0.6390
vn 0.8660 -0.5000 -0.0000
vn -0.5000 -0.8660 -0.0000
vn -0.3846 -0.6661 -0.6390
vn -0.0000 -0.7692 -0.6390
vn -0.0000 -1.0000 -0.0000
vn 0.8660 0.5000 -0.0000
vn 0.6661 0.3846 -0.6390
vn 0.3846 0.6661 -0.6390
vn 0.5000 0.8660 -0.0000
vn -0.8660 0.5000 -0.0000
vn -0.6661 0.3846 -0.6390
vn -0.7692 -0.0000 -0.6390
vn -1.0000 -0.0000 -0.0000
vn 1.0000 -0.0000 -0.0000
vn 0.7692 -0.0000 -0.6390
vn -0.6661 -0.3846 -0.6390
vn -0.8660 -0.5000 -0.0000
vn -0.0000 1.0000 -0.0000
vn -0.0000 0.7692 -0.6390
vn -0.3846 0.6661 -0.6390
vn -0.5000 0.8660 -0.0000
vn -0.3846 0.6661 0.6390
vn -0.6661 0.3846 0.6390
vn 0.3846 0.6661 0.6390
vn -0.0000 0.7692 0.6390
vn -0.6661 -0.3846 0.6390
vn -0.3846 -0.6661 0.6390
vn 0.6661 -0.3846 0.6390
vn 0.7692 -0.0000 0.6390
vn -0.7692 -0.0000 0.6390
vn 0.6661 0.3846 0.6390
vn -0.0000 -0.7692 0.6390
vn 0.3846 -0.6661 0.6390
vt 0.835993 0.936194
vt 0.835715 0.841621
vt 0.848829 0.888625
vt 0.801071 0.806336
vt 0.801662 0.805334
vt 0.837626 0.840499
vt 0.836704 0.841047
vt 0.701611 0.804749
vt 0.701075 0.803712
vt 0.751347 0.791496
vt 0.751306 0.792674
vt 0.837009 0.936771
vt 0.837958 0.937322
vt 0.801320 0.974559
vt 0.800682 0.973480
vt 0.664492 0.939398
vt 0.663523 0.939971
vt 0.649644 0.889243
vt 0.650910 0.889248
vt 0.849929 0.888622
vt 0.851139 0.888619
vt 0.663950 0.838752
vt 0.664950 0.839377
vt 0.751217 0.987447
vt 0.751238 0.988552
vt 0.701233 0.976430
vt 0.701840 0.975337
vt 0.702403 0.974296
vt 0.665563 0.938764
vt 0.800055 0.972420
vt 0.751196 0.986316
vt 0.665956 0.839995
vt 0.702145 0.805738
vt 0.652108 0.889267
vt 0.751286 0.793901
vt 0.800487 0.807344
s 1
usemtl bb
f 606/1208/183 608/1209/183 607/1210/183
f 628/1211/184 620/1212/185 619/1213/186 627/1214/187
f 630/1215/188 626/1216/189 621/1217/190 629/1218/191
f 632/1219/192 617/1220/193 615/1221/194 631/1222/195
f 634/1223/196 623/1224/197 624/1225/198 633/1226/199
f 629/1218/191 621/1217/190 620/1212/185 628/1211/184
f 635/1227/200 618/1228/201 617/1220/193 632/1219/192
f 633/1226/199 624/1225/198 625/1229/202 636/1230/203
f 638/1231/204 616/1232/205 622/1233/206 637/1234/207
f 627/1214/187 619/1213/186 618/1228/201 635/1227/200
f 636/1230/203 625/1229/202 626/1216/189 630/1215/188
f 631/1222/195 615/1221/194 616/1232/205 638/1231/204
f 637/1234/207 622/1233/206 623/1224/197 634/1223/196
f 610/1235/208 637/1234/207 634/1223/196 611/1236/209
f 605/1237/210 631/1222/195 638/1231/204 603/1238/211
f 613/1239/212 636/1230/203 630/1215/188 614/1240/213
f 608/1209/214 627/1214/187 635/1227/200 607/1210/215
f 603/1238/211 638/1231/204 637/1234/207 610/1235/208
f 612/1241/216 633/1226/199 636/1230/203 613/1239/212
f 607/1210/215 635/1227/200 632/1219/192 606/1208/217
f 604/1242/218 629/1218/191 628/1211/184 609/1243/219
f 611/1236/209 634/1223/196 633/1226/199 612/1241/216
f 606/1208/217 632/1219/192 631/1222/195 605/1237/210
f 614/1240/213 630/1215/188 629/1218/191 604/1242/218
f 609/1243/219 628/1211/184 627/1214/187 608/1209/214
f 611/1236/183 612/1241/183 613/1239/183
f 603/1238/183 604/1242/183 609/1243/183 605/1237/183
f 605/1237/183 609/1243/183 608/1209/183 606/1208/183
f 603/1238/183 610/1235/183 614/1240/183 604/1242/183
f 610/1235/183 611/1236/183 613/1239/183 614/1240/183
f 642/1208/183 644/1209/183 643/1210/183
f 664/1211/184 656/1212/185 655/1213/186 663/1214/187
f 666/1215/188 662/1216/189 657/1217/190 665/1218/191
f 668/1219/192 653/1220/193 651/1221/194 667/1222/195
f 670/1223/196 659/1224/197 660/1225/198 669/1226/199
f 665/1218/191 657/1217/190 656/1212/185 664/1211/184
f 671/1227/200 654/1228/201 653/1220/193 668/1219/192
f 669/1226/199 660/1225/198 661/1229/202 672/1230/203
f 674/1231/204 652/1232/205 658/1233/206 673/1234/207
f 663/1214/187 655/1213/186 654/1228/201 671/1227/200
f 672/1230/203 661/1229/202 662/1216/189 666/1215/188
f 667/1222/195 651/1221/194 652/1232/205 674/1231/204
f 673/1234/207 658/1233/206 659/1224/197 670/1223/196
f 646/1235/208 673/1234/207 670/1223/196 647/1236/209
f 641/1237/210 667/1222/195 674/1231/204 639/1238/211
f 649/1239/212 672/1230/203 666/1215/188 650/1240/213
f 644/1209/214 663/1214/187 671/1227/200 643/1210/215
f 639/1238/211 674/1231/204 673/1234/207 646/1235/208
f 648/1241/216 669/1226/199 672/1230/203 649/1239/212
f 643/1210/215 671/1227/200 668/1219/192 642/1208/217
f 640/1242/218 665/1218/191 664/1211/184 645/1243/219
f 647/1236/209 670/1223/196 669/1226/199 648/1241/216
f 642/1208/217 668/1219/192 667/1222/195 641/1237/210
f 650/1240/213 666/1215/188 665/1218/191 640/1242/218
f 645/1243/219 664/1211/184 663/1214/187 644/1209/214
f 647/1236/183 648/1241/183 649/1239/183
f 639/1238/183 640/1242/183 645/1243/183 641/1237/183
f 641/1237/183 645/1243/183 644/1209/183 642/1208/183
f 639/1238/183 646/1235/183 650/1240/183 640/1242/183
f 646/1235/183 647/1236/183 649/1239/183 650/1240/183
f 678/1208/183 680/1209/183 679/1210/183
f 700/1211/184 692/1212/185 691/1213/186 699/1214/187
f 702/1215/188 698/1216/189 693/1217/190 701/1218/191
f 704/1219/192 689/1220/193 687/1221/194 703/1222/195
f 706/1223/196 695/1224/197 696/1225/198 705/1226/199
f 701/1218/191 693/1217/190 692/1212/185 700/1211/184
f 707/1227/200 690/1228/201 689/1220/193 704/1219/192
f 705/1226/199 696/1225/198 697/1229/202 708/1230/203
f 710/1231/204 688/1232/205 694/1233/206 709/1234/207
f 699/1214/187 691/1213/186 690/1228/201 707/1227/200
f 708/1230/203 697/1229/202 698/1216/189 702/1215/188
f 703/1222/195 687/1221/194 688/1232/205 710/1231/204
f 709/1234/207 694/1233/206 695/1224/197 706/1223/196
f 682/1235/208 709/1234/207 706/1223/196 683/1236/209
f 677/1237/210 703/1222/195 710/1231/204 675/1238/211
f 685/1239/212 708/1230/203 702/1215/188 686/1240/213
f 680/1209/214 699/1214/187 707/1227/200 679/1210/215
f 675/1238/211 710/1231/204 709/1234/207 682/1235/208
f 684/1241/216 705/1226/199 708/1230/203 685/1239/212
f 679/1210/215 707/1227/200 704/1219/192 678/1208/217
f 676/1242/218 701/1218/191 700/1211/184 681/1243/219
f 683/1236/209 706/1223/196 705/1226/199 684/1241/216
f 678/1208/217 704/1219/192 703/1222/195 677/1237/210
f 686/1240/213 702/1215/188 701/1218/191 676/1242/218
f 681/1243/219 700/1211/184 699/1214/187 680/1209/214
f 683/1236/183 684/1241/183 685/1239/183
f 675/1238/183 676/1242/183 681/1243/183 677/1237/183
f 677/1237/183 681/1243/183 680/1209/183 678/1208/183
f 675/1238/183 682/1235/183 686/1240/183 676/1242/183
f 682/1235/183 683/1236/183 685/1239/183 686/1240/183
o Data_block_glass_cover
v 0.300000 -0.450000 0.025000
v 0.300000 0.450000 0.005000
v 0.300000 -0.220000 0.005000
v 0.300000 -0.240000 0.025000
v -0.300000 -0.450000 0.025000
v -0.300000 0.450000 0.005000
v -0.300000 -0.220000 0.005000
v -0.300000 -0.240000 0.025000
v 0.300000 -0.450000 0.085000
v 0.300000 0.450000 0.085000
v -0.300000 0.450000 0.085000
v -0.300000 -0.450000 0.085000
vn -1.0000 -0.0000 -0.0000
vn 1.0000 -0.0000 -0.0000
vn -0.0000 -1.0000 -0.0000
vn -0.0000 1.0000 -0.0000
vn -0.0000 -0.0000 1.0000
vt 0.388787 0.027649
vt 0.413485 0.027649
vt 0.388787 0.114094
vt 0.380554 0.398126
vt 0.380554 0.122327
vt 0.413485 0.398126
vt 0.685169 0.027649
vt 0.685169 0.114094
vt 0.660470 0.027649
vt 0.693402 0.398126
vt 0.660470 0.398126
vt 0.693402 0.122327
vt 0.413485 0.002951
vt 0.660470 0.002951
vt 0.413485 0.431058
vt 0.660470 0.431058
s 1
usemtl bb
f 715/1244/220 722/1245/220 718/1246/220
f 716/1247/220 717/1248/220 721/1249/220
f 711/1250/221 714/1251/221 719/1252/221
f 712/1253/221 720/1254/221 713/1255/221
s 0
f 719/1252/222 715/1256/222 711/1257/222
f 716/1258/223 720/1254/223 712/1259/223
s 1
f 718/1246/220 721/1249/220 717/1248/220
f 720/1254/221 714/1251/221 713/1255/221
s 0
f 721/1249/224 719/1252/224 720/1254/224
f 719/1252/222 722/1245/222 715/1256/222
f 716/1258/223 721/1249/223 720/1254/223
s 1
f 718/1246/220 722/1245/220 721/1249/220
f 720/1254/221 719/1252/221 714/1251/221
s 0
f 721/1249/224 722/1245/224 719/1252/224
o Data_block_reader
v -0.189416 -0.053823 0.012000
v -0.220976 -0.066587 0.012000
v -0.241927 -0.093421 0.012000
v -0.246653 -0.127135 0.012000
v -0.233889 -0.158696 0.012000
v -0.207055 -0.179646 0.012000
v -0.173341 -0.184373 0.012000
v -0.141780 -0.171609 0.012000
v -0.120829 -0.144774 0.012000
v -0.155701 -0.058549 0.012000
v 0.062179 -0.093387 0.012000
v 0.051187 -0.099611 0.012000
v 0.054040 -0.122776 0.012000
v 0.066213 -0.126147 0.012000
v 0.077204 -0.119923 0.012000
v 0.080576 -0.107750 0.012000
v 0.074352 -0.096759 0.012000
v -0.120829 -0.144774 0.007000
v -0.155701 -0.058549 0.007000
v 0.077204 -0.119923 0.007000
v 0.074352 -0.096759 0.007000
v 0.062179 -0.093387 0.007000
v 0.066213 -0.126147 0.007000
v 0.051187 -0.099611 0.007000
v 0.054040 -0.122776 0.007000
v 0.080576 -0.107750 0.007000
v -0.155701 -0.058549 -0.001000
v -0.116103 -0.111060 -0.001000
v -0.128867 -0.079499 -0.001000
v -0.120829 -0.144774 -0.014000
v 0.080576 -0.107750 -0.006000
v 0.054040 -0.122776 -0.006000
v 0.051187 -0.099611 -0.006000
v 0.066213 -0.126147 -0.006000
v 0.062179 -0.093387 -0.006000
v 0.074352 -0.096759 -0.006000
v 0.077204 -0.119923 -0.006000
v -0.155701 -0.058549 -0.006000
v -0.120829 -0.144774 -0.006000
v 0.074352 -0.096759 -0.001000
v 0.080576 -0.107750 -0.001000
v 0.077204 -0.119923 -0.001000
v 0.066213 -0.126147 -0.001000
v 0.054040 -0.122776 -0.001000
v 0.051187 -0.099611 -0.001000
v 0.062179 -0.093387 -0.001000
v -0.120829 -0.144774 -0.001000
v -0.116103 -0.111060 0.007000
v -0.128867 -0.079499 0.007000
v -0.155701 -0.058549 -0.014000
v 0.062179 -0.093387 -0.014000
v 0.051187 -0.099611 -0.014000
v 0.054040 -0.122776 -0.014000
v 0.066213 -0.126147 -0.014000
v 0.077204 -0.119923 -0.014000
v 0.080576 -0.107750 -0.014000
v 0.074352 -0.096759 -0.014000
v -0.120829 -0.144774 -0.019000
v -0.155701 -0.058549 -0.019000
v 0.077204 -0.119923 -0.019000
v 0.074352 -0.096759 -0.019000
v 0.062179 -0.093387 -0.019000
v 0.066213 -0.126147 -0.019000
v 0.051187 -0.099611 -0.019000
v 0.054040 -0.122776 -0.019000
v 0.080576 -0.107750 -0.019000
v -0.220976 -0.066587 -0.035000
v -0.241927 -0.093421 -0.035000
v -0.189416 -0.053823 -0.035000
v -0.207055 -0.179646 -0.035000
v -0.233889 -0.158696 -0.035000
v -0.173341 -0.184373 -0.035000
v -0.141780 -0.171609 -0.035000
v -0.246653 -0.127135 -0.035000
v -0.120829 -0.144774 -0.035000
v -0.128867 -0.079499 -0.035000
v -0.116103 -0.111060 -0.035000
v -0.155701 -0.058549 -0.035000
v -0.116103 -0.111060 -0.019000
v -0.128867 -0.079499 -0.019000
v 0.070637 -0.092346 0.003000
v 0.105968 -0.103521 0.003000
v 0.062830 -0.098674 0.003000
v 0.050597 -0.094813 0.003000
v 0.044055 -0.089706 0.003000
v 0.048383 -0.090905 0.003000
v 0.038947 -0.096248 0.003000
v 0.040146 -0.091919 0.003000
v 0.074671 -0.125106 0.003000
v 0.106235 -0.105693 0.003000
v 0.065562 -0.120860 0.003000
v 0.054630 -0.127573 0.003000
v 0.049523 -0.134115 0.003000
v 0.053432 -0.131902 0.003000
v 0.042981 -0.129008 0.003000
v 0.045194 -0.132916 0.003000
v 0.070637 -0.092346 0.007000
v 0.105968 -0.103521 0.007000
v 0.062830 -0.098674 0.007000
v 0.050597 -0.094813 0.007000
v 0.044055 -0.089706 0.007000
v 0.048383 -0.090905 0.007000
v 0.038947 -0.096248 0.007000
v 0.040146 -0.091919 0.007000
v 0.074671 -0.125106 0.007000
v 0.106235 -0.105693 0.007000
v 0.065562 -0.120860 0.007000
v 0.054630 -0.127573 0.007000
v 0.049523 -0.134115 0.007000
v 0.053432 -0.131902 0.007000
v 0.042981 -0.129008 0.007000
v 0.045194 -0.132916 0.007000
v 0.070637 -0.092346 -0.010000
v 0.105968 -0.103521 -0.010000
v 0.062830 -0.098674 -0.010000
v 0.050597 -0.094813 -0.010000
v 0.044055 -0.089706 -0.010000
v 0.048383 -0.090905 -0.010000
v 0.038947 -0.096248 -0.010000
v 0.040146 -0.091919 -0.010000
v 0.074671 -0.125106 -0.010000
v 0.106235 -0.105693 -0.010000
v 0.065562 -0.120860 -0.010000
v 0.054630 -0.127573 -0.010000
v 0.049523 -0.134115 -0.010000
v 0.053432 -0.131902 -0.010000
v 0.042981 -0.129008 -0.010000
v 0.045194 -0.132916 -0.010000
v 0.070637 -0.092346 -0.006000
v 0.105968 -0.103521 -0.006000
v 0.062830 -0.098674 -0.006000
v 0.050597 -0.094813 -0.006000
v 0.044055 -0.089706 -0.006000
v 0.048383 -0.090905 -0.006000
v 0.038947 -0.096248 -0.006000
v 0.040146 -0.091919 -0.006000
v 0.074671 -0.125106 -0.006000
v 0.106235 -0.105693 -0.006000
v 0.065562 -0.120860 -0.006000
v 0.054630 -0.127573 -0.006000
v 0.049523 -0.134115 -0.006000
v 0.053432 -0.131902 -0.006000
v 0.042981 -0.129008 -0.006000
v 0.045194 -0.132916 -0.006000
v 0.070637 -0.092346 -0.023000
v 0.105968 -0.103521 -0.023000
v 0.062830 -0.098674 -0.023000
v 0.050597 -0.094813 -0.023000
v 0.044055 -0.089706 -0.023000
v 0.048383 -0.090905 -0.023000
v 0.038947 -0.096248 -0.023000
v 0.040146 -0.091919 -0.023000
v 0.074671 -0.125106 -0.023000
v 0.106235 -0.105693 -0.023000
v 0.065562 -0.120860 -0.023000
v 0.054630 -0.127573 -0.023000
v 0.049523 -0.134115 -0.023000
v 0.053432 -0.131902 -0.023000
v 0.042981 -0.129008 -0.023000
v 0.045194 -0.132916 -0.023000
v 0.070637 -0.092346 -0.019000
v 0.105968 -0.103521 -0.019000
v 0.062830 -0.098674 -0.019000
v 0.050597 -0.094813 -0.019000
v 0.044055 -0.089706 -0.019000
v 0.048383 -0.090905 -0.019000
v 0.038947 -0.096248 -0.019000
v 0.040146 -0.091919 -0.019000
v 0.074671 -0.125106 -0.019000
v 0.106235 -0.105693 -0.019000
v 0.065562 -0.120860 -0.019000
v 0.054630 -0.127573 -0.019000
v 0.049523 -0.134115 -0.019000
v 0.053432 -0.131902 -0.019000
v 0.042981 -0.129008 -0.019000
v 0.045194 -0.132916 -0.019000
v 0.063472 -0.103893 -0.014000
v 0.058321 -0.110491 -0.014000
v 0.064919 -0.115642 -0.014000
v 0.070070 -0.109044 -0.014000
v 0.063472 -0.103893 0.015565
v 0.058321 -0.110491 0.015565
v 0.064919 -0.115642 0.015565
v 0.070070 -0.109044 0.015565
vn -0.0000 -0.0000 1.0000
vn 0.9925 0.1222 -0.0000
vn 0.6154 0.7882 -0.0000
vn -0.1222 0.9925 -0.0000
vn -0.1590 0.9873 -0.0000
vn 0.4939 -0.8695 -0.0000
vn 0.7517 -0.6596 -0.0000
vn -0.0725 -0.9974 -0.0000
vn 0.2786 0.9604 -0.0000
vn 0.1668 0.9860 -0.0000
vn 0.1222 -0.9925 -0.0000
vn 0.7882 -0.6154 -0.0000
vn 0.6021 -0.7984 -0.0000
vn -0.3904 -0.9206 -0.0000
vn -0.7984 -0.6021 -0.0000
vn 0.1575 0.9875 -0.0000
vn 0.6078 -0.7941 -0.0000
vn -0.6021 0.7984 -0.0000
vn 0.7984 0.6021 -0.0000
vn -0.9925 -0.1222 -0.0000
vn -0.9206 0.3904 -0.0000
vn 0.3904 0.9206 -0.0000
vn 0.9206 -0.3904 -0.0000
vn 0.7690 0.6392 -0.0000
vn -0.1863 0.9825 -0.0000
vn 0.7990 -0.6013 -0.0000
vn -0.1866 0.9824 -0.0000
vn 0.6293 0.7772 -0.0000
vn -0.9496 -0.3135 -0.0000
vn -0.6154 -0.7882 -0.0000
vn 0.0573 -0.9984 -0.0000
vn 0.0576 -0.9983 -0.0000
vn -0.7882 0.6154 -0.0000
vn -0.9973 0.0738 -0.0000
vn 0.9011 -0.4336 -0.0000
vt 0.340363 0.535799
vt 0.366095 0.544282
vt 0.351402 0.588852
vt 0.298376 0.544977
vt 0.300436 0.544977
vt 0.300436 0.550181
vt 0.298376 0.550181
vt 0.300436 0.555385
vt 0.298376 0.555385
vt 0.300436 0.560589
vt 0.298376 0.560589
vt 0.298376 0.456757
vt 0.300436 0.456757
vt 0.300436 0.529366
vt 0.298376 0.529366
vt 0.300436 0.647484
vt 0.298376 0.647484
vt 0.300436 0.534570
vt 0.298376 0.534570
vt 0.300436 0.539774
vt 0.298376 0.539774
vt 0.201982 0.730753
vt 0.182619 0.730753
vt 0.182619 0.716727
vt 0.201982 0.716727
vt 0.201982 0.702702
vt 0.182619 0.702702
vt 0.182619 0.688677
vt 0.201982 0.688677
vt 0.182619 0.632576
vt 0.187975 0.618551
vt 0.190035 0.618551
vt 0.193330 0.744778
vt 0.190035 0.744778
vt 0.201982 0.632576
vt 0.201982 0.646601
vt 0.182619 0.646601
vt 0.290179 0.564467
vt 0.288119 0.564467
vt 0.288119 0.559263
vt 0.290179 0.559263
vt 0.290179 0.569671
vt 0.288119 0.569671
vt 0.290179 0.574875
vt 0.288119 0.574875
vt 0.290179 0.543652
vt 0.288119 0.543652
vt 0.288119 0.456757
vt 0.290179 0.456757
vt 0.187975 0.590501
vt 0.187975 0.604526
vt 0.184679 0.604526
vt 0.184679 0.590501
vt 0.184679 0.618551
vt 0.187975 0.576476
vt 0.184679 0.576476
vt 0.290179 0.647484
vt 0.288119 0.647484
vt 0.290179 0.548856
vt 0.288119 0.548856
vt 0.290179 0.554060
vt 0.288119 0.554060
vt 0.182619 0.674652
vt 0.201982 0.674652
vt 0.310693 0.559263
vt 0.308633 0.559263
vt 0.308633 0.554060
vt 0.310693 0.554060
vt 0.182619 0.660627
vt 0.201982 0.660627
vt 0.308633 0.548856
vt 0.310693 0.548856
vt 0.308633 0.543652
vt 0.310693 0.543652
vt 0.310693 0.647484
vt 0.308633 0.647484
vt 0.308633 0.574875
vt 0.310693 0.574875
vt 0.308633 0.456757
vt 0.310693 0.456757
vt 0.308633 0.569671
vt 0.310693 0.569671
vt 0.308633 0.564467
vt 0.310693 0.564467
vt 0.195390 0.604526
vt 0.201982 0.604526
vt 0.201982 0.618551
vt 0.195390 0.618551
vt 0.195390 0.576476
vt 0.201982 0.576476
vt 0.201982 0.590501
vt 0.195390 0.590501
vt 0.051673 0.528595
vt 0.038407 0.525607
vt 0.052735 0.523877
vt 0.332984 0.740978
vt 0.334069 0.746150
vt 0.320803 0.743163
vt 0.362360 0.697305
vt 0.362360 0.682039
vt 0.364008 0.682039
vt 0.364008 0.697305
vt 0.362360 0.646062
vt 0.362360 0.644212
vt 0.364008 0.644212
vt 0.364008 0.646062
vt 0.362360 0.677898
vt 0.362360 0.672614
vt 0.364008 0.672614
vt 0.364008 0.677898
vt 0.362360 0.647913
vt 0.364008 0.647913
vt 0.362360 0.670763
vt 0.364008 0.670763
vt 0.362360 0.651614
vt 0.362360 0.649763
vt 0.364008 0.649763
vt 0.364008 0.651614
vt 0.362360 0.668913
vt 0.364008 0.668913
vt 0.362360 0.638927
vt 0.362360 0.634787
vt 0.364008 0.634787
vt 0.364008 0.638927
vt 0.362360 0.667062
vt 0.362360 0.665212
vt 0.364008 0.665212
vt 0.364008 0.667062
vt 0.362360 0.619520
vt 0.364008 0.619520
vt 0.342823 0.645914
vt 0.344471 0.645914
vt 0.344471 0.646815
vt 0.342823 0.646815
vt 0.354239 0.617605
vt 0.354239 0.632871
vt 0.352592 0.632871
vt 0.352592 0.617605
vt 0.354239 0.668848
vt 0.354239 0.670698
vt 0.352592 0.670698
vt 0.352592 0.668848
vt 0.354239 0.637012
vt 0.354239 0.642296
vt 0.352592 0.642296
vt 0.352592 0.637012
vt 0.354239 0.666997
vt 0.352592 0.666997
vt 0.354239 0.644147
vt 0.352592 0.644147
vt 0.354239 0.663296
vt 0.354239 0.665147
vt 0.352592 0.665147
vt 0.352592 0.663296
vt 0.354239 0.645997
vt 0.352592 0.645997
vt 0.354239 0.675983
vt 0.354239 0.680123
vt 0.352592 0.680123
vt 0.352592 0.675983
vt 0.354239 0.647848
vt 0.354239 0.649698
vt 0.352592 0.649698
vt 0.352592 0.647848
vt 0.354239 0.695390
vt 0.352592 0.695390
vt 0.362360 0.618619
vt 0.364008 0.618619
vt 0.354239 0.696291
vt 0.352592 0.696291
vt 0.342823 0.724600
vt 0.342823 0.709334
vt 0.344471 0.709334
vt 0.344471 0.724600
vt 0.342823 0.673357
vt 0.342823 0.671507
vt 0.344471 0.671507
vt 0.344471 0.673357
vt 0.342823 0.705193
vt 0.342823 0.699908
vt 0.344471 0.699908
vt 0.344471 0.705193
vt 0.342823 0.675208
vt 0.344471 0.675208
vt 0.342823 0.698058
vt 0.344471 0.698058
vt 0.342823 0.678909
vt 0.342823 0.677058
vt 0.344471 0.677058
vt 0.344471 0.678909
vt 0.342823 0.696208
vt 0.344471 0.696208
vt 0.342823 0.666222
vt 0.342823 0.662081
vt 0.344471 0.662081
vt 0.344471 0.666222
vt 0.342823 0.694357
vt 0.342823 0.692507
vt 0.344471 0.692507
vt 0.344471 0.694357
vt 0.082473 0.466647
vt 0.081389 0.461474
vt 0.094654 0.464462
vt 0.119700 0.763901
vt 0.119700 0.751721
vt 0.123149 0.751721
vt 0.123149 0.763901
vt 0.112804 0.763901
vt 0.112804 0.751721
vt 0.116252 0.751721
vt 0.116252 0.763901
vt 0.109355 0.763901
vt 0.109355 0.751721
vt 0.112804 0.748272
vt 0.116252 0.748272
vt 0.328488 0.657750
vt 0.328874 0.662940
vt 0.325478 0.666882
vt 0.320288 0.667268
vt 0.316346 0.663872
vt 0.315960 0.658682
vt 0.319356 0.654740
vt 0.319356 0.567845
vt 0.320150 0.553842
vt 0.327839 0.542113
vt 0.354366 0.536593
vt 0.372409 0.556806
vt 0.371615 0.570808
vt 0.363926 0.582538
vt 0.193330 0.618551
vt 0.182619 0.618551
vt 0.184679 0.744778
vt 0.182619 0.744778
vt 0.201982 0.744778
vt 0.195390 0.744778
vt 0.187975 0.744778
vt 0.048476 0.532803
vt 0.049845 0.536710
vt 0.039492 0.530780
vt 0.040602 0.548860
vt 0.036580 0.533723
vt 0.039723 0.548662
vt 0.036895 0.524541
vt 0.037646 0.521205
vt 0.036580 0.522717
vt 0.054563 0.526767
vt 0.053496 0.528279
vt 0.039469 0.520890
vt 0.054247 0.524944
vt 0.335581 0.747217
vt 0.335897 0.749040
vt 0.334830 0.750553
vt 0.333007 0.750868
vt 0.319741 0.747880
vt 0.318229 0.746814
vt 0.317913 0.744991
vt 0.318980 0.743478
vt 0.324000 0.738955
vt 0.322631 0.735048
vt 0.331874 0.722898
vt 0.335897 0.738035
vt 0.332753 0.723096
vt 0.079876 0.460408
vt 0.079561 0.458585
vt 0.080627 0.457072
vt 0.082451 0.456757
vt 0.095717 0.459744
vt 0.097229 0.460811
vt 0.097544 0.462634
vt 0.096478 0.464147
vt 0.091457 0.468670
vt 0.092827 0.472577
vt 0.083583 0.484727
vt 0.079561 0.469590
vt 0.082704 0.484529
s 0
usemtl bb
f 725/1260/225 727/1261/225 731/1262/225
s 1
f 738/1263/226 748/1264/226 743/1265/227 739/1266/227
f 739/1266/227 743/1265/227 744/1267/228 733/1268/228
f 733/1268/228 744/1267/228 746/1269/229 734/1270/229
f 731/1271/230 740/1272/231 747/1273/232 735/1274/232
f 734/1270/229 746/1269/229 741/1275/233 732/1276/234
f 735/1274/232 747/1273/232 745/1277/235 736/1278/235
f 736/1278/235 745/1277/235 742/1279/236 737/1280/236
f 737/1280/236 742/1279/236 748/1264/226 738/1263/226
f 795/1281/237 730/1282/237 729/1283/235 794/1284/235
f 792/1285/238 728/1286/238 727/1287/239 793/1288/239
f 723/1289/228 749/1290/233 760/1291/240
f 730/1282/237 752/1292/241 761/1293/241
f 723/1289/228 791/1294/228 789/1295/242 724/1296/242
f 764/1297/236 759/1298/236 753/1299/226 763/1300/226
f 765/1301/235 756/1302/235 759/1298/236 764/1297/236
f 766/1303/232 754/1304/232 756/1302/235 765/1301/235
f 767/1305/229 755/1306/229 760/1307/240 749/1308/233
f 750/1309/226 751/1310/243 771/1311/243 770/1312/226
f 751/1310/243 749/1290/233 741/1313/233 771/1311/243
f 769/1314/231 750/1309/226 770/1312/226 740/1315/231
f 769/1316/231 761/1317/241 754/1304/232 766/1303/232
f 768/1318/228 757/1319/228 755/1306/229 767/1305/229
f 762/1320/227 758/1321/227 757/1319/228 768/1318/228
f 763/1300/226 753/1299/226 758/1321/227 762/1320/227
f 726/1322/244 796/1323/244 793/1288/239 727/1287/239
f 778/1324/226 788/1325/226 783/1326/227 779/1327/227
f 725/1328/245 790/1329/245 796/1323/244 726/1322/244
f 779/1327/227 783/1326/227 784/1330/228 773/1331/228
f 773/1331/228 784/1330/228 786/1332/229 774/1333/229
f 752/1334/241 780/1335/231 787/1336/232 775/1337/232
f 774/1333/229 786/1332/229 781/1338/233 772/1339/240
f 775/1337/232 787/1336/232 785/1340/235 776/1341/235
f 776/1341/235 785/1340/235 782/1342/236 777/1343/236
f 777/1343/236 782/1342/236 788/1325/226 778/1324/226
f 724/1296/242 789/1295/242 790/1329/245 725/1328/245
f 802/1344/243 798/1345/243 800/1346/246 781/1347/233
f 780/1348/231 797/1349/247 799/1350/226 801/1351/226
f 792/1285/238 794/1284/235 729/1283/235 728/1286/238
f 801/1351/226 799/1350/226 798/1345/243 802/1344/243
s 0
f 862/1352/225 854/1353/225 865/1354/225
f 821/1355/225 822/1356/225 830/1357/225
s 1
f 804/1358/248 803/1359/249 819/1360/249 820/1361/248
f 816/1362/236 814/1363/250 830/1364/250 832/1365/236
f 805/1366/251 806/1367/252 822/1368/252 821/1369/251
f 815/1370/235 816/1362/236 832/1365/236 831/1371/235
f 806/1367/252 808/1372/227 824/1373/227 822/1368/252
f 817/1374/253 818/1375/254 834/1376/254 833/1377/253
f 808/1372/227 807/1378/228 823/1379/228 824/1373/227
f 813/1380/255 811/1381/256 827/1382/256 829/1383/255
f 810/1384/257 809/1385/258 825/1386/258 826/1387/257
f 818/1375/254 815/1370/235 831/1371/235 834/1376/254
f 803/1359/249 805/1366/251 821/1369/251 819/1360/249
f 811/1381/256 812/1388/259 828/1389/259 827/1382/256
f 807/1378/228 810/1384/257 826/1387/257 823/1379/228
f 814/1363/250 813/1380/255 829/1383/255 830/1364/250
f 868/1390/248 884/1391/248 892/1392/259 876/1393/259
f 836/1394/248 835/1395/249 851/1396/249 852/1397/248
f 848/1398/236 846/1399/250 862/1400/250 864/1401/236
f 837/1402/251 838/1403/252 854/1404/252 853/1405/251
f 847/1406/235 848/1398/236 864/1401/236 863/1407/235
f 838/1403/252 840/1408/227 856/1409/227 854/1404/252
f 849/1410/253 850/1411/254 866/1412/254 865/1413/253
f 840/1408/227 839/1414/228 855/1415/228 856/1409/227
f 845/1416/255 843/1417/256 859/1418/256 861/1419/255
f 842/1420/257 841/1421/258 857/1422/258 858/1423/257
f 850/1411/254 847/1406/235 863/1407/235 866/1412/254
f 835/1395/249 837/1402/251 853/1405/251 851/1396/249
f 843/1417/256 844/1424/259 860/1425/259 859/1418/256
f 839/1414/228 842/1420/257 858/1423/257 855/1415/228
f 846/1399/250 845/1416/255 861/1419/255 862/1400/250
f 841/1421/258 849/1410/253 865/1413/253 857/1422/258
f 804/1426/248 820/1427/248 828/1389/259 812/1388/259
f 836/1428/248 852/1429/248 860/1425/259 844/1424/259
f 809/1385/258 817/1374/253 833/1377/253 825/1386/258
f 868/1430/248 867/1431/249 883/1432/249 884/1433/248
f 880/1434/236 878/1435/250 894/1436/250 896/1437/236
f 869/1438/251 870/1439/252 886/1440/252 885/1441/251
f 879/1442/235 880/1434/236 896/1437/236 895/1443/235
f 870/1439/252 872/1444/227 888/1445/227 886/1440/252
f 881/1446/253 882/1447/254 898/1448/254 897/1449/253
f 872/1444/227 871/1450/228 887/1451/228 888/1445/227
f 877/1452/255 875/1453/256 891/1454/256 893/1455/255
f 874/1456/257 873/1457/258 889/1458/258 890/1459/257
f 882/1447/254 879/1442/235 895/1443/235 898/1448/254
s 0
f 885/1460/225 886/1461/225 894/1462/225
s 1
f 867/1431/249 869/1438/251 885/1441/251 883/1432/249
f 875/1453/256 876/1393/259 892/1392/259 891/1454/256
f 871/1450/228 874/1456/257 890/1459/257 887/1451/228
f 878/1435/250 877/1452/255 893/1455/255 894/1436/250
f 873/1457/258 881/1446/253 897/1449/253 889/1458/258
s 0
f 902/1463/236 906/1464/236 905/1465/236 901/1466/236
f 900/1467/257 904/1468/257 903/1469/257 899/1470/257
f 899/1470/227 903/1469/227 906/1464/227 902/1463/227
f 901/1471/254 905/1472/254 904/1468/254 900/1467/254
f 904/1468/225 905/1473/225 906/1474/225 903/1469/225
f 735/1475/225 736/1476/225 737/1477/225
f 737/1477/225 738/1478/225 735/1475/225
f 738/1478/225 739/1479/225 735/1475/225
f 739/1479/225 733/1480/225 734/1481/225
f 734/1481/225 732/1482/225 731/1262/225
f 732/1482/225 723/1483/225 731/1262/225
f 723/1483/225 724/1484/225 725/1260/225
f 725/1260/225 726/1485/225 727/1261/225
f 727/1261/225 728/1486/225 729/1487/225
f 729/1487/225 730/1488/225 727/1261/225
f 730/1488/225 731/1262/225 727/1261/225
f 731/1262/225 735/1475/225 734/1481/225
f 735/1475/225 739/1479/225 734/1481/225
f 723/1483/225 725/1260/225 731/1262/225
s 1
f 781/1347/233 800/1346/246 791/1294/228
f 791/1294/228 723/1289/228 772/1489/240
f 723/1289/228 732/1490/234 741/1313/233
f 723/1289/228 741/1313/233 749/1290/233
f 772/1489/240 781/1347/233 791/1294/228
f 760/1291/240 772/1489/240 723/1289/228
f 740/1491/231 731/1492/230 730/1282/237
f 730/1282/237 795/1281/237 752/1292/241
f 795/1281/237 797/1493/247 780/1494/231
f 795/1281/237 780/1494/231 752/1292/241
f 769/1495/231 740/1491/231 730/1282/237
f 761/1293/241 769/1495/231 730/1282/237
s 0
f 861/1496/225 859/1497/225 853/1498/225
f 859/1497/225 860/1499/225 851/1500/225
f 853/1498/225 859/1497/225 851/1500/225
f 860/1499/225 852/1501/225 851/1500/225
f 854/1353/225 856/1502/225 858/1503/225
f 856/1502/225 855/1504/225 858/1503/225
f 861/1496/225 853/1498/225 862/1352/225
f 853/1498/225 854/1353/225 862/1352/225
f 863/1505/225 864/1506/225 862/1352/225
f 858/1503/225 857/1507/225 854/1353/225
f 857/1507/225 865/1354/225 854/1353/225
f 865/1354/225 866/1508/225 863/1505/225
f 863/1505/225 862/1352/225 865/1354/225
f 822/1356/225 824/1509/225 823/1510/225
f 823/1510/225 826/1511/225 825/1512/225
f 825/1512/225 833/1513/225 822/1356/225
f 833/1513/225 834/1514/225 830/1357/225
f 822/1356/225 833/1513/225 830/1357/225
f 834/1514/225 831/1515/225 830/1357/225
f 831/1515/225 832/1516/225 830/1357/225
f 823/1510/225 825/1512/225 822/1356/225
f 830/1357/225 829/1517/225 821/1355/225
f 829/1517/225 827/1518/225 821/1355/225
f 827/1518/225 828/1519/225 819/1520/225
f 821/1355/225 827/1518/225 819/1520/225
f 828/1519/225 820/1521/225 819/1520/225
f 886/1461/225 888/1522/225 887/1523/225
f 887/1523/225 890/1524/225 889/1525/225
f 889/1525/225 897/1526/225 886/1461/225
f 897/1526/225 898/1527/225 894/1462/225
f 886/1461/225 897/1526/225 894/1462/225
f 898/1527/225 895/1528/225 894/1462/225
f 895/1528/225 896/1529/225 894/1462/225
f 887/1523/225 889/1525/225 886/1461/225
f 894/1462/225 893/1530/225 885/1460/225
f 893/1530/225 891/1531/225 885/1460/225
f 891/1531/225 892/1532/225 883/1533/225
f 885/1460/225 891/1531/225 883/1533/225
f 892/1532/225 884/1534/225 883/1533/225
o Data_block_reader_shield
v -0.270000 -0.035022 0.017037
v -0.252760 -0.056449 0.017037
v -0.252760 -0.129035 0.017037
v -0.238722 -0.160507 0.017037
v -0.210725 -0.180726 0.017037
v -0.177817 -0.191057 0.017037
v -0.169167 -0.171411 0.017037
v -0.202635 0.015000 -0.035000
v -0.270000 0.015000 -0.035000
v -0.202635 -0.019648 0.017037
v -0.270000 -0.019648 0.017037
v -0.202635 0.015000 -0.005450
v -0.202635 -0.007487 0.017037
v -0.202635 0.008414 0.010451
v -0.270000 -0.007487 0.017037
v -0.270000 0.015000 -0.005450
v -0.270000 0.008414 0.010451
v -0.146225 -0.171411 0.017037
v -0.146225 -0.220000 -0.035000
v -0.080000 -0.220000 -0.035000
v -0.146225 -0.203284 0.017037
v -0.146225 -0.220000 0.000321
v -0.146225 -0.215104 0.012141
v -0.080000 -0.203284 0.017037
v -0.080000 -0.220000 0.000321
v -0.080000 -0.215104 0.012141
v -0.111055 -0.220000 -0.035000
v -0.119256 -0.220000 -0.035000
v -0.111055 -0.203284 0.017037
v -0.119256 -0.203284 0.017037
v -0.111055 -0.220000 0.000321
v -0.119256 -0.220000 0.000321
v -0.119256 -0.215104 0.012141
v -0.111055 -0.215104 0.012141
v -0.111055 -0.196435 0.017037
v -0.119256 -0.196435 0.017037
v -0.061074 -0.215104 0.012141
v -0.046319 -0.210426 0.007463
v -0.040207 -0.199133 -0.003830
v -0.061074 -0.220000 0.000321
v -0.046319 -0.213888 -0.000895
v -0.061074 -0.203284 0.017037
v -0.046319 -0.202068 0.010925
v -0.040207 -0.199133 -0.035000
v -0.061074 -0.220000 -0.035000
v -0.046319 -0.213888 -0.035000
v -0.080000 -0.171609 0.017026
v -0.040207 -0.171609 -0.003841
v -0.040207 -0.171609 -0.035000
v -0.046319 -0.171609 0.010914
v -0.061074 -0.171609 0.017026
v -0.202635 -0.052725 0.017037
v -0.163648 -0.091712 0.017037
v -0.191216 -0.080293 0.017037
v -0.119166 -0.091712 0.017037
v -0.080000 -0.130878 0.017031
v -0.091472 -0.103183 0.017035
v -0.238722 -0.197450 0.017037
v -0.234622 -0.207348 0.017037
v -0.210725 -0.197450 0.017037
v -0.224724 -0.211448 0.017037
v -0.214825 -0.207348 0.017037
v -0.270000 -0.035022 0.012037
v -0.252760 -0.056449 0.012037
v -0.252760 -0.129035 0.012037
v -0.238722 -0.160507 0.012037
v -0.210725 -0.180726 0.012037
v -0.177817 -0.191057 0.012037
v -0.169167 -0.171411 0.012037
v -0.202635 -0.019648 0.012037
v -0.146225 -0.171411 0.012037
v -0.146225 -0.215000 -0.035000
v -0.080000 -0.215000 -0.035000
v -0.146225 -0.202289 0.012037
v -0.146225 -0.215000 -0.000674
v -0.146225 -0.211277 0.008314
v -0.080000 -0.202290 0.012037
v -0.080000 -0.215000 -0.000674
v -0.080000 -0.211277 0.008314
v -0.111055 -0.215000 -0.035000
v -0.119256 -0.215000 -0.035000
v -0.111055 -0.202290 0.012037
v -0.119256 -0.202289 0.012037
v -0.111055 -0.215000 -0.000674
v -0.119256 -0.215000 -0.000674
v -0.119256 -0.211277 0.008314
v -0.111055 -0.211277 0.008314
v -0.111055 -0.196436 0.012037
v -0.119257 -0.196435 0.012037
v -0.062171 -0.211293 0.008330
v -0.050165 -0.207513 0.004551
v -0.045215 -0.198321 -0.004642
v -0.062081 -0.215002 -0.000673
v -0.050088 -0.209999 -0.001669
v -0.062081 -0.202290 0.012039
v -0.050088 -0.201295 0.007036
v -0.045207 -0.198138 -0.035000
v -0.062069 -0.215000 -0.035000
v -0.050146 -0.210061 -0.035000
v -0.080000 -0.171610 0.012026
v -0.045207 -0.171609 -0.004836
v -0.045207 -0.171609 -0.035000
v -0.050146 -0.171610 0.007087
v -0.062069 -0.171611 0.012026
v -0.202635 -0.052725 0.012037
v -0.163648 -0.091712 0.012037
v -0.191216 -0.080293 0.012037
v -0.119167 -0.091712 0.012037
v -0.080000 -0.130878 0.012031
v -0.091472 -0.103183 0.012035
v -0.238722 -0.197450 0.012037
v -0.234622 -0.207348 0.012037
v -0.210725 -0.197450 0.012037
v -0.224724 -0.211448 0.012037
v -0.214825 -0.207348 0.012037
vn -0.0000 0.7071 0.7071
vn -0.0000 0.9808 0.1951
vn -0.0000 0.1951 0.9808
vn -0.0000 -0.0000 1.0000
vn -0.0000 1.0000 -0.0000
vn -0.0000 -0.9808 0.1951
vn -0.0000 -1.0000 -0.0000
vn -0.0000 -0.7071 0.7071
vn -0.0000 -0.1951 0.9808
vn -0.0000 -0.1949 0.9808
vn 0.0001 0.0003 1.0000
vn -0.0000 0.0003 1.0000
vn 0.9808 0.0001 0.1950
vn 0.9747 -0.1581 0.1582
vn 0.9808 -0.1951 -0.0000
vn 1.0000 -0.0000 -0.0000
vn 0.6889 -0.7109 0.1414
vn 0.7071 -0.7071 -0.0000
vn 0.1938 -0.9622 0.1914
vn 0.1951 -0.9808 -0.0000
vn 0.6889 -0.1413 0.7110
vn 0.6824 -0.5169 0.5169
vn 0.1938 -0.1912 0.9622
vn 0.1994 -0.6929 0.6929
vn 0.1951 0.0004 0.9808
vn 0.7071 0.0003 0.7071
vn 0.0001 0.0001 1.0000
vn 0.0002 0.9808 -0.1948
vn -0.0000 0.9808 -0.1951
vn -0.0000 0.7071 -0.7071
vn -0.0000 0.1951 -0.9808
vn -0.0000 0.1949 -0.9808
vn 0.0002 0.1947 -0.9809
vn 0.0004 0.7071 -0.7071
vn -0.0001 -0.0003 -1.0000
vn -0.0000 -0.0004 -1.0000
vn -0.9808 -0.0008 -0.1950
vn -1.0000 0.0001 -0.0001
vn -0.9808 0.1952 0.0007
vn -0.9749 0.1574 -0.1576
vn -0.7066 0.7076 0.0005
vn -0.6914 0.7082 -0.1425
vn -0.1957 0.9807 -0.0003
vn -0.1945 0.9622 -0.1908
vn -0.6801 0.5184 -0.5184
vn -0.6914 0.1424 -0.7083
vn -0.1980 0.6931 -0.6931
vn -0.1945 0.1906 -0.9622
vn -0.1957 -0.0001 -0.9807
vn -0.7066 -0.0008 -0.7076
vn -0.0000 -0.0000 -1.0000
vn -0.0002 -0.0002 -1.0000
vn 0.0001 0.0002 -1.0000
vn -0.9432 -0.3323 -0.0000
vn -0.7791 -0.6269 -0.0000
vn -0.9781 -0.2082 -0.0000
vn -0.2995 -0.9541 -0.0000
vn 0.9152 -0.4030 -0.0000
vn -1.0000 -0.0000 -0.0000
vn -0.0000 -1.0000 0.0001
vn -0.0000 1.0000 -0.0003
vn -0.0001 1.0000 -0.0003
vn -0.0002 1.0000 -0.0002
vn -0.0001 1.0000 -0.0000
vn 0.7071 0.7071 -0.0000
vn 0.1951 0.9808 -0.0000
vn 0.9808 0.1951 -0.0000
vn -0.7071 -0.7071 -0.0000
vn -0.9808 -0.1951 -0.0000
vn 0.0002 0.0002 1.0000
vn 0.0001 -0.0000 1.0000
vn 0.0002 -0.0001 1.0000
vn 0.0001 -0.0001 1.0000
vn -0.0000 -0.0001 1.0000
vt 0.219514 0.477234
vt 0.191670 0.477249
vt 0.191670 0.470134
vt 0.219512 0.470122
vt 0.191670 0.484364
vt 0.219517 0.484346
vt 0.219521 0.489370
vt 0.191670 0.489392
vt 0.191670 0.457921
vt 0.219508 0.457909
vt 0.142179 0.575890
vt 0.154182 0.576272
vt 0.154182 0.590583
vt 0.139992 0.590583
vt 0.157446 0.575868
vt 0.168460 0.575870
vt 0.168460 0.590468
vt 0.157446 0.590468
vt 0.168460 0.570583
vt 0.157446 0.570579
vt 0.157446 0.565290
vt 0.168460 0.565297
vt 0.154182 0.570747
vt 0.142411 0.570535
vt 0.142114 0.565244
vt 0.154182 0.565207
vt 0.154182 0.562457
vt 0.140437 0.552448
vt 0.117646 0.561943
vt 0.124066 0.570879
vt 0.117435 0.581033
vt 0.108378 0.572499
vt 0.129419 0.573872
vt 0.123788 0.585480
vt 0.135146 0.575413
vt 0.131035 0.588594
vt 0.129283 0.567655
vt 0.130121 0.570793
vt 0.134998 0.565901
vt 0.135676 0.570642
vt 0.131427 0.554122
vt 0.124077 0.557218
vt 0.168460 0.552139
vt 0.157446 0.562457
vt 0.186949 0.514476
vt 0.191670 0.503070
vt 0.212405 0.504584
vt 0.196801 0.566977
vt 0.195098 0.562889
vt 0.206667 0.562867
vt 0.051013 0.483472
vt 0.036632 0.485583
vt 0.036632 0.471385
vt 0.050683 0.471385
vt 0.050892 0.467994
vt 0.036580 0.467994
vt 0.036580 0.456757
vt 0.050875 0.456757
vt 0.054921 0.456757
vt 0.058963 0.456757
vt 0.059020 0.467994
vt 0.054954 0.467994
vt 0.054932 0.471385
vt 0.059182 0.471385
vt 0.059193 0.483607
vt 0.055123 0.483356
vt 0.061533 0.471385
vt 0.071725 0.485633
vt 0.063230 0.505338
vt 0.052772 0.514286
vt 0.044601 0.505318
vt 0.054622 0.499090
vt 0.041085 0.500023
vt 0.052538 0.494737
vt 0.038558 0.494116
vt 0.051330 0.490097
vt 0.054759 0.494201
vt 0.057013 0.494897
vt 0.054937 0.489721
vt 0.058505 0.490318
vt 0.069850 0.494152
vt 0.067137 0.500087
vt 0.071725 0.456757
vt 0.061471 0.467994
vt 0.376961 0.744116
vt 0.376961 0.755446
vt 0.374902 0.755446
vt 0.374902 0.744116
vt 0.376961 0.714212
vt 0.374901 0.714212
vt 0.376961 0.700016
vt 0.374901 0.700016
vt 0.376961 0.646042
vt 0.376961 0.660251
vt 0.374901 0.660251
vt 0.374901 0.646042
vt 0.376961 0.637198
vt 0.374901 0.637199
vt 0.376961 0.627747
vt 0.374901 0.627747
vt 0.374943 0.609747
vt 0.376960 0.614616
vt 0.374900 0.615026
vt 0.373367 0.611323
vt 0.370073 0.607730
vt 0.369664 0.609790
vt 0.355522 0.607730
vt 0.355522 0.609790
vt 0.061388 0.756164
vt 0.046836 0.756163
vt 0.046837 0.754103
vt 0.060978 0.754104
vt 0.046836 0.733371
vt 0.061388 0.733370
vt 0.060978 0.735430
vt 0.046837 0.735431
vt 0.066257 0.735386
vt 0.068275 0.740256
vt 0.066215 0.740665
vt 0.064681 0.736963
vt 0.068275 0.749277
vt 0.066257 0.754147
vt 0.064681 0.752570
vt 0.066215 0.748868
vt 0.068275 0.746456
vt 0.066215 0.746456
vt 0.068275 0.743077
vt 0.066215 0.743077
vt 0.036585 0.653545
vt 0.036584 0.645748
vt 0.038644 0.646158
vt 0.038645 0.653545
vt 0.039101 0.639669
vt 0.040678 0.641245
vt 0.045179 0.637150
vt 0.045589 0.639210
vt 0.058016 0.637148
vt 0.058016 0.639208
vt 0.036580 0.725642
vt 0.036580 0.713349
vt 0.038640 0.713349
vt 0.038640 0.725642
vt 0.036580 0.737935
vt 0.038640 0.737935
vt 0.036580 0.751562
vt 0.038639 0.751562
vt 0.036583 0.670325
vt 0.038642 0.670325
vt 0.036581 0.682674
vt 0.038641 0.682674
vt 0.036580 0.695024
vt 0.038640 0.695024
vt 0.376961 0.675968
vt 0.376961 0.680382
vt 0.374901 0.680382
vt 0.374901 0.675969
vt 0.376961 0.667141
vt 0.374901 0.667141
vt 0.376961 0.684796
vt 0.374901 0.684796
vt 0.376961 0.671555
vt 0.374901 0.671555
vt 0.140764 0.535543
vt 0.145553 0.524063
vt 0.157042 0.519293
vt 0.175520 0.519231
vt 0.177938 0.552139
vt 0.195085 0.555975
vt 0.181509 0.560257
vt 0.212405 0.534595
vt 0.206628 0.547607
vt 0.219525 0.495724
vt 0.204982 0.566960
vt 0.200895 0.568663
s 1
usemtl bb
f 923/1535/260 920/1536/260 918/1537/261 922/1538/261
f 919/1539/262 921/1540/262 917/1541/263 916/1542/263
f 918/1537/261 914/1543/264 915/1544/264 922/1538/261
f 931/1545/265 937/1546/265 933/1547/266 926/1548/266
f 938/1549/265 928/1550/265 925/1551/266 934/1552/266
f 929/1553/267 939/1554/267 936/1555/268 927/1556/268
f 940/1557/267 932/1558/267 930/1559/269 935/1560/269
f 928/1550/265 938/1549/265 939/1554/267 929/1553/267
f 937/1546/265 931/1545/265 932/1558/267 940/1557/267
f 919/1539/262 920/1536/260 923/1535/260 921/1540/262
f 941/1561/270 935/1560/269 930/1559/269 953/1562/271
f 954/1563/272 945/1564/273 950/1565/274 955/1566/275
f 950/1565/274 945/1564/273 947/1567/276 952/1568/277
f 952/1568/277 947/1567/276 946/1569/278 951/1570/279
f 945/1564/273 949/1571/280 944/1572/281
f 944/1572/281 949/1571/280 948/1573/282 943/1574/283
f 945/1564/273 944/1572/281 947/1567/276
f 947/1567/276 944/1572/281 943/1574/283 946/1569/278
f 932/1558/267 931/1545/265 946/1569/278 943/1574/283
f 930/1559/269 932/1558/267 943/1574/283 948/1573/282
f 931/1545/265 926/1548/266 951/1570/279 946/1569/278
f 953/1562/271 930/1559/269 948/1573/282 957/1575/284
f 949/1571/280 956/1576/285 957/1575/284 948/1573/282
f 945/1564/273 954/1563/272 956/1576/285 949/1571/280
f 924/1577/286 927/1556/268 936/1555/268 942/1578/286
f 960/1579/263 958/1580/263 908/1581/263
f 968/1582/263 966/1583/263 964/1584/263
f 984/1585/287 979/1586/264 986/1587/264 990/1588/288
f 991/1589/288 987/1590/264 978/1591/264 981/1592/288
f 982/1593/289 980/1594/290 989/1595/290 992/1596/289
f 993/1597/289 988/1598/291 983/1599/292 985/1600/293
f 981/1592/288 982/1593/289 992/1596/289 991/1589/288
f 990/1588/288 993/1597/289 985/1600/293 984/1585/287
f 994/1601/294 1006/1602/295 983/1599/292 988/1598/291
f 1007/1603/296 1008/1604/297 1003/1605/298 998/1606/299
f 1003/1605/298 1005/1607/300 1000/1608/301 998/1606/299
f 1005/1607/300 1004/1609/302 999/1610/303 1000/1608/301
f 998/1606/299 997/1611/304 1002/1612/305
f 997/1611/304 996/1613/306 1001/1614/307 1002/1612/305
f 998/1606/299 1000/1608/301 997/1611/304
f 1000/1608/301 999/1610/303 996/1613/306 997/1611/304
f 985/1600/293 996/1613/306 999/1610/303 984/1585/287
f 983/1599/292 1001/1614/307 996/1613/306 985/1600/293
f 984/1585/287 999/1610/303 1004/1609/302 979/1586/264
f 1006/1602/295 1010/1615/308 1001/1614/307 983/1599/292
f 1002/1612/305 1001/1614/307 1010/1615/308 1009/1616/309
f 998/1606/299 1002/1612/305 1009/1616/309 1007/1603/296
f 977/1617/310 995/1618/310 989/1595/290 980/1594/290
f 1006/1602/311 994/1601/311 995/1618/312 977/1617/312
f 908/1619/313 907/1620/314 969/1621/314 970/1622/313
f 909/1623/315 908/1619/313 970/1622/313 971/1624/315
f 910/1625/315 909/1623/315 971/1624/315 972/1626/315
s 0
f 912/1627/316 911/1628/316 973/1629/316 974/1630/316
f 913/1631/317 912/1627/317 974/1630/317 975/1632/317
f 924/1633/266 913/1631/266 975/1632/266 977/1634/266
s 1
f 929/1635/318 927/1636/318 980/1637/318 982/1638/318
f 928/1639/318 929/1635/318 982/1638/318 981/1640/318
f 925/1641/318 928/1639/318 981/1640/318 978/1642/318
f 938/1643/275 934/1644/275 987/1645/275 991/1646/275
f 933/1647/318 937/1648/318 990/1649/318 986/1650/318
f 940/1651/318 935/1652/318 988/1653/318 993/1654/318
f 936/1655/275 939/1656/275 992/1657/275 989/1658/275
f 937/1648/318 940/1651/318 993/1654/318 990/1649/318
f 939/1656/275 938/1643/275 991/1646/275 992/1657/275
f 942/1659/275 936/1655/275 989/1658/275 995/1660/275
f 935/1652/318 941/1661/318 994/1662/318 988/1653/318
f 927/1636/318 924/1633/318 977/1634/318 980/1637/318
s 0
f 941/1661/319 942/1659/319 995/1660/319 994/1662/319
s 1
f 953/1663/320 957/1664/321 1010/1665/321 1006/1666/320
f 957/1664/321 956/1667/322 1009/1668/322 1010/1665/321
f 956/1667/322 954/1669/323 1007/1670/323 1009/1668/322
f 954/1669/323 955/1671/264 1008/1672/264 1007/1670/323
f 960/1673/324 959/1674/325 1012/1675/325 1013/1676/324
f 958/1677/326 960/1673/324 1013/1676/324 1011/1678/326
f 916/1679/275 958/1677/326 1011/1678/326 976/1680/275
f 962/1681/326 953/1663/275 1006/1666/275 1015/1682/326
f 963/1683/324 962/1681/326 1015/1682/326 1016/1684/324
f 961/1685/325 963/1683/324 1016/1684/324 1014/1686/325
f 959/1674/325 961/1685/325 1014/1686/325 1012/1675/325
f 967/1687/266 965/1688/327 1018/1689/327 1020/1690/266
f 911/1628/275 966/1691/274 1019/1692/274 973/1629/275
f 964/1693/328 910/1625/315 972/1626/315 1017/1694/328
f 965/1688/327 964/1693/328 1017/1694/328 1018/1689/327
f 968/1695/277 967/1687/266 1020/1690/266 1021/1696/277
f 966/1691/274 968/1695/277 1021/1696/277 1019/1692/274
f 941/1561/329 953/1562/329 924/1577/286 942/1578/286
f 924/1577/330 953/1562/331 962/1697/332
f 962/1697/332 963/1698/333 961/1699/263
f 962/1697/332 961/1699/263 924/1577/330
f 961/1699/263 959/1700/263 924/1577/330
f 913/1701/263 924/1577/330 959/1700/263
f 911/1702/263 912/1703/263 913/1701/263
f 909/1704/263 910/1705/263 960/1579/263
f 910/1705/263 911/1702/263 913/1701/263
f 960/1579/263 910/1705/263 913/1701/263
f 917/1541/263 907/1706/263 908/1581/263
f 908/1581/263 909/1704/263 960/1579/263
f 960/1579/263 913/1701/263 959/1700/263
f 958/1580/263 916/1542/263 908/1581/263
f 916/1542/263 917/1541/263 908/1581/263
f 966/1583/263 911/1702/263 964/1584/263
f 911/1702/263 910/1705/263 964/1584/263
f 964/1584/263 965/1707/263 968/1582/263
f 965/1707/263 967/1708/263 968/1582/263
o Data_block_shield
v -0.214063 0.273590 0.008991
v 0.000000 0.397179 0.008991
v 0.123590 0.364063 0.008991
v -0.123590 0.364063 0.008991
v 0.000000 0.325518 0.008991
v 0.087759 0.302003 0.008991
v -0.087759 0.302003 0.008991
v -0.152003 0.237759 0.008991
v -0.152003 0.237759 0.014991
v 0.000000 0.325518 0.014991
v -0.087759 0.302003 0.014991
v 0.087759 0.302003 0.014991
v 0.000000 0.397179 0.014991
v -0.123590 0.364063 0.014991
v 0.123590 0.364063 0.014991
v -0.214063 0.273590 0.014991
v 0.177675 0.265758 0.008991
v 0.125142 0.264620 0.008991
v 0.151655 0.253827 0.008991
v 0.125142 0.264620 0.014991
v 0.177675 0.265758 0.014991
v 0.151655 0.253827 0.014991
v -0.150848 0.336805 0.008991
v -0.186805 0.300848 0.008991
v -0.150848 0.336805 0.014991
v -0.186805 0.300848 0.014991
v 0.131578 0.356074 0.008991
v 0.236818 0.328177 0.008991
v 0.236818 0.328177 0.014991
v 0.131578 0.356074 0.014991
v 0.220040 0.370040 0.008991
v 0.220040 0.370040 0.014991
v 0.139001 0.363497 0.008991
v 0.137014 0.388549 0.008991
v 0.133275 0.377320 0.008991
v 0.137014 0.388549 0.014991
v 0.139001 0.363497 0.014991
v 0.133275 0.377320 0.014991
v -0.161097 0.347054 0.014991
v -0.179075 0.354500 0.014991
v -0.197054 0.347054 0.014991
v -0.197054 0.311097 0.014991
v -0.204500 0.329075 0.014991
v -0.197054 0.347054 0.008991
v -0.161097 0.347054 0.008991
v -0.179075 0.354500 0.008991
v -0.197054 0.311097 0.008991
v -0.204500 0.329075 0.008991
v 0.157782 0.394992 0.008991
v 0.146203 0.395278 0.008991
v 0.157782 0.394992 0.014991
v 0.146203 0.395278 0.014991
v -0.219379 0.021095 0.025000
v -0.128905 -0.069378 0.025000
v -0.235850 0.004624 0.025000
v -0.235850 -0.023682 0.025000
v -0.241712 -0.009529 0.025000
v -0.173681 -0.085850 0.025000
v -0.145376 -0.085849 0.025000
v -0.159528 -0.091712 0.025000
v -0.241712 -0.009529 0.019050
v -0.235850 -0.023682 0.019050
v -0.235850 0.004624 0.019050
v -0.159528 -0.091712 0.019050
v -0.145376 -0.085849 0.019050
v -0.173681 -0.085850 0.019050
v -0.152003 0.062241 0.014991
v -0.219379 0.021095 0.019050
v -0.128905 -0.069378 0.019050
v -0.123589 -0.064063 0.014991
v -0.175518 0.150000 0.020991
v -0.152003 0.062241 0.020991
v -0.214063 0.026410 0.020991
v -0.214063 0.026410 0.014991
v -0.123589 -0.064063 0.020941
v -0.116827 0.027066 0.014991
v -0.108313 -0.037604 0.014991
v -0.105047 0.007762 0.014991
v -0.101930 -0.015908 0.014991
v -0.108313 -0.037604 0.020963
v -0.116827 0.027066 0.020991
v -0.101930 -0.015908 0.020977
v -0.105047 0.007762 0.020988
v -0.247179 0.150000 0.020991
v -0.245571 0.156000 0.014991
v -0.247179 0.150000 0.008991
v -0.245626 0.144204 0.014991
v -0.173910 0.156000 0.014991
v -0.173965 0.144204 0.014991
v -0.175518 0.150000 0.008991
vn -0.0000 -1.0000 -0.0000
vn 0.5000 -0.8660 -0.0000
vn -0.5000 0.8660 -0.0000
vn -0.0000 1.0000 -0.0000
vn -0.5000 -0.8660 -0.0000
vn 0.5000 0.8660 -0.0000
vn -0.5530 -0.8332 -0.0000
vn 0.0217 -0.9998 -0.0000
vn 0.5820 -0.8132 -0.0000
vn -0.8660 0.5000 -0.0000
vn -0.7071 0.7071 -0.0000
vn 0.7071 0.7071 -0.0000
vn 0.9282 0.3720 -0.0000
vn 0.7259 -0.6878 -0.0000
vn -0.8080 0.5892 -0.0000
vn -0.9994 -0.0356 -0.0000
vn -0.9239 -0.3827 -0.0000
vn 0.8660 -0.5000 -0.0000
vn 0.5556 0.8315 -0.0000
vn -0.8315 -0.5556 -0.0000
vn -1.0000 -0.0000 -0.0000
vn -0.7071 -0.7071 -0.0000
vn -0.2990 0.9542 -0.0000
vn 0.2016 0.9795 -0.0000
vn -0.0000 -0.0000 1.0000
vn 0.3344 0.3342 0.8812
vn 0.5556 -0.8315 -0.0000
vn -0.8315 0.5556 -0.0000
vn -0.5556 -0.8315 -0.0000
vn -0.9429 0.3331 -0.0000
vn -0.9881 0.1535 -0.0000
vn 0.7071 -0.7071 -0.0000
vn 0.7823 -0.6229 -0.0000
vn 0.8081 -0.5890 -0.0000
vn -0.0000 -0.0002 1.0000
vn 0.9192 -0.3938 -0.0000
vn 0.9192 -0.3939 -0.0000
vn 0.9970 -0.0775 -0.0000
vn 0.9429 0.3329 -0.0000
vn 0.9429 0.3330 -0.0000
vn 0.7859 0.6184 -0.0000
vn 0.8660 0.5000 -0.0000
vn -0.0001 -0.0003 1.0000
vn -0.9963 -0.0864 -0.0000
vn -0.9659 0.2588 -0.0000
vn -0.9960 0.0890 -0.0000
vn 0.9963 0.0865 -0.0000
vn 0.9659 0.2588 -0.0000
vn 0.9960 -0.0889 -0.0000
vn -0.0000 0.7071 0.7071
vn -0.9960 0.0891 -0.0000
vn -0.9659 -0.2588 -0.0000
vn 0.9659 -0.2588 -0.0000
vn 0.9960 -0.0891 -0.0000
vn 0.9963 0.0863 -0.0000
vn -0.0001 -0.0004 1.0000
vn -0.0000 -0.0003 1.0000
vn -0.0002 -0.0004 1.0000
vn -0.0000 -0.0004 1.0000
vt 0.105238 0.630465
vt 0.103469 0.632210
vt 0.084376 0.599604
vt 0.086731 0.598963
vt 0.053707 0.608566
vt 0.055940 0.607561
vt 0.082491 0.652976
vt 0.080731 0.654706
vt 0.135727 0.651687
vt 0.136557 0.649364
vt 0.126470 0.682465
vt 0.127704 0.680340
vt 0.157288 0.651986
vt 0.157724 0.649551
vt 0.169767 0.654755
vt 0.168022 0.656392
vt 0.174595 0.666953
vt 0.172188 0.667207
vt 0.053722 0.553281
vt 0.055975 0.554250
vt 0.055247 0.570144
vt 0.053112 0.568898
vt 0.053078 0.592722
vt 0.055202 0.591631
vt 0.132385 0.680861
vt 0.130519 0.682523
vt 0.155628 0.710128
vt 0.172388 0.702399
vt 0.174595 0.703265
vt 0.155616 0.712571
vt 0.132568 0.685348
vt 0.130767 0.684221
vt 0.125361 0.693154
vt 0.123036 0.692933
vt 0.125368 0.687454
vt 0.127190 0.688777
vt 0.086667 0.562674
vt 0.084269 0.562028
vt 0.049258 0.591034
vt 0.048421 0.593360
vt 0.040214 0.589651
vt 0.041993 0.588050
vt 0.036580 0.580953
vt 0.038949 0.580996
vt 0.048288 0.568698
vt 0.049164 0.570765
vt 0.041876 0.573885
vt 0.040183 0.572273
vt 0.126328 0.697555
vt 0.124283 0.698697
vt 0.129829 0.700479
vt 0.128747 0.702756
vt 0.128139 0.477017
vt 0.181005 0.477017
vt 0.181094 0.480514
vt 0.127895 0.480514
vt 0.183351 0.466930
vt 0.180986 0.467418
vt 0.178493 0.461635
vt 0.180151 0.460019
vt 0.130713 0.461606
vt 0.129164 0.459865
vt 0.136291 0.456757
vt 0.136496 0.459194
vt 0.128273 0.467332
vt 0.125856 0.466761
vt 0.172801 0.459194
vt 0.173027 0.456757
vt 0.126443 0.478620
vt 0.125925 0.476904
vt 0.183278 0.477428
vt 0.183477 0.481176
vt 0.135974 0.509284
vt 0.103506 0.528345
vt 0.082657 0.507827
vt 0.177775 0.492652
vt 0.180084 0.493590
vt 0.175116 0.502400
vt 0.173284 0.500769
vt 0.166583 0.508944
vt 0.165517 0.506741
vt 0.156746 0.511385
vt 0.156489 0.508942
vt 0.136798 0.511623
vt 0.080490 0.510452
vt 0.079555 0.506917
vt 0.106873 0.529172
vt 0.105150 0.530894
vt 0.101779 0.531596
vt 0.083319 0.504549
s 1
usemtl bb
f 1026/1709/334 1031/1710/334 1032/1711/335 1028/1712/335
f 1025/1713/336 1035/1714/336 1034/1715/337 1023/1716/337
f 1033/1717/338 1031/1710/334 1026/1709/334 1027/1718/338
f 1024/1719/339 1023/1716/337 1034/1715/337 1036/1720/339
f 1041/1721/340 1039/1722/340 1040/1723/341 1043/1724/341
f 1043/1724/341 1040/1723/341 1038/1725/342 1042/1726/342
f 1027/1718/338 1039/1722/340 1041/1721/340 1033/1717/338
f 1022/1727/343 1037/1728/343 1047/1729/344 1045/1730/344
f 1044/1731/344 1046/1732/344 1035/1714/336 1025/1713/336
f 1024/1719/339 1036/1720/339 1051/1733/345 1048/1734/345
f 1053/1735/345 1050/1736/346 1049/1737/346 1052/1738/345
f 1038/1725/342 1049/1737/347 1050/1736/347 1042/1726/342
s 0
f 1048/1734/344 1051/1733/344 1058/1739/344 1054/1740/344
s 1
f 1057/1741/348 1055/1742/348 1056/1743/349 1059/1744/349
f 1059/1744/349 1056/1743/349 1054/1740/350 1058/1739/350
f 1029/1745/351 1028/1712/335 1032/1711/335 1030/1746/351
f 1060/1747/352 1066/1748/352 1067/1749/337 1061/1750/337
f 1061/1750/337 1067/1749/337 1065/1751/344 1062/1752/344
f 1068/1753/353 1063/1754/353 1064/1755/354 1069/1756/354
f 1069/1756/354 1064/1755/354 1062/1752/344 1065/1751/344
f 1046/1732/345 1044/1731/345 1066/1748/352 1060/1747/352
f 1045/1730/355 1047/1729/355 1063/1754/353 1068/1753/353
f 1055/1742/348 1057/1741/348 1073/1757/356 1071/1758/356
f 1071/1758/356 1073/1757/356 1072/1759/357 1070/1760/357
f 1052/1738/345 1070/1760/357 1072/1759/357 1053/1735/345
f 1053/1735/358 1072/1759/358 1058/1739/358
f 1050/1736/358 1053/1735/358 1058/1739/358 1042/1726/358
f 1032/1711/358 1046/1732/358 1047/1729/358 1030/1746/358
f 1064/1755/358 1063/1754/358 1062/1752/358
f 1036/1720/358 1034/1715/358 1031/1710/358 1033/1717/358
f 1062/1752/358 1063/1754/358 1061/1750/358
f 1047/1729/358 1037/1728/358 1030/1746/358
f 1061/1750/358 1063/1754/358 1060/1747/358
f 1035/1714/358 1046/1732/358 1032/1711/358
f 1033/1717/358 1041/1721/358 1051/1733/358
f 1041/1721/358 1043/1724/358 1042/1726/358
f 1041/1721/358 1042/1726/358 1051/1733/358
f 1035/1714/358 1032/1711/358 1031/1710/358 1034/1715/358
f 1051/1733/358 1036/1720/358 1033/1717/358
f 1057/1741/358 1059/1744/358 1072/1759/358
f 1059/1744/358 1058/1739/358 1072/1759/358
f 1073/1757/358 1057/1741/358 1072/1759/358
f 1058/1739/358 1051/1733/358 1042/1726/358
f 1046/1732/358 1060/1747/358 1063/1754/358 1047/1729/358
s 0
f 1074/1761/359 1075/1762/359 1096/1763/359 1094/1764/359
s 1
f 1086/1765/360 1080/1766/360 1081/1767/334 1085/1768/334
f 1078/1769/354 1082/1770/354 1083/1771/353 1077/1772/353
f 1076/1773/361 1084/1774/361 1082/1770/354 1078/1769/354
f 1085/1768/334 1081/1767/334 1079/1775/362 1087/1776/362
s 0
f 1079/1775/358 1081/1767/358 1080/1766/358
s 1
f 1087/1776/362 1079/1775/362 1077/1772/353 1083/1771/353
f 1094/1764/363 1095/1777/364 1089/1778/344 1074/1761/344
f 1080/1766/360 1086/1765/360 1090/1779/365 1075/1762/365
f 1096/1763/366 1075/1762/365 1090/1779/365 1091/1780/367
f 1076/1773/361 1074/1761/344 1089/1778/344 1084/1774/361
f 1094/1764/368 1093/1781/358 1092/1782/358 1105/1783/358
f 1101/1784/369 1098/1785/370 1100/1786/371 1103/1787/371
f 1103/1787/371 1100/1786/371 1099/1788/372 1104/1789/373
f 1104/1789/373 1099/1788/372 1097/1790/374 1102/1791/374
f 1097/1790/374 1088/1792/375 1093/1781/375 1102/1791/374
f 1101/1784/369 1096/1763/366 1091/1780/367 1098/1785/370
f 1102/1791/376 1093/1781/358 1094/1764/368
f 1105/1783/377 1106/1793/378 1107/1794/379
f 1092/1782/380 1110/1795/381 1111/1796/382
s 0
f 1109/1797/383 1106/1793/383 1105/1783/383 1092/1782/383
s 1
f 1022/1727/343 1107/1794/384 1106/1793/378 1037/1728/343
f 1106/1793/358 1109/1797/358 1030/1746/358 1037/1728/358
f 1095/1777/364 1094/1764/363 1105/1783/377 1108/1798/385
f 1088/1792/375 1110/1795/381 1092/1782/380 1093/1781/375
f 1029/1745/351 1030/1746/351 1109/1797/386 1111/1796/387
f 1109/1797/386 1092/1782/388 1111/1796/387
f 1108/1798/385 1105/1783/377 1107/1794/379
s 0
f 1080/1766/358 1075/1762/358 1079/1775/358
f 1075/1762/358 1074/1761/358 1079/1775/358
f 1074/1761/358 1076/1773/358 1077/1772/358
f 1076/1773/358 1078/1769/358 1077/1772/358
f 1077/1772/358 1079/1775/358 1074/1761/358
s 1
f 1096/1763/389 1101/1784/390 1094/1764/368
f 1101/1784/390 1103/1787/391 1102/1791/376
f 1094/1764/368 1101/1784/390 1102/1791/376
f 1103/1787/391 1104/1789/392 1102/1791/376
o Data_cable
v 0.002898 -0.239843 -0.005000
v -0.127931 -0.144774 -0.005000
v -0.075125 -0.143601 -0.005000
v -0.017804 -0.158056 -0.005000
v 0.007820 -0.200938 -0.005000
v 0.010000 -0.239843 -0.035000
v -0.120829 -0.144774 -0.035000
v -0.068023 -0.143601 -0.035000
v -0.010702 -0.158056 -0.035000
v 0.014922 -0.200938 -0.035000
v -0.075406 -0.146095 -0.005000
v -0.127876 -0.147284 -0.005000
v -0.019302 -0.160070 -0.005000
v 0.005364 -0.201453 -0.005000
v 0.000408 -0.239843 -0.005000
v -0.068305 -0.146095 -0.035000
v -0.120774 -0.147284 -0.035000
v -0.012200 -0.160070 -0.035000
v 0.012466 -0.201453 -0.035000
v 0.007510 -0.239843 -0.035000
vn 0.9552 0.1909 0.2261
vn 0.6239 0.7674 0.1477
vn 0.5532 0.8227 0.1310
vn 0.9515 0.2097 0.2252
vn 0.9658 -0.1222 0.2286
vn 0.1316 0.9908 0.0312
vn 0.0925 0.9955 0.0219
vn -0.0222 0.9997 -0.0053
vn -0.9555 -0.1892 -0.2262
vn -0.9518 -0.2079 -0.2253
vn -0.5523 -0.8233 -0.1307
vn -0.6234 -0.7678 -0.1476
vn -0.9655 0.1246 -0.2286
vn -0.0910 -0.9956 -0.0215
vn -0.1298 -0.9911 -0.0307
vn 0.0227 -0.9997 0.0054
vn -0.0000 -0.0000 1.0000
vt 0.823213 0.426664
vt 0.823213 0.406712
vt 0.835749 0.406712
vt 0.835749 0.426664
vt 0.823213 0.442507
vt 0.835749 0.442507
vt 0.823213 0.382936
vt 0.835749 0.382936
vt 0.823213 0.361526
vt 0.835749 0.361526
vt 0.849278 0.426664
vt 0.836742 0.426664
vt 0.836742 0.406712
vt 0.849278 0.406712
vt 0.849278 0.442507
vt 0.836742 0.442507
vt 0.836742 0.382936
vt 0.849278 0.382936
vt 0.836742 0.361526
vt 0.849278 0.361526
s 1
usemtl bb
f 1121/1799/393 1120/1800/394 1115/1801/395 1116/1802/396
f 1117/1803/397 1121/1799/393 1116/1802/396 1112/1804/397
f 1120/1800/394 1119/1805/398 1114/1806/399 1115/1801/395
f 1119/1805/398 1118/1807/400 1113/1808/400 1114/1806/399
f 1130/1809/401 1125/1810/402 1124/1811/403 1129/1812/404
f 1131/1813/405 1126/1814/405 1125/1810/402 1130/1809/401
f 1129/1812/404 1124/1811/403 1122/1815/406 1127/1816/407
f 1127/1816/407 1122/1815/406 1123/1817/408 1128/1818/408
f 1116/1802/409 1125/1810/409 1126/1814/409 1112/1804/409
f 1113/1808/409 1123/1817/409 1122/1815/409 1114/1806/409
f 1114/1806/409 1122/1815/409 1124/1811/409 1115/1801/409
f 1115/1801/409 1124/1811/409 1125/1810/409 1116/1802/409
o Data_contact_cover
v 0.280000 -0.450000 -0.075000
v 0.280000 -0.450000 -0.085000
v 0.260000 -0.370000 -0.075000
v 0.260000 -0.450000 -0.075000
v 0.250000 -0.370000 -0.075000
v 0.250000 -0.370000 -0.015000
v 0.260000 -0.370000 -0.015000
v 0.250000 -0.450000 -0.015000
v 0.260000 -0.450000 -0.015000
v 0.280000 -0.330000 -0.075000
v 0.280000 -0.330000 -0.085000
v 0.210000 -0.330000 -0.075000
v -0.280000 -0.450000 -0.075000
v -0.280000 -0.450000 -0.085000
v -0.260000 -0.370000 -0.075000
v -0.260000 -0.450000 -0.075000
v -0.250000 -0.370000 -0.075000
v -0.250000 -0.370000 -0.015000
v -0.260000 -0.370000 -0.015000
v -0.250000 -0.450000 -0.015000
v -0.260000 -0.450000 -0.015000
v -0.280000 -0.330000 -0.075000
v -0.280000 -0.330000 -0.085000
v -0.210000 -0.330000 -0.085000
v 0.170000 -0.370000 -0.075000
v 0.170000 -0.370000 -0.085000
v 0.210000 -0.330000 -0.085000
v -0.170000 -0.370000 -0.075000
v -0.210000 -0.330000 -0.075000
v -0.170000 -0.370000 -0.085000
v -0.250000 -0.450000 -0.085000
v 0.250000 -0.450000 -0.085000
v 0.250000 -0.440000 -0.075000
v -0.250000 -0.440000 -0.075000
v 0.250000 -0.440000 -0.085000
v -0.250000 -0.440000 -0.085000
v 0.210000 -0.430000 -0.075000
v -0.210000 -0.430000 -0.085000
v -0.220000 -0.440000 -0.085000
v -0.220000 -0.440000 -0.075000
v -0.210000 -0.430000 -0.075000
v 0.220000 -0.440000 -0.085000
v 0.210000 -0.430000 -0.085000
v 0.220000 -0.440000 -0.075000
vn 1.0000 -0.0000 -0.0000
vn -0.0000 1.0000 -0.0000
vn -0.0000 -1.0000 -0.0000
vn -1.0000 -0.0000 -0.0000
vn -0.7071 0.7071 -0.0000
vn 0.7071 0.7071 -0.0000
vn -0.7071 -0.7071 -0.0000
vn 0.7071 -0.7071 -0.0000
vn -0.0000 -0.0000 -1.0000
vn -0.0000 -0.0000 1.0000
vt 0.044995 0.036864
vt 0.044995 0.003906
vt 0.069714 0.003906
vt 0.069714 0.036864
vt 0.851926 0.320648
vt 0.876644 0.324767
vt 0.851926 0.353606
vt 0.880764 0.550645
vt 0.880764 0.600082
vt 0.876644 0.600082
vt 0.876644 0.550645
vt 0.830744 0.507356
vt 0.826607 0.507438
vt 0.826607 0.478934
vt 0.830415 0.477715
vt 0.851926 0.316528
vt 0.876644 0.316528
vt 0.135555 0.061264
vt 0.110837 0.061264
vt 0.110837 0.028306
vt 0.135555 0.028306
vt 0.876644 0.308289
vt 0.876644 0.258852
vt 0.880764 0.258852
vt 0.880764 0.308289
vt 0.826946 0.275172
vt 0.830857 0.275216
vt 0.830857 0.304887
vt 0.826946 0.303726
vt 0.811127 0.461613
vt 0.815224 0.461165
vt 0.815224 0.321447
vt 0.811127 0.320977
vt 0.876644 0.542406
vt 0.876644 0.342953
vt 0.880764 0.342953
vt 0.880764 0.515981
vt 0.876644 0.515981
vt 0.880764 0.521807
vt 0.876644 0.521807
vt 0.876644 0.337127
vt 0.880764 0.337127
vt 0.880764 0.324768
vt 0.786202 0.478198
vt 0.905533 0.493835
vt 0.905533 0.497954
vt 0.889054 0.506194
vt 0.851926 0.505328
vt 0.876644 0.505328
vt 0.876644 0.534167
vt 0.880764 0.534167
vt 0.880764 0.320648
vt 0.876644 0.353606
vt 0.851926 0.542406
vt 0.851926 0.538286
vt 0.880764 0.538286
vt 0.777817 0.287686
vt 0.777817 0.275172
vt 0.781961 0.287710
vt 0.786202 0.304370
vt 0.781860 0.494942
vt 0.777668 0.507438
vt 0.777668 0.494959
vt 0.781860 0.482401
vt 0.781961 0.300195
vt 0.938491 0.497954
vt 0.938491 0.506194
vt 0.889054 0.477356
vt 0.905533 0.460877
vt 0.905533 0.320806
vt 0.889054 0.304327
vt 0.905533 0.287848
vt 0.889054 0.275489
vt 0.938491 0.275489
vt 0.905533 0.283729
vt 0.938491 0.283729
vt 0.934371 0.287848
vt 0.930252 0.304327
vt 0.934371 0.300208
vt 0.930252 0.477356
vt 0.934371 0.481475
vt 0.934371 0.493835
s 0
usemtl bb
f 1135/1819/410 1134/1820/410 1138/1821/410 1140/1822/410
f 1151/1823/410 1165/1824/410 1149/1825/410
f 1133/1826/410 1142/1827/410 1141/1828/410 1132/1829/410
f 1141/1830/411 1142/1831/411 1158/1832/411 1143/1833/411
f 1151/1823/412 1152/1834/412 1147/1835/412
f 1147/1836/413 1152/1837/413 1150/1838/413 1146/1839/413
f 1144/1840/413 1153/1841/413 1154/1842/413 1145/1843/413
f 1154/1844/411 1153/1845/411 1160/1846/411 1155/1847/411
f 1143/1833/414 1158/1832/414 1157/1848/414 1156/1849/414
f 1159/1850/415 1161/1851/415 1155/1847/415 1160/1846/415
f 1157/1848/411 1161/1851/411 1159/1850/411 1156/1849/411
f 1133/1826/412 1132/1829/412 1135/1852/412
f 1172/1853/412 1169/1854/412 1174/1855/412 1168/1856/412
f 1173/1857/416 1175/1858/416 1168/1856/416 1174/1855/416
f 1169/1854/417 1172/1853/417 1171/1859/417 1170/1860/417
f 1165/1824/412 1167/1861/412 1170/1860/412 1171/1859/412
f 1161/1851/418 1157/1848/418 1174/1862/418
f 1136/1863/419 1134/1864/419 1141/1865/419
f 1137/1866/413 1136/1867/413 1164/1868/413
f 1175/1858/412 1173/1857/412 1166/1869/412 1164/1868/412
f 1151/1823/410 1162/1870/410 1165/1824/410
f 1162/1870/410 1167/1861/410 1165/1824/410
f 1165/1824/410 1148/1871/410 1149/1825/410
f 1144/1840/412 1145/1843/412 1147/1835/412
f 1145/1843/412 1162/1870/412 1147/1835/412
f 1162/1870/412 1151/1823/412 1147/1835/412
f 1140/1872/412 1139/1873/412 1135/1852/412
f 1139/1873/412 1163/1874/412 1135/1852/412
f 1163/1874/412 1133/1826/412 1135/1852/412
f 1162/1875/418 1145/1876/418 1167/1877/418
f 1145/1876/418 1154/1844/418 1167/1877/418
f 1154/1844/418 1155/1847/418 1167/1877/418
f 1155/1847/418 1161/1851/418 1169/1878/418
f 1167/1877/418 1155/1847/418 1169/1878/418
f 1157/1848/418 1158/1832/418 1174/1862/418
f 1158/1832/418 1142/1831/418 1166/1879/418
f 1158/1832/418 1166/1879/418 1174/1862/418
f 1142/1831/418 1133/1880/418 1166/1879/418
f 1133/1880/418 1163/1881/418 1166/1879/418
f 1166/1879/418 1173/1882/418 1174/1862/418
f 1169/1878/418 1170/1883/418 1167/1877/418
f 1174/1862/418 1169/1878/418 1161/1851/418
f 1134/1864/419 1135/1884/419 1132/1885/419
f 1141/1865/419 1143/1886/419 1136/1863/419
f 1143/1886/419 1156/1887/419 1136/1863/419
f 1159/1888/419 1160/1889/419 1148/1890/419
f 1160/1889/419 1153/1891/419 1148/1890/419
f 1153/1891/419 1144/1892/419 1146/1893/419
f 1144/1892/419 1147/1894/419 1146/1893/419
f 1153/1891/419 1146/1893/419 1148/1890/419
f 1148/1890/419 1165/1895/419 1172/1896/419
f 1165/1895/419 1171/1897/419 1172/1896/419
f 1159/1888/419 1148/1890/419 1172/1896/419
f 1168/1898/419 1175/1899/419 1164/1900/419
f 1159/1888/419 1172/1896/419 1168/1898/419
f 1156/1887/419 1159/1888/419 1168/1898/419
f 1168/1898/419 1164/1900/419 1136/1863/419
f 1134/1864/419 1132/1885/419 1141/1865/419
f 1156/1887/419 1168/1898/419 1136/1863/419
f 1166/1869/413 1163/1874/413 1164/1868/413
f 1163/1874/413 1139/1873/413 1164/1868/413
f 1139/1873/413 1137/1866/413 1164/1868/413
o Reader_head_holder
v 0.106425 -0.128967 0.007000
v 0.106425 -0.072646 0.007000
v 0.106425 -0.128967 -0.023000
v 0.106425 -0.072646 -0.023000
v 0.113285 -0.130339 0.007000
v 0.113285 -0.071274 0.007000
v 0.113285 -0.130339 -0.023000
v 0.113285 -0.071274 -0.023000
v 0.106425 -0.128967 0.003000
v 0.106425 -0.072646 0.003000
v 0.106425 -0.072646 -0.006000
v 0.106425 -0.128967 -0.006000
v 0.106425 -0.072646 -0.010000
v 0.106425 -0.128967 -0.010000
v 0.106425 -0.072646 -0.019000
v 0.106425 -0.128967 -0.019000
v 0.102132 -0.128109 -0.006000
v 0.102132 -0.128109 0.003000
v 0.102132 -0.073505 0.003000
v 0.102132 -0.073505 -0.006000
v 0.102132 -0.128109 -0.019000
v 0.102132 -0.128109 -0.010000
v 0.102132 -0.073505 -0.010000
v 0.102132 -0.073505 -0.019000
v 0.113285 -0.080827 -0.012183
v 0.127413 -0.114935 -0.003816
v 0.113285 -0.120786 -0.003816
v 0.113285 -0.080827 -0.003816
v 0.113285 -0.120786 -0.012183
v 0.127413 -0.114935 -0.012183
v 0.133265 -0.100807 -0.012183
v 0.127413 -0.086679 -0.012183
v 0.133265 -0.100807 -0.003816
v 0.127413 -0.086679 -0.003816
vn -1.0000 -0.0000 -0.0000
vn -0.0000 -0.0000 -1.0000
vn -0.0000 -0.0000 1.0000
vn 1.0000 -0.0000 -0.0000
vn -0.1961 -0.9806 -0.0000
vn -0.1961 0.9806 -0.0000
vn 0.7071 0.7071 -0.0000
vn 0.7071 -0.7071 -0.0000
vn 0.3827 -0.9239 -0.0000
vn 0.3827 0.9239 -0.0000
vt 0.167801 0.724859
vt 0.144599 0.724859
vt 0.144599 0.723211
vt 0.167801 0.723211
vt 0.144033 0.720385
vt 0.168367 0.720385
vt 0.168367 0.745470
vt 0.144033 0.745470
vt 0.144599 0.742644
vt 0.167801 0.742644
vt 0.285337 0.711778
vt 0.285337 0.736111
vt 0.272978 0.736111
vt 0.272978 0.711778
vt 0.144599 0.740996
vt 0.167801 0.740996
vt 0.279982 0.738993
vt 0.278334 0.738993
vt 0.167801 0.733752
vt 0.144599 0.733752
vt 0.144599 0.732104
vt 0.167801 0.732104
vt 0.167448 0.735520
vt 0.144952 0.735520
vt 0.167448 0.739228
vt 0.144952 0.739228
vt 0.167448 0.730335
vt 0.144952 0.730335
vt 0.144952 0.726627
vt 0.167448 0.726627
vt 0.274626 0.708896
vt 0.278334 0.708896
vt 0.132531 0.612445
vt 0.131212 0.615629
vt 0.125391 0.613218
vt 0.126710 0.610034
vt 0.120890 0.607623
vt 0.119571 0.610808
vt 0.113751 0.608397
vt 0.115070 0.605212
vt 0.138351 0.614855
vt 0.137032 0.618040
vt 0.122981 0.623860
vt 0.125391 0.618040
vt 0.138351 0.598393
vt 0.274626 0.738993
vt 0.272978 0.738993
vt 0.285337 0.738993
vt 0.283689 0.738993
vt 0.283689 0.740797
vt 0.279982 0.740797
vt 0.278334 0.740797
vt 0.274626 0.740797
vt 0.279982 0.708896
vt 0.279982 0.707092
vt 0.283689 0.707092
vt 0.283689 0.708896
vt 0.285337 0.708896
vt 0.274626 0.707092
vt 0.278334 0.707092
vt 0.272978 0.708896
vt 0.125391 0.629680
vt 0.130120 0.606624
vt 0.132531 0.600804
s 0
usemtl bb
f 1191/1901/420 1190/1902/420 1179/1903/420 1178/1904/420
f 1178/1904/421 1179/1903/421 1183/1905/421 1182/1906/421
f 1180/1907/422 1181/1908/422 1177/1909/422 1176/1910/422
f 1181/1911/423 1180/1912/423 1182/1913/423 1183/1914/423
f 1176/1910/420 1177/1909/420 1185/1915/420 1184/1916/420
f 1182/1913/424 1187/1917/424 1189/1918/424
f 1187/1919/420 1186/1920/420 1188/1921/420 1189/1922/420
f 1186/1920/421 1187/1919/421 1192/1923/421 1195/1924/421
f 1193/1925/420 1194/1926/420 1195/1924/420 1192/1923/420
f 1197/1927/420 1198/1928/420 1199/1929/420 1196/1930/420
f 1190/1902/421 1191/1901/421 1196/1930/421 1199/1929/421
f 1184/1916/422 1185/1915/422 1194/1926/422 1193/1925/422
f 1189/1922/422 1188/1921/422 1198/1928/422 1197/1927/422
f 1190/1931/425 1188/1932/425 1183/1914/425
s 1
f 1207/1933/426 1209/1934/426 1208/1935/423 1206/1936/423
f 1205/1937/427 1201/1938/427 1202/1939/428 1204/1940/428
f 1200/1941/429 1203/1942/429 1209/1934/426 1207/1933/426
f 1206/1936/423 1208/1935/423 1201/1938/427 1205/1937/427
s 0
f 1201/1943/422 1208/1944/422 1209/1934/422
f 1204/1945/421 1200/1941/421 1207/1933/421
f 1191/1946/424 1178/1947/424 1182/1913/424
f 1182/1913/424 1180/1912/424 1187/1917/424
f 1180/1912/424 1176/1948/424 1184/1949/424
f 1184/1949/424 1193/1950/424 1192/1951/424
f 1180/1912/424 1184/1949/424 1187/1917/424
f 1197/1952/424 1196/1953/424 1191/1946/424
f 1184/1949/424 1192/1951/424 1187/1917/424
f 1189/1918/424 1197/1952/424 1191/1946/424
f 1189/1918/424 1191/1946/424 1182/1913/424
f 1186/1954/425 1195/1955/425 1194/1956/425
f 1185/1957/425 1177/1958/425 1181/1911/425
f 1186/1954/425 1194/1956/425 1185/1957/425
f 1199/1959/425 1198/1960/425 1188/1932/425
f 1186/1954/425 1185/1957/425 1181/1911/425
f 1190/1931/425 1199/1959/425 1188/1932/425
f 1188/1932/425 1186/1954/425 1181/1911/425
f 1181/1911/425 1183/1914/425 1188/1932/425
f 1183/1914/425 1179/1961/425 1190/1931/425
f 1209/1934/422 1203/1942/422 1202/1962/422
f 1202/1962/422 1201/1943/422 1209/1934/422
f 1206/1963/421 1205/1964/421 1207/1933/421
f 1205/1964/421 1204/1945/421 1207/1933/421
