{
  "credit": "Made with Blockbench",
  "textures": {
    "1": "engine:~/dora",
    "particle": "engine:~/dora"
  },
  "elements": [
    {
      "from": [0, 0, 3],
      "to": [26, 3, 13],
      "faces": {
        "north": {"uv": [0, 7.32026, 2.59477, 10.56209], "rotation": 270, "texture": "#1"},
        "east": {"uv": [4.49673, 0, 7.0915, 1.98693], "rotation": 270, "texture": "#1"},
        "south": {"uv": [11.92157, 0, 14.92157, 16], "rotation": 90, "texture": "#1"},
        "west": {"uv": [0, 10.03922, 2.59477, 13.28105], "rotation": 270, "texture": "#1"},
        "up": {"uv": [0, 0, 15.05882, 16], "rotation": 90, "texture": "#1"},
        "down": {"uv": [0, 0, 15.05882, 16], "rotation": 90, "texture": "#1"}
      }
    },
    {
      "from": [14, 0, 13],
      "to": [26, 3, 14],
      "faces": {
        "north": {"uv": [0, 7.32026, 2.59477, 10.56209], "rotation": 270, "texture": "#1"},
        "east": {"uv": [4.49673, 0, 7.0915, 1.98693], "rotation": 270, "texture": "#1"},
        "south": {"uv": [0, 7.32026, 2.59477, 10.56209], "rotation": 90, "texture": "#1"},
        "west": {"uv": [0, 10.03922, 3, 11.03922], "rotation": 270, "texture": "#1"},
        "up": {"uv": [14.53595, 0, 16, 7.37255], "rotation": 90, "texture": "#1"},
        "down": {"uv": [0.4183, 0, 0, 7.37255], "rotation": 90, "texture": "#1"}
      }
    },
    {
      "from": [14, 0, 2],
      "to": [26, 3, 3],
      "rotation": {"angle": 0, "axis": "y", "origin": [0, 0, 16]},
      "faces": {
        "north": {"uv": [0, 10.56209, 2.59477, 7.32026], "rotation": 90, "texture": "#1"},
        "east": {"uv": [4.49673, 1.98693, 7.0915, 0], "rotation": 270, "texture": "#1"},
        "south": {"uv": [0, 10.56209, 2.59477, 7.32026], "rotation": 270, "texture": "#1"},
        "west": {"uv": [0, 11.03922, 3, 10.03922], "rotation": 270, "texture": "#1"},
        "up": {"uv": [0.4183, 0, 0, 7.37255], "rotation": 90, "texture": "#1"},
        "down": {"uv": [14.53595, 0, 16, 7.37255], "rotation": 90, "texture": "#1"}
      }
    },
    {
      "from": [0, 0, 13],
      "to": [11, 3, 14],
      "rotation": {"angle": 0, "axis": "y", "origin": [16, 0, 0]},
      "faces": {
        "north": {"uv": [0, 10.56209, 2.59477, 7.32026], "rotation": 270, "texture": "#1"},
        "east": {"uv": [0, 11.03922, 3, 10.03922], "rotation": 270, "texture": "#1"},
        "south": {"uv": [0, 10.56209, 2.59477, 7.32026], "rotation": 90, "texture": "#1"},
        "west": {"uv": [4.49673, 1.98693, 7.0915, 0], "rotation": 270, "texture": "#1"},
        "up": {"uv": [16, 16, 15, 9.18301], "rotation": 270, "texture": "#1"},
        "down": {"uv": [1, 16, 0, 9.18301], "rotation": 270, "texture": "#1"}
      }
    },
    {
      "from": [0, 0, 2],
      "to": [11, 3, 3],
      "rotation": {"angle": 0, "axis": "y", "origin": [16, 0, 16]},
      "faces": {
        "north": {"uv": [0, 7.32026, 2.59477, 10.56209], "rotation": 90, "texture": "#1"},
        "east": {"uv": [0, 10.03922, 3, 11.03922], "rotation": 270, "texture": "#1"},
        "south": {"uv": [0, 7.32026, 2.59477, 10.56209], "rotation": 270, "texture": "#1"},
        "west": {"uv": [4.49673, 0, 7.0915, 1.98693], "rotation": 270, "texture": "#1"},
        "up": {"uv": [1, 16, 0, 9.18301], "rotation": 270, "texture": "#1"},
        "down": {"uv": [16, 16, 15, 9.18301], "rotation": 270, "texture": "#1"}
      }
    },
    {
      "from": [26, 0, 11],
      "to": [27, 3, 14],
      "faces": {
        "north": {"uv": [0, 0, 3, 1], "rotation": 90, "texture": "#1"},
        "east": {"uv": [0, 0, 3, 1], "rotation": 90, "texture": "#1"},
        "south": {"uv": [0, 0, 3, 1], "rotation": 90, "texture": "#1"},
        "west": {"uv": [0, 0, 3, 1], "rotation": 90, "texture": "#1"},
        "up": {"uv": [0, 0, 3, 1], "rotation": 90, "texture": "#1"},
        "down": {"uv": [0, 0, 3, 1], "rotation": 90, "texture": "#1"}
      }
    },
    {
      "from": [23.84573, 0.025, 19.56978],
      "to": [24.84573, 2.975, 22.16978],
      "rotation": {"angle": 22.5, "axis": "y", "origin": [-2.15427, 0, 11.16978]},
      "faces": {
        "north": {"uv": [0, 0, 3, 1], "rotation": 90, "texture": "#1"},
        "east": {"uv": [0, 0, 3, 1], "rotation": 90, "texture": "#1"},
        "south": {"uv": [0, 0, 3, 1], "rotation": 90, "texture": "#1"},
        "west": {"uv": [0, 0, 3, 1], "rotation": 90, "texture": "#1"},
        "up": {"uv": [0, 0, 3, 1], "rotation": 90, "texture": "#1"},
        "down": {"uv": [0, 0, 3, 1], "rotation": 90, "texture": "#1"}
      }
    },
    {
      "from": [23.84573, 0.025, -6.16978],
      "to": [24.84573, 2.975, -3.56978],
      "rotation": {"angle": -22.5, "axis": "y", "origin": [-2.15427, 0, 4.83022]},
      "faces": {
        "north": {"uv": [0, 1, 3, 0], "rotation": 90, "texture": "#1"},
        "east": {"uv": [0, 1, 3, 0], "rotation": 90, "texture": "#1"},
        "south": {"uv": [0, 1, 3, 0], "rotation": 90, "texture": "#1"},
        "west": {"uv": [0, 1, 3, 0], "rotation": 90, "texture": "#1"},
        "up": {"uv": [3, 0, 0, 1], "rotation": 90, "texture": "#1"},
        "down": {"uv": [3, 0, 0, 1], "rotation": 90, "texture": "#1"}
      }
    },
    {
      "from": [8.3, 0.025, 27.8],
      "to": [9.3, 2.975, 30],
      "rotation": {"angle": 45, "axis": "y", "origin": [0, 0, 0]},
      "faces": {
        "north": {"uv": [0, 0, 3, 1], "rotation": 90, "texture": "#1"},
        "east": {"uv": [0, 0, 3, 1], "rotation": 90, "texture": "#1"},
        "south": {"uv": [0, 0, 3, 1], "rotation": 90, "texture": "#1"},
        "west": {"uv": [0, 0, 3, 1], "rotation": 90, "texture": "#1"},
        "up": {"uv": [0, 0, 3, 1], "rotation": 90, "texture": "#1"},
        "down": {"uv": [0, 0, 3, 1], "rotation": 90, "texture": "#1"}
      }
    },
    {
      "from": [8.3, 0.025, -14],
      "to": [9.3, 2.975, -11.8],
      "rotation": {"angle": -45, "axis": "y", "origin": [0, 0, 16]},
      "faces": {
        "north": {"uv": [0, 1, 3, 0], "rotation": 90, "texture": "#1"},
        "east": {"uv": [0, 1, 3, 0], "rotation": 90, "texture": "#1"},
        "south": {"uv": [0, 1, 3, 0], "rotation": 90, "texture": "#1"},
        "west": {"uv": [0, 1, 3, 0], "rotation": 90, "texture": "#1"},
        "up": {"uv": [3, 0, 0, 1], "rotation": 90, "texture": "#1"},
        "down": {"uv": [3, 0, 0, 1], "rotation": 90, "texture": "#1"}
      }
    },
    {
      "from": [16.7, 0.025, 27.8],
      "to": [17.7, 2.975, 30],
      "rotation": {"angle": -45, "axis": "y", "origin": [26, 0, 0]},
      "faces": {
        "north": {"uv": [13, 15.22222, 16, 14.22222], "rotation": 90, "texture": "#1"},
        "east": {"uv": [3.79739, 1.31373, 6.79739, 0.31373], "rotation": 90, "texture": "#1"},
        "south": {"uv": [13, 15.22222, 16, 14.22222], "rotation": 90, "texture": "#1"},
        "west": {"uv": [13, 15.22222, 16, 14.22222], "rotation": 90, "texture": "#1"},
        "up": {"uv": [13, 15.22222, 16, 14.22222], "rotation": 90, "texture": "#1"},
        "down": {"uv": [13, 15.22222, 16, 14.22222], "rotation": 90, "texture": "#1"}
      }
    },
    {
      "from": [16.7, 0.025, -14],
      "to": [17.7, 2.975, -11.8],
      "rotation": {"angle": 45, "axis": "y", "origin": [26, 0, 16]},
      "faces": {
        "north": {"uv": [3, 14.0719, 0, 13.0719], "rotation": 90, "texture": "#1"},
        "east": {"uv": [3, 14.0719, 0, 13.0719], "rotation": 90, "texture": "#1"},
        "south": {"uv": [3, 14.0719, 0, 13.0719], "rotation": 90, "texture": "#1"},
        "west": {"uv": [3, 14.0719, 0, 13.0719], "rotation": 90, "texture": "#1"},
        "up": {"uv": [3, 14.0719, 0, 13.0719], "rotation": 90, "texture": "#1"},
        "down": {"uv": [3, 14.0719, 0, 13.0719], "rotation": 90, "texture": "#1"}
      }
    },
    {
      "from": [26, 0, 2],
      "to": [27, 3, 5],
      "faces": {
        "north": {"uv": [0, 0, 3, 1], "rotation": 90, "texture": "#1"},
        "east": {"uv": [0, 0, 3, 1], "rotation": 90, "texture": "#1"},
        "south": {"uv": [0, 0, 3, 1], "rotation": 90, "texture": "#1"},